{"level":"info","message":"SpeyPOS service starting...","timestamp":"2026-07-24T23:30:58.930Z"}
{"level":"info","message":"System lifecycle: Initializing...","timestamp":"2026-07-24T23:30:58.937Z"}
{"level":"info","message":"Initializing database at: C:\\Users\\POS\\speypos-system\\speypos-local\\data\\pos.db","timestamp":"2026-07-24T23:30:58.955Z"}
{"level":"info","message":"Running database migrations...","timestamp":"2026-07-24T23:30:59.041Z"}
{"level":"info","message":"Current database version: 5","timestamp":"2026-07-24T23:30:59.042Z"}
{"level":"info","message":"Migrations are up to date.","timestamp":"2026-07-24T23:30:59.045Z"}
{"level":"info","message":"Database initialized successfully.","timestamp":"2026-07-24T23:30:59.046Z"}
{"level":"info","message":"Initializing store service...","timestamp":"2026-07-24T23:30:59.047Z"}
{"level":"info","message":"Store \"ក្អមកាហ្វេតាខ្មៅ\" loaded successfully.","timestamp":"2026-07-24T23:30:59.049Z"}
{"level":"info","message":"Initializing settings service...","timestamp":"2026-07-24T23:30:59.074Z"}
{"level":"info","message":"Verifying and seeding settings records...","timestamp":"2026-07-24T23:30:59.076Z"}
{"level":"info","message":"Settings loaded. 8 keys in cache.","timestamp":"2026-07-24T23:30:59.081Z"}
{"level":"info","message":"Watchdog: Running startup recovery checks...","timestamp":"2026-07-24T23:30:59.082Z"}
{"level":"info","message":"Watchdog: Recovery checks complete.","timestamp":"2026-07-24T23:30:59.090Z"}
{"level":"info","message":"Server starting in Normal Mode.","timestamp":"2026-07-24T23:30:59.093Z"}
{"level":"info","message":"HTTP server listening on http://localhost:8080","timestamp":"2026-07-24T23:30:59.109Z"}
{"batchSize":20,"level":"info","message":"Starting outbox worker.","mode":"outbox_async","pollIntervalMs":1000,"timestamp":"2026-07-24T23:30:59.116Z"}
{"baseUrl":"https://speypos-cloud-api.ryong.net","businessDate":"2026-07-24","level":"info","message":"Cloud sync starting.","orderCount":13,"shiftId":"8b894da6-bb09-4f08-a67e-39242c9d40eb","storeId":"1","timestamp":"2026-07-24T23:30:59.236Z"}
{"level":"info","message":"System lifecycle: Initialization complete.","timestamp":"2026-07-24T23:30:59.657Z"}
{"level":"info","message":"System initialized successfully.","timestamp":"2026-07-24T23:30:59.659Z"}
{"error":"Validation failed","errorAddress":null,"errorCause":null,"errorCode":"invalid_event_batch","errorErrno":null,"errorName":"Error","errorPort":null,"errorRequestId":"c550d118-6b07-40ed-a7ef-346a405dfae5","errorStack":"Error: Validation failed\n    at postJson (file:///C:/Users/POS/speypos-system/speypos-local/src/services/cloudIngest.service.js:119:25)\n    at process.processTicksAndRejections (node:internal/process/task_queues:95:5)\n    at async uploadOrdersBatch (file:///C:/Users/POS/speypos-system/speypos-local/src/services/cloudIngest.service.js:170:60)\n    at async dispatchCloudFlush (file:///C:/Users/POS/speypos-system/speypos-local/src/services/outbox.dispatchers.js:104:20)\n    at async processBatch (file:///C:/Users/POS/speypos-system/speypos-local/src/services/outbox.worker.js:38:7)\n    at async tick (file:///C:/Users/POS/speypos-system/speypos-local/src/services/outbox.worker.js:73:5)","errorStatus":422,"errorSyscall":null,"errorType":null,"level":"error","message":"Cloud sync failed.","timestamp":"2026-07-24T23:31:00.589Z"}
{"attempts":10,"error":"upload_failed","errorAddress":null,"errorCause":null,"errorCode":null,"errorErrno":null,"errorName":"Error","errorPort":null,"errorRequestId":null,"errorStack":"Error: upload_failed\n    at dispatchCloudFlush (file:///C:/Users/POS/speypos-system/speypos-local/src/services/outbox.dispatchers.js:107:13)\n    at process.processTicksAndRejections (node:internal/process/task_queues:95:5)\n    at async processBatch (file:///C:/Users/POS/speypos-system/speypos-local/src/services/outbox.worker.js:38:7)\n    at async tick (file:///C:/Users/POS/speypos-system/speypos-local/src/services/outbox.worker.js:73:5)","errorStatus":null,"errorSyscall":null,"errorType":null,"eventId":"6afd9ce0-7115-4994-8330-d2a6c74245c3","eventType":"cloud.flush","level":"warn","message":"Outbox event dispatch failed","timestamp":"2026-07-24T23:31:00.593Z"}
{"level":"info","message":"Starting print job for order ID: b8f798ea-280d-4f2b-9612-7b4acb355b84.","status":"completed","timestamp":"2026-07-24T23:50:44.463Z"}
{"copies":[{"count":1,"variant":"INTERNAL"}],"engine":"canvas","level":"info","message":"Printing 1 variants for order b8f798ea-280d-4f2b-9612-7b4acb355b84","timestamp":"2026-07-24T23:50:44.468Z"}
{"level":"info","message":"[canvas] Rendering ESC/POS buffer for variant INTERNAL, order b8f798ea-280d-4f2b-9612-7b4acb355b84.","timestamp":"2026-07-24T23:50:44.471Z"}
{"level":"info","message":"Khmer font registered for canvas renderer.","timestamp":"2026-07-24T23:50:44.477Z"}
{"level":"info","message":"[canvas] Sending copy 1/1 of variant INTERNAL for order b8f798ea-280d-4f2b-9612-7b4acb355b84.","timestamp":"2026-07-24T23:50:44.644Z"}
{"bufferBytes":23340,"level":"info","message":"ESC/POS transport: preparing to send buffer to printer","printerName":"\\\\localhost\\XP80","timestamp":"2026-07-24T23:50:44.645Z"}
{"bufferBytes":23340,"level":"info","message":"ESC/POS transport: buffer sent successfully","printerName":"\\\\localhost\\XP80","timestamp":"2026-07-24T23:50:45.071Z"}
{"level":"info","message":"Print job for order b8f798ea-280d-4f2b-9612-7b4acb355b84 completed and marked as printed.","timestamp":"2026-07-24T23:50:45.073Z"}
{"level":"info","message":"Telegram message sent successfully.","timestamp":"2026-07-24T23:50:46.076Z"}
{"level":"info","message":"Successfully sent and marked Telegram notification for order b8f798ea-280d-4f2b-9612-7b4acb355b84","timestamp":"2026-07-24T23:50:46.077Z"}
{"level":"info","message":"Skipping cloud mini-batch for shift 56ef50c8-9581-4ead-9ea4-2c02d6e15628; below threshold.","timestamp":"2026-07-24T23:50:46.080Z"}
{"level":"info","message":"Starting print job for order ID: 0e2ad3de-f48a-412b-8a54-97ac7251bb6a.","status":"completed","timestamp":"2026-07-24T23:51:35.741Z"}
{"copies":[{"count":1,"variant":"INTERNAL"}],"engine":"canvas","level":"info","message":"Printing 1 variants for order 0e2ad3de-f48a-412b-8a54-97ac7251bb6a","timestamp":"2026-07-24T23:51:35.741Z"}
{"level":"info","message":"[canvas] Rendering ESC/POS buffer for variant INTERNAL, order 0e2ad3de-f48a-412b-8a54-97ac7251bb6a.","timestamp":"2026-07-24T23:51:35.742Z"}
{"level":"info","message":"[canvas] Sending copy 1/1 of variant INTERNAL for order 0e2ad3de-f48a-412b-8a54-97ac7251bb6a.","timestamp":"2026-07-24T23:51:35.763Z"}
{"bufferBytes":23340,"level":"info","message":"ESC/POS transport: preparing to send buffer to printer","printerName":"\\\\localhost\\XP80","timestamp":"2026-07-24T23:51:35.763Z"}
{"bufferBytes":23340,"level":"info","message":"ESC/POS transport: buffer sent successfully","printerName":"\\\\localhost\\XP80","timestamp":"2026-07-24T23:51:36.036Z"}
{"level":"info","message":"Print job for order 0e2ad3de-f48a-412b-8a54-97ac7251bb6a completed and marked as printed.","timestamp":"2026-07-24T23:51:36.037Z"}
{"level":"info","message":"Telegram message sent successfully.","timestamp":"2026-07-24T23:51:37.054Z"}
{"level":"info","message":"Successfully sent and marked Telegram notification for order 0e2ad3de-f48a-412b-8a54-97ac7251bb6a","timestamp":"2026-07-24T23:51:37.055Z"}
{"level":"info","message":"Skipping cloud mini-batch for shift 56ef50c8-9581-4ead-9ea4-2c02d6e15628; below threshold.","timestamp":"2026-07-24T23:51:37.056Z"}
{"level":"info","message":"Starting print job for order ID: 8a1e4d35-eef7-4685-a7ee-0e50ed49f774.","status":"completed","timestamp":"2026-07-24T23:51:42.776Z"}
{"copies":[{"count":1,"variant":"INTERNAL"}],"engine":"canvas","level":"info","message":"Printing 1 variants for order 8a1e4d35-eef7-4685-a7ee-0e50ed49f774","timestamp":"2026-07-24T23:51:42.777Z"}
{"level":"info","message":"[canvas] Rendering ESC/POS buffer for variant INTERNAL, order 8a1e4d35-eef7-4685-a7ee-0e50ed49f774.","timestamp":"2026-07-24T23:51:42.778Z"}
{"level":"info","message":"[canvas] Sending copy 1/1 of variant INTERNAL for order 8a1e4d35-eef7-4685-a7ee-0e50ed49f774.","timestamp":"2026-07-24T23:51:42.811Z"}
{"bufferBytes":27660,"level":"info","message":"ESC/POS transport: preparing to send buffer to printer","printerName":"\\\\localhost\\XP80","timestamp":"2026-07-24T23:51:42.812Z"}
{"bufferBytes":27660,"level":"info","message":"ESC/POS transport: buffer sent successfully","printerName":"\\\\localhost\\XP80","timestamp":"2026-07-24T23:51:43.067Z"}
{"level":"info","message":"Print job for order 8a1e4d35-eef7-4685-a7ee-0e50ed49f774 completed and marked as printed.","timestamp":"2026-07-24T23:51:43.069Z"}
{"level":"info","message":"Telegram message sent successfully.","timestamp":"2026-07-24T23:51:43.955Z"}
{"level":"info","message":"Successfully sent and marked Telegram notification for order 8a1e4d35-eef7-4685-a7ee-0e50ed49f774","timestamp":"2026-07-24T23:51:43.957Z"}
{"level":"info","message":"Skipping cloud mini-batch for shift 56ef50c8-9581-4ead-9ea4-2c02d6e15628; below threshold.","timestamp":"2026-07-24T23:51:43.959Z"}
{"level":"info","message":"Starting print job for order ID: 8944bb1e-3631-45e0-9666-061019b2f0eb.","status":"completed","timestamp":"2026-07-24T23:51:59.857Z"}
{"copies":[{"count":1,"variant":"INTERNAL"}],"engine":"canvas","level":"info","message":"Printing 1 variants for order 8944bb1e-3631-45e0-9666-061019b2f0eb","timestamp":"2026-07-24T23:51:59.858Z"}
{"level":"info","message":"[canvas] Rendering ESC/POS buffer for variant INTERNAL, order 8944bb1e-3631-45e0-9666-061019b2f0eb.","timestamp":"2026-07-24T23:51:59.858Z"}
{"level":"info","message":"[canvas] Sending copy 1/1 of variant INTERNAL for order 8944bb1e-3631-45e0-9666-061019b2f0eb.","timestamp":"2026-07-24T23:51:59.890Z"}
{"bufferBytes":23340,"level":"info","message":"ESC/POS transport: preparing to send buffer to printer","printerName":"\\\\localhost\\XP80","timestamp":"2026-07-24T23:51:59.890Z"}
{"bufferBytes":23340,"level":"info","message":"ESC/POS transport: buffer sent successfully","printerName":"\\\\localhost\\XP80","timestamp":"2026-07-24T23:52:00.148Z"}
{"level":"info","message":"Print job for order 8944bb1e-3631-45e0-9666-061019b2f0eb completed and marked as printed.","timestamp":"2026-07-24T23:52:00.150Z"}
{"level":"info","message":"Telegram message sent successfully.","timestamp":"2026-07-24T23:52:01.104Z"}
{"level":"info","message":"Successfully sent and marked Telegram notification for order 8944bb1e-3631-45e0-9666-061019b2f0eb","timestamp":"2026-07-24T23:52:01.105Z"}
{"level":"info","message":"Skipping cloud mini-batch for shift 56ef50c8-9581-4ead-9ea4-2c02d6e15628; below threshold.","timestamp":"2026-07-24T23:52:01.108Z"}
{"level":"info","message":"Starting print job for order ID: 886ab2e3-4451-44c2-979f-066ebf3fecaa.","status":"completed","timestamp":"2026-07-24T23:54:36.572Z"}
{"copies":[{"count":1,"variant":"INTERNAL"}],"engine":"canvas","level":"info","message":"Printing 1 variants for order 886ab2e3-4451-44c2-979f-066ebf3fecaa","timestamp":"2026-07-24T23:54:36.572Z"}
{"level":"info","message":"[canvas] Rendering ESC/POS buffer for variant INTERNAL, order 886ab2e3-4451-44c2-979f-066ebf3fecaa.","timestamp":"2026-07-24T23:54:36.572Z"}
{"level":"info","message":"[canvas] Sending copy 1/1 of variant INTERNAL for order 886ab2e3-4451-44c2-979f-066ebf3fecaa.","timestamp":"2026-07-24T23:54:36.586Z"}
{"bufferBytes":23340,"level":"info","message":"ESC/POS transport: preparing to send buffer to printer","printerName":"\\\\localhost\\XP80","timestamp":"2026-07-24T23:54:36.586Z"}
{"bufferBytes":23340,"level":"info","message":"ESC/POS transport: buffer sent successfully","printerName":"\\\\localhost\\XP80","timestamp":"2026-07-24T23:54:36.869Z"}
{"level":"info","message":"Print job for order 886ab2e3-4451-44c2-979f-066ebf3fecaa completed and marked as printed.","timestamp":"2026-07-24T23:54:36.871Z"}
{"level":"info","message":"Telegram message sent successfully.","timestamp":"2026-07-24T23:54:37.790Z"}
{"level":"info","message":"Successfully sent and marked Telegram notification for order 886ab2e3-4451-44c2-979f-066ebf3fecaa","timestamp":"2026-07-24T23:54:37.792Z"}
{"level":"info","message":"Skipping cloud mini-batch for shift 56ef50c8-9581-4ead-9ea4-2c02d6e15628; below threshold.","timestamp":"2026-07-24T23:54:37.794Z"}
{"level":"info","message":"Starting print job for order ID: db454603-024e-4f9c-9e1c-039e0dc06a86.","status":"completed","timestamp":"2026-07-25T00:01:56.265Z"}
{"copies":[{"count":1,"variant":"INTERNAL"}],"engine":"canvas","level":"info","message":"Printing 1 variants for order db454603-024e-4f9c-9e1c-039e0dc06a86","timestamp":"2026-07-25T00:01:56.266Z"}
{"level":"info","message":"[canvas] Rendering ESC/POS buffer for variant INTERNAL, order db454603-024e-4f9c-9e1c-039e0dc06a86.","timestamp":"2026-07-25T00:01:56.266Z"}
{"level":"info","message":"[canvas] Sending copy 1/1 of variant INTERNAL for order db454603-024e-4f9c-9e1c-039e0dc06a86.","timestamp":"2026-07-25T00:01:56.280Z"}
{"bufferBytes":23340,"level":"info","message":"ESC/POS transport: preparing to send buffer to printer","printerName":"\\\\localhost\\XP80","timestamp":"2026-07-25T00:01:56.280Z"}
{"bufferBytes":23340,"level":"info","message":"ESC/POS transport: buffer sent successfully","printerName":"\\\\localhost\\XP80","timestamp":"2026-07-25T00:01:56.587Z"}
{"level":"info","message":"Print job for order db454603-024e-4f9c-9e1c-039e0dc06a86 completed and marked as printed.","timestamp":"2026-07-25T00:01:56.589Z"}
{"level":"info","message":"Telegram message sent successfully.","timestamp":"2026-07-25T00:01:57.531Z"}
{"level":"info","message":"Successfully sent and marked Telegram notification for order db454603-024e-4f9c-9e1c-039e0dc06a86","timestamp":"2026-07-25T00:01:57.532Z"}
{"level":"info","message":"Skipping cloud mini-batch for shift 56ef50c8-9581-4ead-9ea4-2c02d6e15628; below threshold.","timestamp":"2026-07-25T00:01:57.534Z"}
{"level":"info","message":"Starting print job for order ID: e6bcb2f8-90ac-4b60-a19c-ba0457fa0a96.","status":"completed","timestamp":"2026-07-25T00:08:15.784Z"}
{"copies":[{"count":1,"variant":"INTERNAL"}],"engine":"canvas","level":"info","message":"Printing 1 variants for order e6bcb2f8-90ac-4b60-a19c-ba0457fa0a96","timestamp":"2026-07-25T00:08:15.785Z"}
{"level":"info","message":"[canvas] Rendering ESC/POS buffer for variant INTERNAL, order e6bcb2f8-90ac-4b60-a19c-ba0457fa0a96.","timestamp":"2026-07-25T00:08:15.785Z"}
{"level":"info","message":"[canvas] Sending copy 1/1 of variant INTERNAL for order e6bcb2f8-90ac-4b60-a19c-ba0457fa0a96.","timestamp":"2026-07-25T00:08:15.807Z"}
{"bufferBytes":23340,"level":"info","message":"ESC/POS transport: preparing to send buffer to printer","printerName":"\\\\localhost\\XP80","timestamp":"2026-07-25T00:08:15.807Z"}
{"bufferBytes":23340,"level":"info","message":"ESC/POS transport: buffer sent successfully","printerName":"\\\\localhost\\XP80","timestamp":"2026-07-25T00:08:16.088Z"}
{"level":"info","message":"Print job for order e6bcb2f8-90ac-4b60-a19c-ba0457fa0a96 completed and marked as printed.","timestamp":"2026-07-25T00:08:16.089Z"}
{"level":"info","message":"Skipping cloud mini-batch for shift 56ef50c8-9581-4ead-9ea4-2c02d6e15628; below threshold.","timestamp":"2026-07-25T00:08:16.091Z"}
{"level":"info","message":"Telegram message sent successfully.","timestamp":"2026-07-25T00:08:17.251Z"}
{"level":"info","message":"Successfully sent and marked Telegram notification for order e6bcb2f8-90ac-4b60-a19c-ba0457fa0a96","timestamp":"2026-07-25T00:08:17.252Z"}
{"level":"info","message":"Starting print job for order ID: af9fd7a0-dfb9-4faf-93be-11df855733a3.","status":"completed","timestamp":"2026-07-25T00:15:50.645Z"}
{"copies":[{"count":1,"variant":"INTERNAL"}],"engine":"canvas","level":"info","message":"Printing 1 variants for order af9fd7a0-dfb9-4faf-93be-11df855733a3","timestamp":"2026-07-25T00:15:50.646Z"}
{"level":"info","message":"[canvas] Rendering ESC/POS buffer for variant INTERNAL, order af9fd7a0-dfb9-4faf-93be-11df855733a3.","timestamp":"2026-07-25T00:15:50.647Z"}
{"level":"info","message":"[canvas] Sending copy 1/1 of variant INTERNAL for order af9fd7a0-dfb9-4faf-93be-11df855733a3.","timestamp":"2026-07-25T00:15:50.670Z"}
{"bufferBytes":23340,"level":"info","message":"ESC/POS transport: preparing to send buffer to printer","printerName":"\\\\localhost\\XP80","timestamp":"2026-07-25T00:15:50.670Z"}
{"bufferBytes":23340,"level":"info","message":"ESC/POS transport: buffer sent successfully","printerName":"\\\\localhost\\XP80","timestamp":"2026-07-25T00:15:50.932Z"}
{"level":"info","message":"Print job for order af9fd7a0-dfb9-4faf-93be-11df855733a3 completed and marked as printed.","timestamp":"2026-07-25T00:15:50.933Z"}
{"level":"info","message":"Telegram message sent successfully.","timestamp":"2026-07-25T00:15:51.885Z"}
{"level":"info","message":"Successfully sent and marked Telegram notification for order af9fd7a0-dfb9-4faf-93be-11df855733a3","timestamp":"2026-07-25T00:15:51.887Z"}
{"level":"info","message":"Skipping cloud mini-batch for shift 56ef50c8-9581-4ead-9ea4-2c02d6e15628; below threshold.","timestamp":"2026-07-25T00:15:51.890Z"}
{"level":"info","message":"Starting print job for order ID: 5bbb737b-c6a5-4103-bf2b-e343aa31c540.","status":"completed","timestamp":"2026-07-25T00:21:27.068Z"}
{"copies":[{"count":1,"variant":"INTERNAL"}],"engine":"canvas","level":"info","message":"Printing 1 variants for order 5bbb737b-c6a5-4103-bf2b-e343aa31c540","timestamp":"2026-07-25T00:21:27.069Z"}
{"level":"info","message":"[canvas] Rendering ESC/POS buffer for variant INTERNAL, order 5bbb737b-c6a5-4103-bf2b-e343aa31c540.","timestamp":"2026-07-25T00:21:27.070Z"}
{"level":"info","message":"[canvas] Sending copy 1/1 of variant INTERNAL for order 5bbb737b-c6a5-4103-bf2b-e343aa31c540.","timestamp":"2026-07-25T00:21:27.099Z"}
{"bufferBytes":23340,"level":"info","message":"ESC/POS transport: preparing to send buffer to printer","printerName":"\\\\localhost\\XP80","timestamp":"2026-07-25T00:21:27.099Z"}
{"bufferBytes":23340,"level":"info","message":"ESC/POS transport: buffer sent successfully","printerName":"\\\\localhost\\XP80","timestamp":"2026-07-25T00:21:27.352Z"}
{"level":"info","message":"Print job for order 5bbb737b-c6a5-4103-bf2b-e343aa31c540 completed and marked as printed.","timestamp":"2026-07-25T00:21:27.353Z"}
{"level":"info","message":"Telegram message sent successfully.","timestamp":"2026-07-25T00:21:28.262Z"}
{"level":"info","message":"Successfully sent and marked Telegram notification for order 5bbb737b-c6a5-4103-bf2b-e343aa31c540","timestamp":"2026-07-25T00:21:28.263Z"}
{"level":"info","message":"Skipping cloud mini-batch for shift 56ef50c8-9581-4ead-9ea4-2c02d6e15628; below threshold.","timestamp":"2026-07-25T00:21:28.266Z"}
{"level":"info","message":"Starting print job for order ID: 888ca71d-891d-4823-b33d-90f0c8ca7302.","status":"completed","timestamp":"2026-07-25T00:24:47.766Z"}
{"copies":[{"count":1,"variant":"INTERNAL"}],"engine":"canvas","level":"info","message":"Printing 1 variants for order 888ca71d-891d-4823-b33d-90f0c8ca7302","timestamp":"2026-07-25T00:24:47.767Z"}
{"level":"info","message":"[canvas] Rendering ESC/POS buffer for variant INTERNAL, order 888ca71d-891d-4823-b33d-90f0c8ca7302.","timestamp":"2026-07-25T00:24:47.767Z"}
{"level":"info","message":"[canvas] Sending copy 1/1 of variant INTERNAL for order 888ca71d-891d-4823-b33d-90f0c8ca7302.","timestamp":"2026-07-25T00:24:47.797Z"}
{"bufferBytes":23340,"level":"info","message":"ESC/POS transport: preparing to send buffer to printer","printerName":"\\\\localhost\\XP80","timestamp":"2026-07-25T00:24:47.797Z"}
{"bufferBytes":23340,"level":"info","message":"ESC/POS transport: buffer sent successfully","printerName":"\\\\localhost\\XP80","timestamp":"2026-07-25T00:24:48.058Z"}
{"level":"info","message":"Print job for order 888ca71d-891d-4823-b33d-90f0c8ca7302 completed and marked as printed.","timestamp":"2026-07-25T00:24:48.059Z"}
{"level":"info","message":"Telegram message sent successfully.","timestamp":"2026-07-25T00:24:49.112Z"}
{"level":"info","message":"Successfully sent and marked Telegram notification for order 888ca71d-891d-4823-b33d-90f0c8ca7302","timestamp":"2026-07-25T00:24:49.112Z"}
{"level":"info","message":"Skipping cloud mini-batch for shift 56ef50c8-9581-4ead-9ea4-2c02d6e15628; below threshold.","timestamp":"2026-07-25T00:24:49.113Z"}
{"level":"info","message":"Starting print job for order ID: a047ac81-7b44-49cb-a552-74639616b5c6.","status":"completed","timestamp":"2026-07-25T00:24:51.797Z"}
{"copies":[{"count":1,"variant":"INTERNAL"}],"engine":"canvas","level":"info","message":"Printing 1 variants for order a047ac81-7b44-49cb-a552-74639616b5c6","timestamp":"2026-07-25T00:24:51.798Z"}
{"level":"info","message":"[canvas] Rendering ESC/POS buffer for variant INTERNAL, order a047ac81-7b44-49cb-a552-74639616b5c6.","timestamp":"2026-07-25T00:24:51.798Z"}
{"level":"info","message":"[canvas] Sending copy 1/1 of variant INTERNAL for order a047ac81-7b44-49cb-a552-74639616b5c6.","timestamp":"2026-07-25T00:24:51.823Z"}
{"bufferBytes":23340,"level":"info","message":"ESC/POS transport: preparing to send buffer to printer","printerName":"\\\\localhost\\XP80","timestamp":"2026-07-25T00:24:51.824Z"}
{"bufferBytes":23340,"level":"info","message":"ESC/POS transport: buffer sent successfully","printerName":"\\\\localhost\\XP80","timestamp":"2026-07-25T00:24:52.063Z"}
{"level":"info","message":"Print job for order a047ac81-7b44-49cb-a552-74639616b5c6 completed and marked as printed.","timestamp":"2026-07-25T00:24:52.064Z"}
{"level":"info","message":"Telegram message sent successfully.","timestamp":"2026-07-25T00:24:52.550Z"}
{"level":"info","message":"Successfully sent and marked Telegram notification for order a047ac81-7b44-49cb-a552-74639616b5c6","timestamp":"2026-07-25T00:24:52.551Z"}
{"level":"info","message":"Skipping cloud mini-batch for shift 56ef50c8-9581-4ead-9ea4-2c02d6e15628; below threshold.","timestamp":"2026-07-25T00:24:52.553Z"}
{"level":"info","message":"Starting print job for order ID: 530919c9-8e08-47a5-aea6-281b89952cd3.","status":"completed","timestamp":"2026-07-25T00:29:36.202Z"}
{"copies":[{"count":1,"variant":"INTERNAL"}],"engine":"canvas","level":"info","message":"Printing 1 variants for order 530919c9-8e08-47a5-aea6-281b89952cd3","timestamp":"2026-07-25T00:29:36.202Z"}
{"level":"info","message":"[canvas] Rendering ESC/POS buffer for variant INTERNAL, order 530919c9-8e08-47a5-aea6-281b89952cd3.","timestamp":"2026-07-25T00:29:36.202Z"}
{"level":"info","message":"[canvas] Sending copy 1/1 of variant INTERNAL for order 530919c9-8e08-47a5-aea6-281b89952cd3.","timestamp":"2026-07-25T00:29:36.214Z"}
{"bufferBytes":23340,"level":"info","message":"ESC/POS transport: preparing to send buffer to printer","printerName":"\\\\localhost\\XP80","timestamp":"2026-07-25T00:29:36.215Z"}
{"bufferBytes":23340,"level":"info","message":"ESC/POS transport: buffer sent successfully","printerName":"\\\\localhost\\XP80","timestamp":"2026-07-25T00:29:36.494Z"}
{"level":"info","message":"Print job for order 530919c9-8e08-47a5-aea6-281b89952cd3 completed and marked as printed.","timestamp":"2026-07-25T00:29:36.496Z"}
{"level":"info","message":"Telegram message sent successfully.","timestamp":"2026-07-25T00:29:37.467Z"}
{"level":"info","message":"Successfully sent and marked Telegram notification for order 530919c9-8e08-47a5-aea6-281b89952cd3","timestamp":"2026-07-25T00:29:37.469Z"}
{"level":"info","message":"Skipping cloud mini-batch for shift 56ef50c8-9581-4ead-9ea4-2c02d6e15628; below threshold.","timestamp":"2026-07-25T00:29:37.470Z"}
{"level":"info","message":"Starting print job for order ID: ed2d3813-e94f-4aa6-b440-c549ea53c7a2.","status":"completed","timestamp":"2026-07-25T00:41:25.063Z"}
{"copies":[{"count":1,"variant":"INTERNAL"}],"engine":"canvas","level":"info","message":"Printing 1 variants for order ed2d3813-e94f-4aa6-b440-c549ea53c7a2","timestamp":"2026-07-25T00:41:25.064Z"}
{"level":"info","message":"[canvas] Rendering ESC/POS buffer for variant INTERNAL, order ed2d3813-e94f-4aa6-b440-c549ea53c7a2.","timestamp":"2026-07-25T00:41:25.065Z"}
{"level":"info","message":"[canvas] Sending copy 1/1 of variant INTERNAL for order ed2d3813-e94f-4aa6-b440-c549ea53c7a2.","timestamp":"2026-07-25T00:41:25.114Z"}
{"bufferBytes":23340,"level":"info","message":"ESC/POS transport: preparing to send buffer to printer","printerName":"\\\\localhost\\XP80","timestamp":"2026-07-25T00:41:25.115Z"}
{"bufferBytes":23340,"level":"info","message":"ESC/POS transport: buffer sent successfully","printerName":"\\\\localhost\\XP80","timestamp":"2026-07-25T00:41:25.379Z"}
{"level":"info","message":"Print job for order ed2d3813-e94f-4aa6-b440-c549ea53c7a2 completed and marked as printed.","timestamp":"2026-07-25T00:41:25.381Z"}
{"level":"info","message":"Telegram message sent successfully.","timestamp":"2026-07-25T00:41:26.354Z"}
{"level":"info","message":"Successfully sent and marked Telegram notification for order ed2d3813-e94f-4aa6-b440-c549ea53c7a2","timestamp":"2026-07-25T00:41:26.355Z"}
{"level":"info","message":"Skipping cloud mini-batch for shift 56ef50c8-9581-4ead-9ea4-2c02d6e15628; below threshold.","timestamp":"2026-07-25T00:41:26.357Z"}
{"level":"info","message":"Starting print job for order ID: a818da2b-131b-4541-ad84-b5d259d7e564.","status":"completed","timestamp":"2026-07-25T00:42:55.506Z"}
{"copies":[{"count":1,"variant":"INTERNAL"}],"engine":"canvas","level":"info","message":"Printing 1 variants for order a818da2b-131b-4541-ad84-b5d259d7e564","timestamp":"2026-07-25T00:42:55.507Z"}
{"level":"info","message":"[canvas] Rendering ESC/POS buffer for variant INTERNAL, order a818da2b-131b-4541-ad84-b5d259d7e564.","timestamp":"2026-07-25T00:42:55.507Z"}
{"level":"info","message":"[canvas] Sending copy 1/1 of variant INTERNAL for order a818da2b-131b-4541-ad84-b5d259d7e564.","timestamp":"2026-07-25T00:42:55.535Z"}
{"bufferBytes":23340,"level":"info","message":"ESC/POS transport: preparing to send buffer to printer","printerName":"\\\\localhost\\XP80","timestamp":"2026-07-25T00:42:55.535Z"}
{"bufferBytes":23340,"level":"info","message":"ESC/POS transport: buffer sent successfully","printerName":"\\\\localhost\\XP80","timestamp":"2026-07-25T00:42:55.806Z"}
{"level":"info","message":"Print job for order a818da2b-131b-4541-ad84-b5d259d7e564 completed and marked as printed.","timestamp":"2026-07-25T00:42:55.808Z"}
{"level":"info","message":"Telegram message sent successfully.","timestamp":"2026-07-25T00:42:56.695Z"}
{"level":"info","message":"Successfully sent and marked Telegram notification for order a818da2b-131b-4541-ad84-b5d259d7e564","timestamp":"2026-07-25T00:42:56.696Z"}
{"level":"info","message":"Skipping cloud mini-batch for shift 56ef50c8-9581-4ead-9ea4-2c02d6e15628; below threshold.","timestamp":"2026-07-25T00:42:56.698Z"}
{"level":"info","message":"Starting print job for order ID: eecfe7cd-4e0f-4a24-a321-b3d1928f8977.","status":"completed","timestamp":"2026-07-25T00:45:50.204Z"}
{"copies":[{"count":1,"variant":"INTERNAL"}],"engine":"canvas","level":"info","message":"Printing 1 variants for order eecfe7cd-4e0f-4a24-a321-b3d1928f8977","timestamp":"2026-07-25T00:45:50.205Z"}
{"level":"info","message":"[canvas] Rendering ESC/POS buffer for variant INTERNAL, order eecfe7cd-4e0f-4a24-a321-b3d1928f8977.","timestamp":"2026-07-25T00:45:50.205Z"}
{"level":"info","message":"[canvas] Sending copy 1/1 of variant INTERNAL for order eecfe7cd-4e0f-4a24-a321-b3d1928f8977.","timestamp":"2026-07-25T00:45:50.231Z"}
{"bufferBytes":23340,"level":"info","message":"ESC/POS transport: preparing to send buffer to printer","printerName":"\\\\localhost\\XP80","timestamp":"2026-07-25T00:45:50.231Z"}
{"bufferBytes":23340,"level":"info","message":"ESC/POS transport: buffer sent successfully","printerName":"\\\\localhost\\XP80","timestamp":"2026-07-25T00:45:50.513Z"}
{"level":"info","message":"Print job for order eecfe7cd-4e0f-4a24-a321-b3d1928f8977 completed and marked as printed.","timestamp":"2026-07-25T00:45:50.515Z"}
{"level":"info","message":"Telegram message sent successfully.","timestamp":"2026-07-25T00:45:51.463Z"}
{"level":"info","message":"Successfully sent and marked Telegram notification for order eecfe7cd-4e0f-4a24-a321-b3d1928f8977","timestamp":"2026-07-25T00:45:51.464Z"}
{"level":"info","message":"Skipping cloud mini-batch for shift 56ef50c8-9581-4ead-9ea4-2c02d6e15628; below threshold.","timestamp":"2026-07-25T00:45:51.465Z"}
{"level":"info","message":"Starting print job for order ID: 75f61681-b9c5-46b7-bfda-2a298c6b81c6.","status":"completed","timestamp":"2026-07-25T00:51:49.699Z"}
{"copies":[{"count":1,"variant":"INTERNAL"}],"engine":"canvas","level":"info","message":"Printing 1 variants for order 75f61681-b9c5-46b7-bfda-2a298c6b81c6","timestamp":"2026-07-25T00:51:49.700Z"}
{"level":"info","message":"[canvas] Rendering ESC/POS buffer for variant INTERNAL, order 75f61681-b9c5-46b7-bfda-2a298c6b81c6.","timestamp":"2026-07-25T00:51:49.700Z"}
{"level":"info","message":"[canvas] Sending copy 1/1 of variant INTERNAL for order 75f61681-b9c5-46b7-bfda-2a298c6b81c6.","timestamp":"2026-07-25T00:51:49.712Z"}
{"bufferBytes":23340,"level":"info","message":"ESC/POS transport: preparing to send buffer to printer","printerName":"\\\\localhost\\XP80","timestamp":"2026-07-25T00:51:49.714Z"}
{"bufferBytes":23340,"level":"info","message":"ESC/POS transport: buffer sent successfully","printerName":"\\\\localhost\\XP80","timestamp":"2026-07-25T00:51:49.991Z"}
{"level":"info","message":"Print job for order 75f61681-b9c5-46b7-bfda-2a298c6b81c6 completed and marked as printed.","timestamp":"2026-07-25T00:51:49.992Z"}
{"level":"info","message":"Telegram message sent successfully.","timestamp":"2026-07-25T00:51:50.983Z"}
{"level":"info","message":"Successfully sent and marked Telegram notification for order 75f61681-b9c5-46b7-bfda-2a298c6b81c6","timestamp":"2026-07-25T00:51:50.985Z"}
{"level":"info","message":"Skipping cloud mini-batch for shift 56ef50c8-9581-4ead-9ea4-2c02d6e15628; below threshold.","timestamp":"2026-07-25T00:51:50.986Z"}
{"level":"info","message":"Starting print job for order ID: b675e246-ad1a-4f5a-993f-b1c4fc1d7cb7.","status":"completed","timestamp":"2026-07-25T00:56:10.648Z"}
{"copies":[{"count":1,"variant":"INTERNAL"}],"engine":"canvas","level":"info","message":"Printing 1 variants for order b675e246-ad1a-4f5a-993f-b1c4fc1d7cb7","timestamp":"2026-07-25T00:56:10.649Z"}
{"level":"info","message":"[canvas] Rendering ESC/POS buffer for variant INTERNAL, order b675e246-ad1a-4f5a-993f-b1c4fc1d7cb7.","timestamp":"2026-07-25T00:56:10.650Z"}
{"level":"info","message":"[canvas] Sending copy 1/1 of variant INTERNAL for order b675e246-ad1a-4f5a-993f-b1c4fc1d7cb7.","timestamp":"2026-07-25T00:56:10.667Z"}
{"bufferBytes":23340,"level":"info","message":"ESC/POS transport: preparing to send buffer to printer","printerName":"\\\\localhost\\XP80","timestamp":"2026-07-25T00:56:10.668Z"}
{"bufferBytes":23340,"level":"info","message":"ESC/POS transport: buffer sent successfully","printerName":"\\\\localhost\\XP80","timestamp":"2026-07-25T00:56:10.959Z"}
{"level":"info","message":"Print job for order b675e246-ad1a-4f5a-993f-b1c4fc1d7cb7 completed and marked as printed.","timestamp":"2026-07-25T00:56:10.959Z"}
{"level":"info","message":"Telegram message sent successfully.","timestamp":"2026-07-25T00:56:11.949Z"}
{"level":"info","message":"Successfully sent and marked Telegram notification for order b675e246-ad1a-4f5a-993f-b1c4fc1d7cb7","timestamp":"2026-07-25T00:56:11.950Z"}
{"level":"info","message":"Skipping cloud mini-batch for shift 56ef50c8-9581-4ead-9ea4-2c02d6e15628; below threshold.","timestamp":"2026-07-25T00:56:11.951Z"}
{"level":"info","message":"Starting print job for order ID: 64ffd409-f718-4160-b12e-ea971597a8b1.","status":"completed","timestamp":"2026-07-25T00:59:07.409Z"}
{"copies":[{"count":1,"variant":"INTERNAL"}],"engine":"canvas","level":"info","message":"Printing 1 variants for order 64ffd409-f718-4160-b12e-ea971597a8b1","timestamp":"2026-07-25T00:59:07.411Z"}
{"level":"info","message":"[canvas] Rendering ESC/POS buffer for variant INTERNAL, order 64ffd409-f718-4160-b12e-ea971597a8b1.","timestamp":"2026-07-25T00:59:07.411Z"}
{"level":"info","message":"[canvas] Sending copy 1/1 of variant INTERNAL for order 64ffd409-f718-4160-b12e-ea971597a8b1.","timestamp":"2026-07-25T00:59:07.429Z"}
{"bufferBytes":31980,"level":"info","message":"ESC/POS transport: preparing to send buffer to printer","printerName":"\\\\localhost\\XP80","timestamp":"2026-07-25T00:59:07.429Z"}
{"bufferBytes":31980,"level":"info","message":"ESC/POS transport: buffer sent successfully","printerName":"\\\\localhost\\XP80","timestamp":"2026-07-25T00:59:07.706Z"}
{"level":"info","message":"Print job for order 64ffd409-f718-4160-b12e-ea971597a8b1 completed and marked as printed.","timestamp":"2026-07-25T00:59:07.708Z"}
{"level":"info","message":"Telegram message sent successfully.","timestamp":"2026-07-25T00:59:08.603Z"}
{"level":"info","message":"Successfully sent and marked Telegram notification for order 64ffd409-f718-4160-b12e-ea971597a8b1","timestamp":"2026-07-25T00:59:08.604Z"}
{"level":"info","message":"Skipping cloud mini-batch for shift 56ef50c8-9581-4ead-9ea4-2c02d6e15628; below threshold.","timestamp":"2026-07-25T00:59:08.606Z"}
{"level":"info","message":"Starting print job for order ID: 8e3f4fa5-5557-4ddf-a6a0-ef09e56e9bed.","status":"completed","timestamp":"2026-07-25T01:00:13.693Z"}
{"copies":[{"count":1,"variant":"INTERNAL"}],"engine":"canvas","level":"info","message":"Printing 1 variants for order 8e3f4fa5-5557-4ddf-a6a0-ef09e56e9bed","timestamp":"2026-07-25T01:00:13.694Z"}
{"level":"info","message":"[canvas] Rendering ESC/POS buffer for variant INTERNAL, order 8e3f4fa5-5557-4ddf-a6a0-ef09e56e9bed.","timestamp":"2026-07-25T01:00:13.694Z"}
{"level":"info","message":"[canvas] Sending copy 1/1 of variant INTERNAL for order 8e3f4fa5-5557-4ddf-a6a0-ef09e56e9bed.","timestamp":"2026-07-25T01:00:13.724Z"}
{"bufferBytes":23340,"level":"info","message":"ESC/POS transport: preparing to send buffer to printer","printerName":"\\\\localhost\\XP80","timestamp":"2026-07-25T01:00:13.724Z"}
{"bufferBytes":23340,"level":"info","message":"ESC/POS transport: buffer sent successfully","printerName":"\\\\localhost\\XP80","timestamp":"2026-07-25T01:00:13.999Z"}
{"level":"info","message":"Print job for order 8e3f4fa5-5557-4ddf-a6a0-ef09e56e9bed completed and marked as printed.","timestamp":"2026-07-25T01:00:14.000Z"}
{"level":"info","message":"Telegram message sent successfully.","timestamp":"2026-07-25T01:00:14.980Z"}
{"level":"info","message":"Successfully sent and marked Telegram notification for order 8e3f4fa5-5557-4ddf-a6a0-ef09e56e9bed","timestamp":"2026-07-25T01:00:14.981Z"}
{"level":"info","message":"Skipping cloud mini-batch for shift 56ef50c8-9581-4ead-9ea4-2c02d6e15628; below threshold.","timestamp":"2026-07-25T01:00:14.982Z"}
{"level":"info","message":"Starting print job for order ID: 9abc9afb-7f8f-4409-b224-41c6fce84965.","status":"completed","timestamp":"2026-07-25T01:18:09.247Z"}
{"copies":[{"count":1,"variant":"INTERNAL"}],"engine":"canvas","level":"info","message":"Printing 1 variants for order 9abc9afb-7f8f-4409-b224-41c6fce84965","timestamp":"2026-07-25T01:18:09.247Z"}
{"level":"info","message":"[canvas] Rendering ESC/POS buffer for variant INTERNAL, order 9abc9afb-7f8f-4409-b224-41c6fce84965.","timestamp":"2026-07-25T01:18:09.248Z"}
{"level":"info","message":"[canvas] Sending copy 1/1 of variant INTERNAL for order 9abc9afb-7f8f-4409-b224-41c6fce84965.","timestamp":"2026-07-25T01:18:09.259Z"}
{"bufferBytes":23340,"level":"info","message":"ESC/POS transport: preparing to send buffer to printer","printerName":"\\\\localhost\\XP80","timestamp":"2026-07-25T01:18:09.260Z"}
{"bufferBytes":23340,"level":"info","message":"ESC/POS transport: buffer sent successfully","printerName":"\\\\localhost\\XP80","timestamp":"2026-07-25T01:18:09.553Z"}
{"level":"info","message":"Print job for order 9abc9afb-7f8f-4409-b224-41c6fce84965 completed and marked as printed.","timestamp":"2026-07-25T01:18:09.554Z"}
{"level":"info","message":"Telegram message sent successfully.","timestamp":"2026-07-25T01:18:10.756Z"}
{"level":"info","message":"Successfully sent and marked Telegram notification for order 9abc9afb-7f8f-4409-b224-41c6fce84965","timestamp":"2026-07-25T01:18:10.758Z"}
{"baseUrl":"https://speypos-cloud-api.ryong.net","businessDate":"2026-07-25","level":"info","message":"Cloud sync starting.","orderCount":20,"shiftId":"56ef50c8-9581-4ead-9ea4-2c02d6e15628","storeId":"1","timestamp":"2026-07-25T01:18:10.816Z"}
{"error":"Validation failed","errorAddress":null,"errorCause":null,"errorCode":"invalid_event_batch","errorErrno":null,"errorName":"Error","errorPort":null,"errorRequestId":"de042576-15af-485c-8bd4-7ac9fb4e0142","errorStack":"Error: Validation failed\n    at postJson (file:///C:/Users/POS/speypos-system/speypos-local/src/services/cloudIngest.service.js:119:25)\n    at process.processTicksAndRejections (node:internal/process/task_queues:95:5)\n    at async uploadOrdersBatch (file:///C:/Users/POS/speypos-system/speypos-local/src/services/cloudIngest.service.js:170:60)\n    at async dispatchCloudMiniBatch (file:///C:/Users/POS/speypos-system/speypos-local/src/services/outbox.dispatchers.js:75:18)\n    at async processBatch (file:///C:/Users/POS/speypos-system/speypos-local/src/services/outbox.worker.js:38:7)\n    at async tick (file:///C:/Users/POS/speypos-system/speypos-local/src/services/outbox.worker.js:73:5)","errorStatus":422,"errorSyscall":null,"errorType":null,"level":"error","message":"Cloud sync failed.","timestamp":"2026-07-25T01:18:11.096Z"}
{"attempts":1,"error":"upload_failed","errorAddress":null,"errorCause":null,"errorCode":null,"errorErrno":null,"errorName":"Error","errorPort":null,"errorRequestId":null,"errorStack":"Error: upload_failed\n    at dispatchCloudMiniBatch (file:///C:/Users/POS/speypos-system/speypos-local/src/services/outbox.dispatchers.js:78:11)\n    at process.processTicksAndRejections (node:internal/process/task_queues:95:5)\n    at async processBatch (file:///C:/Users/POS/speypos-system/speypos-local/src/services/outbox.worker.js:38:7)\n    at async tick (file:///C:/Users/POS/speypos-system/speypos-local/src/services/outbox.worker.js:73:5)","errorStatus":null,"errorSyscall":null,"errorType":null,"eventId":"65f80b93-36f6-461e-88f5-c3a05dae5b70","eventType":"cloud.mini_batch","level":"warn","message":"Outbox event dispatch failed","timestamp":"2026-07-25T01:18:11.099Z"}
{"baseUrl":"https://speypos-cloud-api.ryong.net","businessDate":"2026-07-25","level":"info","message":"Cloud sync starting.","orderCount":20,"shiftId":"56ef50c8-9581-4ead-9ea4-2c02d6e15628","storeId":"1","timestamp":"2026-07-25T01:18:13.340Z"}
{"error":"Validation failed","errorAddress":null,"errorCause":null,"errorCode":"invalid_event_batch","errorErrno":null,"errorName":"Error","errorPort":null,"errorRequestId":"790484c1-ee96-4d47-ad1d-37df277606c3","errorStack":"Error: Validation failed\n    at postJson (file:///C:/Users/POS/speypos-system/speypos-local/src/services/cloudIngest.service.js:119:25)\n    at process.processTicksAndRejections (node:internal/process/task_queues:95:5)\n    at async uploadOrdersBatch (file:///C:/Users/POS/speypos-system/speypos-local/src/services/cloudIngest.service.js:170:60)\n    at async dispatchCloudMiniBatch (file:///C:/Users/POS/speypos-system/speypos-local/src/services/outbox.dispatchers.js:75:18)\n    at async processBatch (file:///C:/Users/POS/speypos-system/speypos-local/src/services/outbox.worker.js:38:7)\n    at async tick (file:///C:/Users/POS/speypos-system/speypos-local/src/services/outbox.worker.js:73:5)","errorStatus":422,"errorSyscall":null,"errorType":null,"level":"error","message":"Cloud sync failed.","timestamp":"2026-07-25T01:18:13.412Z"}
{"attempts":2,"error":"upload_failed","errorAddress":null,"errorCause":null,"errorCode":null,"errorErrno":null,"errorName":"Error","errorPort":null,"errorRequestId":null,"errorStack":"Error: upload_failed\n    at dispatchCloudMiniBatch (file:///C:/Users/POS/speypos-system/speypos-local/src/services/outbox.dispatchers.js:78:11)\n    at process.processTicksAndRejections (node:internal/process/task_queues:95:5)\n    at async processBatch (file:///C:/Users/POS/speypos-system/speypos-local/src/services/outbox.worker.js:38:7)\n    at async tick (file:///C:/Users/POS/speypos-system/speypos-local/src/services/outbox.worker.js:73:5)","errorStatus":null,"errorSyscall":null,"errorType":null,"eventId":"65f80b93-36f6-461e-88f5-c3a05dae5b70","eventType":"cloud.mini_batch","level":"warn","message":"Outbox event dispatch failed","timestamp":"2026-07-25T01:18:13.413Z"}
{"baseUrl":"https://speypos-cloud-api.ryong.net","businessDate":"2026-07-25","level":"info","message":"Cloud sync starting.","orderCount":20,"shiftId":"56ef50c8-9581-4ead-9ea4-2c02d6e15628","storeId":"1","timestamp":"2026-07-25T01:18:16.368Z"}
{"error":"Validation failed","errorAddress":null,"errorCause":null,"errorCode":"invalid_event_batch","errorErrno":null,"errorName":"Error","errorPort":null,"errorRequestId":"3e551030-e0e0-439a-a78e-ab8a2514ef9a","errorStack":"Error: Validation failed\n    at postJson (file:///C:/Users/POS/speypos-system/speypos-local/src/services/cloudIngest.service.js:119:25)\n    at process.processTicksAndRejections (node:internal/process/task_queues:95:5)\n    at async uploadOrdersBatch (file:///C:/Users/POS/speypos-system/speypos-local/src/services/cloudIngest.service.js:170:60)\n    at async dispatchCloudMiniBatch (file:///C:/Users/POS/speypos-system/speypos-local/src/services/outbox.dispatchers.js:75:18)\n    at async processBatch (file:///C:/Users/POS/speypos-system/speypos-local/src/services/outbox.worker.js:38:7)\n    at async tick (file:///C:/Users/POS/speypos-system/speypos-local/src/services/outbox.worker.js:73:5)","errorStatus":422,"errorSyscall":null,"errorType":null,"level":"error","message":"Cloud sync failed.","timestamp":"2026-07-25T01:18:16.445Z"}
{"attempts":3,"error":"upload_failed","errorAddress":null,"errorCause":null,"errorCode":null,"errorErrno":null,"errorName":"Error","errorPort":null,"errorRequestId":null,"errorStack":"Error: upload_failed\n    at dispatchCloudMiniBatch (file:///C:/Users/POS/speypos-system/speypos-local/src/services/outbox.dispatchers.js:78:11)\n    at process.processTicksAndRejections (node:internal/process/task_queues:95:5)\n    at async processBatch (file:///C:/Users/POS/speypos-system/speypos-local/src/services/outbox.worker.js:38:7)\n    at async tick (file:///C:/Users/POS/speypos-system/speypos-local/src/services/outbox.worker.js:73:5)","errorStatus":null,"errorSyscall":null,"errorType":null,"eventId":"65f80b93-36f6-461e-88f5-c3a05dae5b70","eventType":"cloud.mini_batch","level":"warn","message":"Outbox event dispatch failed","timestamp":"2026-07-25T01:18:16.447Z"}
{"baseUrl":"https://speypos-cloud-api.ryong.net","businessDate":"2026-07-25","level":"info","message":"Cloud sync starting.","orderCount":20,"shiftId":"56ef50c8-9581-4ead-9ea4-2c02d6e15628","storeId":"1","timestamp":"2026-07-25T01:18:21.386Z"}
{"error":"Validation failed","errorAddress":null,"errorCause":null,"errorCode":"invalid_event_batch","errorErrno":null,"errorName":"Error","errorPort":null,"errorRequestId":"d9ec4eb1-2b5d-4fd7-8f30-dc2bc8376c5a","errorStack":"Error: Validation failed\n    at postJson (file:///C:/Users/POS/speypos-system/speypos-local/src/services/cloudIngest.service.js:119:25)\n    at process.processTicksAndRejections (node:internal/process/task_queues:95:5)\n    at async uploadOrdersBatch (file:///C:/Users/POS/speypos-system/speypos-local/src/services/cloudIngest.service.js:170:60)\n    at async dispatchCloudMiniBatch (file:///C:/Users/POS/speypos-system/speypos-local/src/services/outbox.dispatchers.js:75:18)\n    at async processBatch (file:///C:/Users/POS/speypos-system/speypos-local/src/services/outbox.worker.js:38:7)\n    at async tick (file:///C:/Users/POS/speypos-system/speypos-local/src/services/outbox.worker.js:73:5)","errorStatus":422,"errorSyscall":null,"errorType":null,"level":"error","message":"Cloud sync failed.","timestamp":"2026-07-25T01:18:21.607Z"}
{"attempts":4,"error":"upload_failed","errorAddress":null,"errorCause":null,"errorCode":null,"errorErrno":null,"errorName":"Error","errorPort":null,"errorRequestId":null,"errorStack":"Error: upload_failed\n    at dispatchCloudMiniBatch (file:///C:/Users/POS/speypos-system/speypos-local/src/services/outbox.dispatchers.js:78:11)\n    at process.processTicksAndRejections (node:internal/process/task_queues:95:5)\n    at async processBatch (file:///C:/Users/POS/speypos-system/speypos-local/src/services/outbox.worker.js:38:7)\n    at async tick (file:///C:/Users/POS/speypos-system/speypos-local/src/services/outbox.worker.js:73:5)","errorStatus":null,"errorSyscall":null,"errorType":null,"eventId":"65f80b93-36f6-461e-88f5-c3a05dae5b70","eventType":"cloud.mini_batch","level":"warn","message":"Outbox event dispatch failed","timestamp":"2026-07-25T01:18:21.610Z"}
{"baseUrl":"https://speypos-cloud-api.ryong.net","businessDate":"2026-07-25","level":"info","message":"Cloud sync starting.","orderCount":20,"shiftId":"56ef50c8-9581-4ead-9ea4-2c02d6e15628","storeId":"1","timestamp":"2026-07-25T01:18:30.433Z"}
{"error":"Validation failed","errorAddress":null,"errorCause":null,"errorCode":"invalid_event_batch","errorErrno":null,"errorName":"Error","errorPort":null,"errorRequestId":"50f33403-16be-4f19-acf7-037dfc1d8511","errorStack":"Error: Validation failed\n    at postJson (file:///C:/Users/POS/speypos-system/speypos-local/src/services/cloudIngest.service.js:119:25)\n    at process.processTicksAndRejections (node:internal/process/task_queues:95:5)\n    at async uploadOrdersBatch (file:///C:/Users/POS/speypos-system/speypos-local/src/services/cloudIngest.service.js:170:60)\n    at async dispatchCloudMiniBatch (file:///C:/Users/POS/speypos-system/speypos-local/src/services/outbox.dispatchers.js:75:18)\n    at async processBatch (file:///C:/Users/POS/speypos-system/speypos-local/src/services/outbox.worker.js:38:7)\n    at async tick (file:///C:/Users/POS/speypos-system/speypos-local/src/services/outbox.worker.js:73:5)","errorStatus":422,"errorSyscall":null,"errorType":null,"level":"error","message":"Cloud sync failed.","timestamp":"2026-07-25T01:18:30.802Z"}
{"attempts":5,"error":"upload_failed","errorAddress":null,"errorCause":null,"errorCode":null,"errorErrno":null,"errorName":"Error","errorPort":null,"errorRequestId":null,"errorStack":"Error: upload_failed\n    at dispatchCloudMiniBatch (file:///C:/Users/POS/speypos-system/speypos-local/src/services/outbox.dispatchers.js:78:11)\n    at process.processTicksAndRejections (node:internal/process/task_queues:95:5)\n    at async processBatch (file:///C:/Users/POS/speypos-system/speypos-local/src/services/outbox.worker.js:38:7)\n    at async tick (file:///C:/Users/POS/speypos-system/speypos-local/src/services/outbox.worker.js:73:5)","errorStatus":null,"errorSyscall":null,"errorType":null,"eventId":"65f80b93-36f6-461e-88f5-c3a05dae5b70","eventType":"cloud.mini_batch","level":"warn","message":"Outbox event dispatch failed","timestamp":"2026-07-25T01:18:30.807Z"}
{"baseUrl":"https://speypos-cloud-api.ryong.net","businessDate":"2026-07-25","level":"info","message":"Cloud sync starting.","orderCount":20,"shiftId":"56ef50c8-9581-4ead-9ea4-2c02d6e15628","storeId":"1","timestamp":"2026-07-25T01:18:47.509Z"}
{"error":"Validation failed","errorAddress":null,"errorCause":null,"errorCode":"invalid_event_batch","errorErrno":null,"errorName":"Error","errorPort":null,"errorRequestId":"e9eb88ec-13ca-4d93-8d34-bc532e80e895","errorStack":"Error: Validation failed\n    at postJson (file:///C:/Users/POS/speypos-system/speypos-local/src/services/cloudIngest.service.js:119:25)\n    at process.processTicksAndRejections (node:internal/process/task_queues:95:5)\n    at async uploadOrdersBatch (file:///C:/Users/POS/speypos-system/speypos-local/src/services/cloudIngest.service.js:170:60)\n    at async dispatchCloudMiniBatch (file:///C:/Users/POS/speypos-system/speypos-local/src/services/outbox.dispatchers.js:75:18)\n    at async processBatch (file:///C:/Users/POS/speypos-system/speypos-local/src/services/outbox.worker.js:38:7)\n    at async tick (file:///C:/Users/POS/speypos-system/speypos-local/src/services/outbox.worker.js:73:5)","errorStatus":422,"errorSyscall":null,"errorType":null,"level":"error","message":"Cloud sync failed.","timestamp":"2026-07-25T01:18:47.706Z"}
{"attempts":6,"error":"upload_failed","errorAddress":null,"errorCause":null,"errorCode":null,"errorErrno":null,"errorName":"Error","errorPort":null,"errorRequestId":null,"errorStack":"Error: upload_failed\n    at dispatchCloudMiniBatch (file:///C:/Users/POS/speypos-system/speypos-local/src/services/outbox.dispatchers.js:78:11)\n    at process.processTicksAndRejections (node:internal/process/task_queues:95:5)\n    at async processBatch (file:///C:/Users/POS/speypos-system/speypos-local/src/services/outbox.worker.js:38:7)\n    at async tick (file:///C:/Users/POS/speypos-system/speypos-local/src/services/outbox.worker.js:73:5)","errorStatus":null,"errorSyscall":null,"errorType":null,"eventId":"65f80b93-36f6-461e-88f5-c3a05dae5b70","eventType":"cloud.mini_batch","level":"warn","message":"Outbox event dispatch failed","timestamp":"2026-07-25T01:18:47.708Z"}
{"baseUrl":"https://speypos-cloud-api.ryong.net","businessDate":"2026-07-25","level":"info","message":"Cloud sync starting.","orderCount":20,"shiftId":"56ef50c8-9581-4ead-9ea4-2c02d6e15628","storeId":"1","timestamp":"2026-07-25T01:19:20.619Z"}
{"error":"Validation failed","errorAddress":null,"errorCause":null,"errorCode":"invalid_event_batch","errorErrno":null,"errorName":"Error","errorPort":null,"errorRequestId":"95632d22-e8d0-45a9-9a77-5f82fcebaabf","errorStack":"Error: Validation failed\n    at postJson (file:///C:/Users/POS/speypos-system/speypos-local/src/services/cloudIngest.service.js:119:25)\n    at process.processTicksAndRejections (node:internal/process/task_queues:95:5)\n    at async uploadOrdersBatch (file:///C:/Users/POS/speypos-system/speypos-local/src/services/cloudIngest.service.js:170:60)\n    at async dispatchCloudMiniBatch (file:///C:/Users/POS/speypos-system/speypos-local/src/services/outbox.dispatchers.js:75:18)\n    at async processBatch (file:///C:/Users/POS/speypos-system/speypos-local/src/services/outbox.worker.js:38:7)\n    at async tick (file:///C:/Users/POS/speypos-system/speypos-local/src/services/outbox.worker.js:73:5)","errorStatus":422,"errorSyscall":null,"errorType":null,"level":"error","message":"Cloud sync failed.","timestamp":"2026-07-25T01:19:20.820Z"}
{"attempts":7,"error":"upload_failed","errorAddress":null,"errorCause":null,"errorCode":null,"errorErrno":null,"errorName":"Error","errorPort":null,"errorRequestId":null,"errorStack":"Error: upload_failed\n    at dispatchCloudMiniBatch (file:///C:/Users/POS/speypos-system/speypos-local/src/services/outbox.dispatchers.js:78:11)\n    at process.processTicksAndRejections (node:internal/process/task_queues:95:5)\n    at async processBatch (file:///C:/Users/POS/speypos-system/speypos-local/src/services/outbox.worker.js:38:7)\n    at async tick (file:///C:/Users/POS/speypos-system/speypos-local/src/services/outbox.worker.js:73:5)","errorStatus":null,"errorSyscall":null,"errorType":null,"eventId":"65f80b93-36f6-461e-88f5-c3a05dae5b70","eventType":"cloud.mini_batch","level":"warn","message":"Outbox event dispatch failed","timestamp":"2026-07-25T01:19:20.822Z"}
{"baseUrl":"https://speypos-cloud-api.ryong.net","businessDate":"2026-07-25","level":"info","message":"Cloud sync starting.","orderCount":20,"shiftId":"56ef50c8-9581-4ead-9ea4-2c02d6e15628","storeId":"1","timestamp":"2026-07-25T01:20:25.915Z"}
{"error":"Validation failed","errorAddress":null,"errorCause":null,"errorCode":"invalid_event_batch","errorErrno":null,"errorName":"Error","errorPort":null,"errorRequestId":"265daecf-5480-479d-95e2-2f462defe274","errorStack":"Error: Validation failed\n    at postJson (file:///C:/Users/POS/speypos-system/speypos-local/src/services/cloudIngest.service.js:119:25)\n    at process.processTicksAndRejections (node:internal/process/task_queues:95:5)\n    at async uploadOrdersBatch (file:///C:/Users/POS/speypos-system/speypos-local/src/services/cloudIngest.service.js:170:60)\n    at async dispatchCloudMiniBatch (file:///C:/Users/POS/speypos-system/speypos-local/src/services/outbox.dispatchers.js:75:18)\n    at async processBatch (file:///C:/Users/POS/speypos-system/speypos-local/src/services/outbox.worker.js:38:7)\n    at async tick (file:///C:/Users/POS/speypos-system/speypos-local/src/services/outbox.worker.js:73:5)","errorStatus":422,"errorSyscall":null,"errorType":null,"level":"error","message":"Cloud sync failed.","timestamp":"2026-07-25T01:20:26.151Z"}
{"attempts":8,"error":"upload_failed","errorAddress":null,"errorCause":null,"errorCode":null,"errorErrno":null,"errorName":"Error","errorPort":null,"errorRequestId":null,"errorStack":"Error: upload_failed\n    at dispatchCloudMiniBatch (file:///C:/Users/POS/speypos-system/speypos-local/src/services/outbox.dispatchers.js:78:11)\n    at process.processTicksAndRejections (node:internal/process/task_queues:95:5)\n    at async processBatch (file:///C:/Users/POS/speypos-system/speypos-local/src/services/outbox.worker.js:38:7)\n    at async tick (file:///C:/Users/POS/speypos-system/speypos-local/src/services/outbox.worker.js:73:5)","errorStatus":null,"errorSyscall":null,"errorType":null,"eventId":"65f80b93-36f6-461e-88f5-c3a05dae5b70","eventType":"cloud.mini_batch","level":"warn","message":"Outbox event dispatch failed","timestamp":"2026-07-25T01:20:26.153Z"}
{"baseUrl":"https://speypos-cloud-api.ryong.net","businessDate":"2026-07-25","level":"info","message":"Cloud sync starting.","orderCount":20,"shiftId":"56ef50c8-9581-4ead-9ea4-2c02d6e15628","storeId":"1","timestamp":"2026-07-25T01:21:30.284Z"}
{"error":"Validation failed","errorAddress":null,"errorCause":null,"errorCode":"invalid_event_batch","errorErrno":null,"errorName":"Error","errorPort":null,"errorRequestId":"70043c2c-fd78-464e-ad2b-4fe8ca1c23ef","errorStack":"Error: Validation failed\n    at postJson (file:///C:/Users/POS/speypos-system/speypos-local/src/services/cloudIngest.service.js:119:25)\n    at process.processTicksAndRejections (node:internal/process/task_queues:95:5)\n    at async uploadOrdersBatch (file:///C:/Users/POS/speypos-system/speypos-local/src/services/cloudIngest.service.js:170:60)\n    at async dispatchCloudMiniBatch (file:///C:/Users/POS/speypos-system/speypos-local/src/services/outbox.dispatchers.js:75:18)\n    at async processBatch (file:///C:/Users/POS/speypos-system/speypos-local/src/services/outbox.worker.js:38:7)\n    at async tick (file:///C:/Users/POS/speypos-system/speypos-local/src/services/outbox.worker.js:73:5)","errorStatus":422,"errorSyscall":null,"errorType":null,"level":"error","message":"Cloud sync failed.","timestamp":"2026-07-25T01:21:30.490Z"}
{"attempts":9,"error":"upload_failed","errorAddress":null,"errorCause":null,"errorCode":null,"errorErrno":null,"errorName":"Error","errorPort":null,"errorRequestId":null,"errorStack":"Error: upload_failed\n    at dispatchCloudMiniBatch (file:///C:/Users/POS/speypos-system/speypos-local/src/services/outbox.dispatchers.js:78:11)\n    at process.processTicksAndRejections (node:internal/process/task_queues:95:5)\n    at async processBatch (file:///C:/Users/POS/speypos-system/speypos-local/src/services/outbox.worker.js:38:7)\n    at async tick (file:///C:/Users/POS/speypos-system/speypos-local/src/services/outbox.worker.js:73:5)","errorStatus":null,"errorSyscall":null,"errorType":null,"eventId":"65f80b93-36f6-461e-88f5-c3a05dae5b70","eventType":"cloud.mini_batch","level":"warn","message":"Outbox event dispatch failed","timestamp":"2026-07-25T01:21:30.494Z"}
{"baseUrl":"https://speypos-cloud-api.ryong.net","businessDate":"2026-07-25","level":"info","message":"Cloud sync starting.","orderCount":20,"shiftId":"56ef50c8-9581-4ead-9ea4-2c02d6e15628","storeId":"1","timestamp":"2026-07-25T01:22:35.576Z"}
{"error":"Validation failed","errorAddress":null,"errorCause":null,"errorCode":"invalid_event_batch","errorErrno":null,"errorName":"Error","errorPort":null,"errorRequestId":"b6ab1db6-3d0d-4277-af6c-bfd899319a02","errorStack":"Error: Validation failed\n    at postJson (file:///C:/Users/POS/speypos-system/speypos-local/src/services/cloudIngest.service.js:119:25)\n    at process.processTicksAndRejections (node:internal/process/task_queues:95:5)\n    at async uploadOrdersBatch (file:///C:/Users/POS/speypos-system/speypos-local/src/services/cloudIngest.service.js:170:60)\n    at async dispatchCloudMiniBatch (file:///C:/Users/POS/speypos-system/speypos-local/src/services/outbox.dispatchers.js:75:18)\n    at async processBatch (file:///C:/Users/POS/speypos-system/speypos-local/src/services/outbox.worker.js:38:7)\n    at async tick (file:///C:/Users/POS/speypos-system/speypos-local/src/services/outbox.worker.js:73:5)","errorStatus":422,"errorSyscall":null,"errorType":null,"level":"error","message":"Cloud sync failed.","timestamp":"2026-07-25T01:22:35.819Z"}
{"attempts":10,"error":"upload_failed","errorAddress":null,"errorCause":null,"errorCode":null,"errorErrno":null,"errorName":"Error","errorPort":null,"errorRequestId":null,"errorStack":"Error: upload_failed\n    at dispatchCloudMiniBatch (file:///C:/Users/POS/speypos-system/speypos-local/src/services/outbox.dispatchers.js:78:11)\n    at process.processTicksAndRejections (node:internal/process/task_queues:95:5)\n    at async processBatch (file:///C:/Users/POS/speypos-system/speypos-local/src/services/outbox.worker.js:38:7)\n    at async tick (file:///C:/Users/POS/speypos-system/speypos-local/src/services/outbox.worker.js:73:5)","errorStatus":null,"errorSyscall":null,"errorType":null,"eventId":"65f80b93-36f6-461e-88f5-c3a05dae5b70","eventType":"cloud.mini_batch","level":"warn","message":"Outbox event dispatch failed","timestamp":"2026-07-25T01:22:35.821Z"}
{"level":"info","message":"Starting print job for order ID: 48f68619-51a3-41ed-9549-37f96aec7002.","status":"completed","timestamp":"2026-07-25T01:25:20.522Z"}
{"copies":[{"count":1,"variant":"INTERNAL"}],"engine":"canvas","level":"info","message":"Printing 1 variants for order 48f68619-51a3-41ed-9549-37f96aec7002","timestamp":"2026-07-25T01:25:20.523Z"}
{"level":"info","message":"[canvas] Rendering ESC/POS buffer for variant INTERNAL, order 48f68619-51a3-41ed-9549-37f96aec7002.","timestamp":"2026-07-25T01:25:20.524Z"}
{"level":"info","message":"[canvas] Sending copy 1/1 of variant INTERNAL for order 48f68619-51a3-41ed-9549-37f96aec7002.","timestamp":"2026-07-25T01:25:20.541Z"}
{"bufferBytes":23340,"level":"info","message":"ESC/POS transport: preparing to send buffer to printer","printerName":"\\\\localhost\\XP80","timestamp":"2026-07-25T01:25:20.541Z"}
{"bufferBytes":23340,"level":"info","message":"ESC/POS transport: buffer sent successfully","printerName":"\\\\localhost\\XP80","timestamp":"2026-07-25T01:25:20.814Z"}
{"level":"info","message":"Print job for order 48f68619-51a3-41ed-9549-37f96aec7002 completed and marked as printed.","timestamp":"2026-07-25T01:25:20.816Z"}
{"level":"info","message":"Telegram message sent successfully.","timestamp":"2026-07-25T01:25:22.139Z"}
{"level":"info","message":"Successfully sent and marked Telegram notification for order 48f68619-51a3-41ed-9549-37f96aec7002","timestamp":"2026-07-25T01:25:22.141Z"}
{"baseUrl":"https://speypos-cloud-api.ryong.net","businessDate":"2026-07-25","level":"info","message":"Cloud sync starting.","orderCount":20,"shiftId":"56ef50c8-9581-4ead-9ea4-2c02d6e15628","storeId":"1","timestamp":"2026-07-25T01:25:22.206Z"}
{"error":"Validation failed","errorAddress":null,"errorCause":null,"errorCode":"invalid_event_batch","errorErrno":null,"errorName":"Error","errorPort":null,"errorRequestId":"f4291d44-100d-47c9-9149-fed2bb12b183","errorStack":"Error: Validation failed\n    at postJson (file:///C:/Users/POS/speypos-system/speypos-local/src/services/cloudIngest.service.js:119:25)\n    at process.processTicksAndRejections (node:internal/process/task_queues:95:5)\n    at async uploadOrdersBatch (file:///C:/Users/POS/speypos-system/speypos-local/src/services/cloudIngest.service.js:170:60)\n    at async dispatchCloudMiniBatch (file:///C:/Users/POS/speypos-system/speypos-local/src/services/outbox.dispatchers.js:75:18)\n    at async processBatch (file:///C:/Users/POS/speypos-system/speypos-local/src/services/outbox.worker.js:38:7)\n    at async tick (file:///C:/Users/POS/speypos-system/speypos-local/src/services/outbox.worker.js:73:5)","errorStatus":422,"errorSyscall":null,"errorType":null,"level":"error","message":"Cloud sync failed.","timestamp":"2026-07-25T01:25:22.457Z"}
{"attempts":1,"error":"upload_failed","errorAddress":null,"errorCause":null,"errorCode":null,"errorErrno":null,"errorName":"Error","errorPort":null,"errorRequestId":null,"errorStack":"Error: upload_failed\n    at dispatchCloudMiniBatch (file:///C:/Users/POS/speypos-system/speypos-local/src/services/outbox.dispatchers.js:78:11)\n    at process.processTicksAndRejections (node:internal/process/task_queues:95:5)\n    at async processBatch (file:///C:/Users/POS/speypos-system/speypos-local/src/services/outbox.worker.js:38:7)\n    at async tick (file:///C:/Users/POS/speypos-system/speypos-local/src/services/outbox.worker.js:73:5)","errorStatus":null,"errorSyscall":null,"errorType":null,"eventId":"f7bd5688-89e0-464d-9a30-68ffe4dfaccd","eventType":"cloud.mini_batch","level":"warn","message":"Outbox event dispatch failed","timestamp":"2026-07-25T01:25:22.459Z"}
{"baseUrl":"https://speypos-cloud-api.ryong.net","businessDate":"2026-07-25","level":"info","message":"Cloud sync starting.","orderCount":20,"shiftId":"56ef50c8-9581-4ead-9ea4-2c02d6e15628","storeId":"1","timestamp":"2026-07-25T01:25:24.591Z"}
{"error":"Validation failed","errorAddress":null,"errorCause":null,"errorCode":"invalid_event_batch","errorErrno":null,"errorName":"Error","errorPort":null,"errorRequestId":"abd1abae-2389-44f7-b3cc-6876c546b772","errorStack":"Error: Validation failed\n    at postJson (file:///C:/Users/POS/speypos-system/speypos-local/src/services/cloudIngest.service.js:119:25)\n    at process.processTicksAndRejections (node:internal/process/task_queues:95:5)\n    at async uploadOrdersBatch (file:///C:/Users/POS/speypos-system/speypos-local/src/services/cloudIngest.service.js:170:60)\n    at async dispatchCloudMiniBatch (file:///C:/Users/POS/speypos-system/speypos-local/src/services/outbox.dispatchers.js:75:18)\n    at async processBatch (file:///C:/Users/POS/speypos-system/speypos-local/src/services/outbox.worker.js:38:7)\n    at async tick (file:///C:/Users/POS/speypos-system/speypos-local/src/services/outbox.worker.js:73:5)","errorStatus":422,"errorSyscall":null,"errorType":null,"level":"error","message":"Cloud sync failed.","timestamp":"2026-07-25T01:25:24.667Z"}
{"attempts":2,"error":"upload_failed","errorAddress":null,"errorCause":null,"errorCode":null,"errorErrno":null,"errorName":"Error","errorPort":null,"errorRequestId":null,"errorStack":"Error: upload_failed\n    at dispatchCloudMiniBatch (file:///C:/Users/POS/speypos-system/speypos-local/src/services/outbox.dispatchers.js:78:11)\n    at process.processTicksAndRejections (node:internal/process/task_queues:95:5)\n    at async processBatch (file:///C:/Users/POS/speypos-system/speypos-local/src/services/outbox.worker.js:38:7)\n    at async tick (file:///C:/Users/POS/speypos-system/speypos-local/src/services/outbox.worker.js:73:5)","errorStatus":null,"errorSyscall":null,"errorType":null,"eventId":"f7bd5688-89e0-464d-9a30-68ffe4dfaccd","eventType":"cloud.mini_batch","level":"warn","message":"Outbox event dispatch failed","timestamp":"2026-07-25T01:25:24.672Z"}
{"baseUrl":"https://speypos-cloud-api.ryong.net","businessDate":"2026-07-25","level":"info","message":"Cloud sync starting.","orderCount":20,"shiftId":"56ef50c8-9581-4ead-9ea4-2c02d6e15628","storeId":"1","timestamp":"2026-07-25T01:25:27.590Z"}
{"error":"Validation failed","errorAddress":null,"errorCause":null,"errorCode":"invalid_event_batch","errorErrno":null,"errorName":"Error","errorPort":null,"errorRequestId":"52877d42-6cf7-4b93-8422-e2ace6d10767","errorStack":"Error: Validation failed\n    at postJson (file:///C:/Users/POS/speypos-system/speypos-local/src/services/cloudIngest.service.js:119:25)\n    at process.processTicksAndRejections (node:internal/process/task_queues:95:5)\n    at async uploadOrdersBatch (file:///C:/Users/POS/speypos-system/speypos-local/src/services/cloudIngest.service.js:170:60)\n    at async dispatchCloudMiniBatch (file:///C:/Users/POS/speypos-system/speypos-local/src/services/outbox.dispatchers.js:75:18)\n    at async processBatch (file:///C:/Users/POS/speypos-system/speypos-local/src/services/outbox.worker.js:38:7)\n    at async tick (file:///C:/Users/POS/speypos-system/speypos-local/src/services/outbox.worker.js:73:5)","errorStatus":422,"errorSyscall":null,"errorType":null,"level":"error","message":"Cloud sync failed.","timestamp":"2026-07-25T01:25:27.662Z"}
{"attempts":3,"error":"upload_failed","errorAddress":null,"errorCause":null,"errorCode":null,"errorErrno":null,"errorName":"Error","errorPort":null,"errorRequestId":null,"errorStack":"Error: upload_failed\n    at dispatchCloudMiniBatch (file:///C:/Users/POS/speypos-system/speypos-local/src/services/outbox.dispatchers.js:78:11)\n    at process.processTicksAndRejections (node:internal/process/task_queues:95:5)\n    at async processBatch (file:///C:/Users/POS/speypos-system/speypos-local/src/services/outbox.worker.js:38:7)\n    at async tick (file:///C:/Users/POS/speypos-system/speypos-local/src/services/outbox.worker.js:73:5)","errorStatus":null,"errorSyscall":null,"errorType":null,"eventId":"f7bd5688-89e0-464d-9a30-68ffe4dfaccd","eventType":"cloud.mini_batch","level":"warn","message":"Outbox event dispatch failed","timestamp":"2026-07-25T01:25:27.664Z"}
{"baseUrl":"https://speypos-cloud-api.ryong.net","businessDate":"2026-07-25","level":"info","message":"Cloud sync starting.","orderCount":20,"shiftId":"56ef50c8-9581-4ead-9ea4-2c02d6e15628","storeId":"1","timestamp":"2026-07-25T01:25:32.629Z"}
{"error":"Validation failed","errorAddress":null,"errorCause":null,"errorCode":"invalid_event_batch","errorErrno":null,"errorName":"Error","errorPort":null,"errorRequestId":"d793a2a0-249c-4cda-b052-d3ee392a15e8","errorStack":"Error: Validation failed\n    at postJson (file:///C:/Users/POS/speypos-system/speypos-local/src/services/cloudIngest.service.js:119:25)\n    at process.processTicksAndRejections (node:internal/process/task_queues:95:5)\n    at async uploadOrdersBatch (file:///C:/Users/POS/speypos-system/speypos-local/src/services/cloudIngest.service.js:170:60)\n    at async dispatchCloudMiniBatch (file:///C:/Users/POS/speypos-system/speypos-local/src/services/outbox.dispatchers.js:75:18)\n    at async processBatch (file:///C:/Users/POS/speypos-system/speypos-local/src/services/outbox.worker.js:38:7)\n    at async tick (file:///C:/Users/POS/speypos-system/speypos-local/src/services/outbox.worker.js:73:5)","errorStatus":422,"errorSyscall":null,"errorType":null,"level":"error","message":"Cloud sync failed.","timestamp":"2026-07-25T01:25:32.832Z"}
{"attempts":4,"error":"upload_failed","errorAddress":null,"errorCause":null,"errorCode":null,"errorErrno":null,"errorName":"Error","errorPort":null,"errorRequestId":null,"errorStack":"Error: upload_failed\n    at dispatchCloudMiniBatch (file:///C:/Users/POS/speypos-system/speypos-local/src/services/outbox.dispatchers.js:78:11)\n    at process.processTicksAndRejections (node:internal/process/task_queues:95:5)\n    at async processBatch (file:///C:/Users/POS/speypos-system/speypos-local/src/services/outbox.worker.js:38:7)\n    at async tick (file:///C:/Users/POS/speypos-system/speypos-local/src/services/outbox.worker.js:73:5)","errorStatus":null,"errorSyscall":null,"errorType":null,"eventId":"f7bd5688-89e0-464d-9a30-68ffe4dfaccd","eventType":"cloud.mini_batch","level":"warn","message":"Outbox event dispatch failed","timestamp":"2026-07-25T01:25:32.837Z"}
{"baseUrl":"https://speypos-cloud-api.ryong.net","businessDate":"2026-07-25","level":"info","message":"Cloud sync starting.","orderCount":20,"shiftId":"56ef50c8-9581-4ead-9ea4-2c02d6e15628","storeId":"1","timestamp":"2026-07-25T01:25:41.656Z"}
{"error":"Validation failed","errorAddress":null,"errorCause":null,"errorCode":"invalid_event_batch","errorErrno":null,"errorName":"Error","errorPort":null,"errorRequestId":"a26b49fd-9509-45da-88ea-7526b0687407","errorStack":"Error: Validation failed\n    at postJson (file:///C:/Users/POS/speypos-system/speypos-local/src/services/cloudIngest.service.js:119:25)\n    at process.processTicksAndRejections (node:internal/process/task_queues:95:5)\n    at async uploadOrdersBatch (file:///C:/Users/POS/speypos-system/speypos-local/src/services/cloudIngest.service.js:170:60)\n    at async dispatchCloudMiniBatch (file:///C:/Users/POS/speypos-system/speypos-local/src/services/outbox.dispatchers.js:75:18)\n    at async processBatch (file:///C:/Users/POS/speypos-system/speypos-local/src/services/outbox.worker.js:38:7)\n    at async tick (file:///C:/Users/POS/speypos-system/speypos-local/src/services/outbox.worker.js:73:5)","errorStatus":422,"errorSyscall":null,"errorType":null,"level":"error","message":"Cloud sync failed.","timestamp":"2026-07-25T01:25:41.879Z"}
{"attempts":5,"error":"upload_failed","errorAddress":null,"errorCause":null,"errorCode":null,"errorErrno":null,"errorName":"Error","errorPort":null,"errorRequestId":null,"errorStack":"Error: upload_failed\n    at dispatchCloudMiniBatch (file:///C:/Users/POS/speypos-system/speypos-local/src/services/outbox.dispatchers.js:78:11)\n    at process.processTicksAndRejections (node:internal/process/task_queues:95:5)\n    at async processBatch (file:///C:/Users/POS/speypos-system/speypos-local/src/services/outbox.worker.js:38:7)\n    at async tick (file:///C:/Users/POS/speypos-system/speypos-local/src/services/outbox.worker.js:73:5)","errorStatus":null,"errorSyscall":null,"errorType":null,"eventId":"f7bd5688-89e0-464d-9a30-68ffe4dfaccd","eventType":"cloud.mini_batch","level":"warn","message":"Outbox event dispatch failed","timestamp":"2026-07-25T01:25:41.880Z"}
{"baseUrl":"https://speypos-cloud-api.ryong.net","businessDate":"2026-07-25","level":"info","message":"Cloud sync starting.","orderCount":20,"shiftId":"56ef50c8-9581-4ead-9ea4-2c02d6e15628","storeId":"1","timestamp":"2026-07-25T01:25:58.755Z"}
{"error":"Validation failed","errorAddress":null,"errorCause":null,"errorCode":"invalid_event_batch","errorErrno":null,"errorName":"Error","errorPort":null,"errorRequestId":"4f0cbbe1-bcad-4919-a3e3-2de989c532f5","errorStack":"Error: Validation failed\n    at postJson (file:///C:/Users/POS/speypos-system/speypos-local/src/services/cloudIngest.service.js:119:25)\n    at process.processTicksAndRejections (node:internal/process/task_queues:95:5)\n    at async uploadOrdersBatch (file:///C:/Users/POS/speypos-system/speypos-local/src/services/cloudIngest.service.js:170:60)\n    at async dispatchCloudMiniBatch (file:///C:/Users/POS/speypos-system/speypos-local/src/services/outbox.dispatchers.js:75:18)\n    at async processBatch (file:///C:/Users/POS/speypos-system/speypos-local/src/services/outbox.worker.js:38:7)\n    at async tick (file:///C:/Users/POS/speypos-system/speypos-local/src/services/outbox.worker.js:73:5)","errorStatus":422,"errorSyscall":null,"errorType":null,"level":"error","message":"Cloud sync failed.","timestamp":"2026-07-25T01:25:58.950Z"}
{"attempts":6,"error":"upload_failed","errorAddress":null,"errorCause":null,"errorCode":null,"errorErrno":null,"errorName":"Error","errorPort":null,"errorRequestId":null,"errorStack":"Error: upload_failed\n    at dispatchCloudMiniBatch (file:///C:/Users/POS/speypos-system/speypos-local/src/services/outbox.dispatchers.js:78:11)\n    at process.processTicksAndRejections (node:internal/process/task_queues:95:5)\n    at async processBatch (file:///C:/Users/POS/speypos-system/speypos-local/src/services/outbox.worker.js:38:7)\n    at async tick (file:///C:/Users/POS/speypos-system/speypos-local/src/services/outbox.worker.js:73:5)","errorStatus":null,"errorSyscall":null,"errorType":null,"eventId":"f7bd5688-89e0-464d-9a30-68ffe4dfaccd","eventType":"cloud.mini_batch","level":"warn","message":"Outbox event dispatch failed","timestamp":"2026-07-25T01:25:58.953Z"}
{"baseUrl":"https://speypos-cloud-api.ryong.net","businessDate":"2026-07-25","level":"info","message":"Cloud sync starting.","orderCount":20,"shiftId":"56ef50c8-9581-4ead-9ea4-2c02d6e15628","storeId":"1","timestamp":"2026-07-25T01:26:31.874Z"}
{"error":"Validation failed","errorAddress":null,"errorCause":null,"errorCode":"invalid_event_batch","errorErrno":null,"errorName":"Error","errorPort":null,"errorRequestId":"0a7a2432-3710-4d24-a5f8-25a2bee7452f","errorStack":"Error: Validation failed\n    at postJson (file:///C:/Users/POS/speypos-system/speypos-local/src/services/cloudIngest.service.js:119:25)\n    at process.processTicksAndRejections (node:internal/process/task_queues:95:5)\n    at async uploadOrdersBatch (file:///C:/Users/POS/speypos-system/speypos-local/src/services/cloudIngest.service.js:170:60)\n    at async dispatchCloudMiniBatch (file:///C:/Users/POS/speypos-system/speypos-local/src/services/outbox.dispatchers.js:75:18)\n    at async processBatch (file:///C:/Users/POS/speypos-system/speypos-local/src/services/outbox.worker.js:38:7)\n    at async tick (file:///C:/Users/POS/speypos-system/speypos-local/src/services/outbox.worker.js:73:5)","errorStatus":422,"errorSyscall":null,"errorType":null,"level":"error","message":"Cloud sync failed.","timestamp":"2026-07-25T01:26:32.069Z"}
{"attempts":7,"error":"upload_failed","errorAddress":null,"errorCause":null,"errorCode":null,"errorErrno":null,"errorName":"Error","errorPort":null,"errorRequestId":null,"errorStack":"Error: upload_failed\n    at dispatchCloudMiniBatch (file:///C:/Users/POS/speypos-system/speypos-local/src/services/outbox.dispatchers.js:78:11)\n    at process.processTicksAndRejections (node:internal/process/task_queues:95:5)\n    at async processBatch (file:///C:/Users/POS/speypos-system/speypos-local/src/services/outbox.worker.js:38:7)\n    at async tick (file:///C:/Users/POS/speypos-system/speypos-local/src/services/outbox.worker.js:73:5)","errorStatus":null,"errorSyscall":null,"errorType":null,"eventId":"f7bd5688-89e0-464d-9a30-68ffe4dfaccd","eventType":"cloud.mini_batch","level":"warn","message":"Outbox event dispatch failed","timestamp":"2026-07-25T01:26:32.071Z"}
{"baseUrl":"https://speypos-cloud-api.ryong.net","businessDate":"2026-07-25","level":"info","message":"Cloud sync starting.","orderCount":20,"shiftId":"56ef50c8-9581-4ead-9ea4-2c02d6e15628","storeId":"1","timestamp":"2026-07-25T01:27:37.071Z"}
{"error":"Validation failed","errorAddress":null,"errorCause":null,"errorCode":"invalid_event_batch","errorErrno":null,"errorName":"Error","errorPort":null,"errorRequestId":"ca2080c2-21df-4615-b07a-a0053e9e42ac","errorStack":"Error: Validation failed\n    at postJson (file:///C:/Users/POS/speypos-system/speypos-local/src/services/cloudIngest.service.js:119:25)\n    at process.processTicksAndRejections (node:internal/process/task_queues:95:5)\n    at async uploadOrdersBatch (file:///C:/Users/POS/speypos-system/speypos-local/src/services/cloudIngest.service.js:170:60)\n    at async dispatchCloudMiniBatch (file:///C:/Users/POS/speypos-system/speypos-local/src/services/outbox.dispatchers.js:75:18)\n    at async processBatch (file:///C:/Users/POS/speypos-system/speypos-local/src/services/outbox.worker.js:38:7)\n    at async tick (file:///C:/Users/POS/speypos-system/speypos-local/src/services/outbox.worker.js:73:5)","errorStatus":422,"errorSyscall":null,"errorType":null,"level":"error","message":"Cloud sync failed.","timestamp":"2026-07-25T01:27:37.473Z"}
{"attempts":8,"error":"upload_failed","errorAddress":null,"errorCause":null,"errorCode":null,"errorErrno":null,"errorName":"Error","errorPort":null,"errorRequestId":null,"errorStack":"Error: upload_failed\n    at dispatchCloudMiniBatch (file:///C:/Users/POS/speypos-system/speypos-local/src/services/outbox.dispatchers.js:78:11)\n    at process.processTicksAndRejections (node:internal/process/task_queues:95:5)\n    at async processBatch (file:///C:/Users/POS/speypos-system/speypos-local/src/services/outbox.worker.js:38:7)\n    at async tick (file:///C:/Users/POS/speypos-system/speypos-local/src/services/outbox.worker.js:73:5)","errorStatus":null,"errorSyscall":null,"errorType":null,"eventId":"f7bd5688-89e0-464d-9a30-68ffe4dfaccd","eventType":"cloud.mini_batch","level":"warn","message":"Outbox event dispatch failed","timestamp":"2026-07-25T01:27:37.477Z"}
{"baseUrl":"https://speypos-cloud-api.ryong.net","businessDate":"2026-07-25","level":"info","message":"Cloud sync starting.","orderCount":20,"shiftId":"56ef50c8-9581-4ead-9ea4-2c02d6e15628","storeId":"1","timestamp":"2026-07-25T01:28:42.340Z"}
{"error":"Validation failed","errorAddress":null,"errorCause":null,"errorCode":"invalid_event_batch","errorErrno":null,"errorName":"Error","errorPort":null,"errorRequestId":"9b32c1b6-7a6b-48d7-bf47-7e8576bb92c7","errorStack":"Error: Validation failed\n    at postJson (file:///C:/Users/POS/speypos-system/speypos-local/src/services/cloudIngest.service.js:119:25)\n    at process.processTicksAndRejections (node:internal/process/task_queues:95:5)\n    at async uploadOrdersBatch (file:///C:/Users/POS/speypos-system/speypos-local/src/services/cloudIngest.service.js:170:60)\n    at async dispatchCloudMiniBatch (file:///C:/Users/POS/speypos-system/speypos-local/src/services/outbox.dispatchers.js:75:18)\n    at async processBatch (file:///C:/Users/POS/speypos-system/speypos-local/src/services/outbox.worker.js:38:7)\n    at async tick (file:///C:/Users/POS/speypos-system/speypos-local/src/services/outbox.worker.js:73:5)","errorStatus":422,"errorSyscall":null,"errorType":null,"level":"error","message":"Cloud sync failed.","timestamp":"2026-07-25T01:28:42.532Z"}
{"attempts":9,"error":"upload_failed","errorAddress":null,"errorCause":null,"errorCode":null,"errorErrno":null,"errorName":"Error","errorPort":null,"errorRequestId":null,"errorStack":"Error: upload_failed\n    at dispatchCloudMiniBatch (file:///C:/Users/POS/speypos-system/speypos-local/src/services/outbox.dispatchers.js:78:11)\n    at process.processTicksAndRejections (node:internal/process/task_queues:95:5)\n    at async processBatch (file:///C:/Users/POS/speypos-system/speypos-local/src/services/outbox.worker.js:38:7)\n    at async tick (file:///C:/Users/POS/speypos-system/speypos-local/src/services/outbox.worker.js:73:5)","errorStatus":null,"errorSyscall":null,"errorType":null,"eventId":"f7bd5688-89e0-464d-9a30-68ffe4dfaccd","eventType":"cloud.mini_batch","level":"warn","message":"Outbox event dispatch failed","timestamp":"2026-07-25T01:28:42.538Z"}
{"baseUrl":"https://speypos-cloud-api.ryong.net","businessDate":"2026-07-25","level":"info","message":"Cloud sync starting.","orderCount":20,"shiftId":"56ef50c8-9581-4ead-9ea4-2c02d6e15628","storeId":"1","timestamp":"2026-07-25T01:29:47.652Z"}
{"error":"Validation failed","errorAddress":null,"errorCause":null,"errorCode":"invalid_event_batch","errorErrno":null,"errorName":"Error","errorPort":null,"errorRequestId":"12325119-a7d1-498a-aafb-d6972822200c","errorStack":"Error: Validation failed\n    at postJson (file:///C:/Users/POS/speypos-system/speypos-local/src/services/cloudIngest.service.js:119:25)\n    at process.processTicksAndRejections (node:internal/process/task_queues:95:5)\n    at async uploadOrdersBatch (file:///C:/Users/POS/speypos-system/speypos-local/src/services/cloudIngest.service.js:170:60)\n    at async dispatchCloudMiniBatch (file:///C:/Users/POS/speypos-system/speypos-local/src/services/outbox.dispatchers.js:75:18)\n    at async processBatch (file:///C:/Users/POS/speypos-system/speypos-local/src/services/outbox.worker.js:38:7)\n    at async tick (file:///C:/Users/POS/speypos-system/speypos-local/src/services/outbox.worker.js:73:5)","errorStatus":422,"errorSyscall":null,"errorType":null,"level":"error","message":"Cloud sync failed.","timestamp":"2026-07-25T01:29:47.851Z"}
{"attempts":10,"error":"upload_failed","errorAddress":null,"errorCause":null,"errorCode":null,"errorErrno":null,"errorName":"Error","errorPort":null,"errorRequestId":null,"errorStack":"Error: upload_failed\n    at dispatchCloudMiniBatch (file:///C:/Users/POS/speypos-system/speypos-local/src/services/outbox.dispatchers.js:78:11)\n    at process.processTicksAndRejections (node:internal/process/task_queues:95:5)\n    at async processBatch (file:///C:/Users/POS/speypos-system/speypos-local/src/services/outbox.worker.js:38:7)\n    at async tick (file:///C:/Users/POS/speypos-system/speypos-local/src/services/outbox.worker.js:73:5)","errorStatus":null,"errorSyscall":null,"errorType":null,"eventId":"f7bd5688-89e0-464d-9a30-68ffe4dfaccd","eventType":"cloud.mini_batch","level":"warn","message":"Outbox event dispatch failed","timestamp":"2026-07-25T01:29:47.853Z"}
{"level":"info","message":"Starting print job for order ID: 2481a6a4-3992-4caa-a9f5-b1cfd719d836.","status":"completed","timestamp":"2026-07-25T01:35:37.053Z"}
{"copies":[{"count":1,"variant":"INTERNAL"}],"engine":"canvas","level":"info","message":"Printing 1 variants for order 2481a6a4-3992-4caa-a9f5-b1cfd719d836","timestamp":"2026-07-25T01:35:37.054Z"}
{"level":"info","message":"[canvas] Rendering ESC/POS buffer for variant INTERNAL, order 2481a6a4-3992-4caa-a9f5-b1cfd719d836.","timestamp":"2026-07-25T01:35:37.054Z"}
{"level":"info","message":"[canvas] Sending copy 1/1 of variant INTERNAL for order 2481a6a4-3992-4caa-a9f5-b1cfd719d836.","timestamp":"2026-07-25T01:35:37.066Z"}
{"bufferBytes":27660,"level":"info","message":"ESC/POS transport: preparing to send buffer to printer","printerName":"\\\\localhost\\XP80","timestamp":"2026-07-25T01:35:37.067Z"}
{"bufferBytes":27660,"level":"info","message":"ESC/POS transport: buffer sent successfully","printerName":"\\\\localhost\\XP80","timestamp":"2026-07-25T01:35:37.355Z"}
{"level":"info","message":"Print job for order 2481a6a4-3992-4caa-a9f5-b1cfd719d836 completed and marked as printed.","timestamp":"2026-07-25T01:35:37.356Z"}
{"level":"info","message":"Telegram message sent successfully.","timestamp":"2026-07-25T01:35:38.388Z"}
{"level":"info","message":"Successfully sent and marked Telegram notification for order 2481a6a4-3992-4caa-a9f5-b1cfd719d836","timestamp":"2026-07-25T01:35:38.389Z"}
{"baseUrl":"https://speypos-cloud-api.ryong.net","businessDate":"2026-07-25","level":"info","message":"Cloud sync starting.","orderCount":20,"shiftId":"56ef50c8-9581-4ead-9ea4-2c02d6e15628","storeId":"1","timestamp":"2026-07-25T01:35:38.435Z"}
{"error":"Validation failed","errorAddress":null,"errorCause":null,"errorCode":"invalid_event_batch","errorErrno":null,"errorName":"Error","errorPort":null,"errorRequestId":"c4529655-a3d4-4d7a-a891-ca917955546d","errorStack":"Error: Validation failed\n    at postJson (file:///C:/Users/POS/speypos-system/speypos-local/src/services/cloudIngest.service.js:119:25)\n    at process.processTicksAndRejections (node:internal/process/task_queues:95:5)\n    at async uploadOrdersBatch (file:///C:/Users/POS/speypos-system/speypos-local/src/services/cloudIngest.service.js:170:60)\n    at async dispatchCloudMiniBatch (file:///C:/Users/POS/speypos-system/speypos-local/src/services/outbox.dispatchers.js:75:18)\n    at async processBatch (file:///C:/Users/POS/speypos-system/speypos-local/src/services/outbox.worker.js:38:7)\n    at async tick (file:///C:/Users/POS/speypos-system/speypos-local/src/services/outbox.worker.js:73:5)","errorStatus":422,"errorSyscall":null,"errorType":null,"level":"error","message":"Cloud sync failed.","timestamp":"2026-07-25T01:35:38.697Z"}
{"attempts":1,"error":"upload_failed","errorAddress":null,"errorCause":null,"errorCode":null,"errorErrno":null,"errorName":"Error","errorPort":null,"errorRequestId":null,"errorStack":"Error: upload_failed\n    at dispatchCloudMiniBatch (file:///C:/Users/POS/speypos-system/speypos-local/src/services/outbox.dispatchers.js:78:11)\n    at process.processTicksAndRejections (node:internal/process/task_queues:95:5)\n    at async processBatch (file:///C:/Users/POS/speypos-system/speypos-local/src/services/outbox.worker.js:38:7)\n    at async tick (file:///C:/Users/POS/speypos-system/speypos-local/src/services/outbox.worker.js:73:5)","errorStatus":null,"errorSyscall":null,"errorType":null,"eventId":"dc3502af-40fd-49eb-a36d-b82a9888bf99","eventType":"cloud.mini_batch","level":"warn","message":"Outbox event dispatch failed","timestamp":"2026-07-25T01:35:38.700Z"}
{"baseUrl":"https://speypos-cloud-api.ryong.net","businessDate":"2026-07-25","level":"info","message":"Cloud sync starting.","orderCount":20,"shiftId":"56ef50c8-9581-4ead-9ea4-2c02d6e15628","storeId":"1","timestamp":"2026-07-25T01:35:40.133Z"}
{"error":"Validation failed","errorAddress":null,"errorCause":null,"errorCode":"invalid_event_batch","errorErrno":null,"errorName":"Error","errorPort":null,"errorRequestId":"8f6cb59e-6229-4ab9-b0e0-16fbd7119a67","errorStack":"Error: Validation failed\n    at postJson (file:///C:/Users/POS/speypos-system/speypos-local/src/services/cloudIngest.service.js:119:25)\n    at process.processTicksAndRejections (node:internal/process/task_queues:95:5)\n    at async uploadOrdersBatch (file:///C:/Users/POS/speypos-system/speypos-local/src/services/cloudIngest.service.js:170:60)\n    at async dispatchCloudMiniBatch (file:///C:/Users/POS/speypos-system/speypos-local/src/services/outbox.dispatchers.js:75:18)\n    at async processBatch (file:///C:/Users/POS/speypos-system/speypos-local/src/services/outbox.worker.js:38:7)\n    at async tick (file:///C:/Users/POS/speypos-system/speypos-local/src/services/outbox.worker.js:73:5)","errorStatus":422,"errorSyscall":null,"errorType":null,"level":"error","message":"Cloud sync failed.","timestamp":"2026-07-25T01:35:40.235Z"}
{"attempts":2,"error":"upload_failed","errorAddress":null,"errorCause":null,"errorCode":null,"errorErrno":null,"errorName":"Error","errorPort":null,"errorRequestId":null,"errorStack":"Error: upload_failed\n    at dispatchCloudMiniBatch (file:///C:/Users/POS/speypos-system/speypos-local/src/services/outbox.dispatchers.js:78:11)\n    at process.processTicksAndRejections (node:internal/process/task_queues:95:5)\n    at async processBatch (file:///C:/Users/POS/speypos-system/speypos-local/src/services/outbox.worker.js:38:7)\n    at async tick (file:///C:/Users/POS/speypos-system/speypos-local/src/services/outbox.worker.js:73:5)","errorStatus":null,"errorSyscall":null,"errorType":null,"eventId":"dc3502af-40fd-49eb-a36d-b82a9888bf99","eventType":"cloud.mini_batch","level":"warn","message":"Outbox event dispatch failed","timestamp":"2026-07-25T01:35:40.236Z"}
{"baseUrl":"https://speypos-cloud-api.ryong.net","businessDate":"2026-07-25","level":"info","message":"Cloud sync starting.","orderCount":20,"shiftId":"56ef50c8-9581-4ead-9ea4-2c02d6e15628","storeId":"1","timestamp":"2026-07-25T01:35:43.149Z"}
{"error":"Validation failed","errorAddress":null,"errorCause":null,"errorCode":"invalid_event_batch","errorErrno":null,"errorName":"Error","errorPort":null,"errorRequestId":"0e23a3c9-a4d1-4d78-b8db-f1118fdbde77","errorStack":"Error: Validation failed\n    at postJson (file:///C:/Users/POS/speypos-system/speypos-local/src/services/cloudIngest.service.js:119:25)\n    at process.processTicksAndRejections (node:internal/process/task_queues:95:5)\n    at async uploadOrdersBatch (file:///C:/Users/POS/speypos-system/speypos-local/src/services/cloudIngest.service.js:170:60)\n    at async dispatchCloudMiniBatch (file:///C:/Users/POS/speypos-system/speypos-local/src/services/outbox.dispatchers.js:75:18)\n    at async processBatch (file:///C:/Users/POS/speypos-system/speypos-local/src/services/outbox.worker.js:38:7)\n    at async tick (file:///C:/Users/POS/speypos-system/speypos-local/src/services/outbox.worker.js:73:5)","errorStatus":422,"errorSyscall":null,"errorType":null,"level":"error","message":"Cloud sync failed.","timestamp":"2026-07-25T01:35:43.223Z"}
{"attempts":3,"error":"upload_failed","errorAddress":null,"errorCause":null,"errorCode":null,"errorErrno":null,"errorName":"Error","errorPort":null,"errorRequestId":null,"errorStack":"Error: upload_failed\n    at dispatchCloudMiniBatch (file:///C:/Users/POS/speypos-system/speypos-local/src/services/outbox.dispatchers.js:78:11)\n    at process.processTicksAndRejections (node:internal/process/task_queues:95:5)\n    at async processBatch (file:///C:/Users/POS/speypos-system/speypos-local/src/services/outbox.worker.js:38:7)\n    at async tick (file:///C:/Users/POS/speypos-system/speypos-local/src/services/outbox.worker.js:73:5)","errorStatus":null,"errorSyscall":null,"errorType":null,"eventId":"dc3502af-40fd-49eb-a36d-b82a9888bf99","eventType":"cloud.mini_batch","level":"warn","message":"Outbox event dispatch failed","timestamp":"2026-07-25T01:35:43.225Z"}
{"baseUrl":"https://speypos-cloud-api.ryong.net","businessDate":"2026-07-25","level":"info","message":"Cloud sync starting.","orderCount":20,"shiftId":"56ef50c8-9581-4ead-9ea4-2c02d6e15628","storeId":"1","timestamp":"2026-07-25T01:35:48.139Z"}
{"error":"Validation failed","errorAddress":null,"errorCause":null,"errorCode":"invalid_event_batch","errorErrno":null,"errorName":"Error","errorPort":null,"errorRequestId":"a5d26eda-c6f8-470b-8c4e-c804cbcac9fa","errorStack":"Error: Validation failed\n    at postJson (file:///C:/Users/POS/speypos-system/speypos-local/src/services/cloudIngest.service.js:119:25)\n    at process.processTicksAndRejections (node:internal/process/task_queues:95:5)\n    at async uploadOrdersBatch (file:///C:/Users/POS/speypos-system/speypos-local/src/services/cloudIngest.service.js:170:60)\n    at async dispatchCloudMiniBatch (file:///C:/Users/POS/speypos-system/speypos-local/src/services/outbox.dispatchers.js:75:18)\n    at async processBatch (file:///C:/Users/POS/speypos-system/speypos-local/src/services/outbox.worker.js:38:7)\n    at async tick (file:///C:/Users/POS/speypos-system/speypos-local/src/services/outbox.worker.js:73:5)","errorStatus":422,"errorSyscall":null,"errorType":null,"level":"error","message":"Cloud sync failed.","timestamp":"2026-07-25T01:35:48.331Z"}
{"attempts":4,"error":"upload_failed","errorAddress":null,"errorCause":null,"errorCode":null,"errorErrno":null,"errorName":"Error","errorPort":null,"errorRequestId":null,"errorStack":"Error: upload_failed\n    at dispatchCloudMiniBatch (file:///C:/Users/POS/speypos-system/speypos-local/src/services/outbox.dispatchers.js:78:11)\n    at process.processTicksAndRejections (node:internal/process/task_queues:95:5)\n    at async processBatch (file:///C:/Users/POS/speypos-system/speypos-local/src/services/outbox.worker.js:38:7)\n    at async tick (file:///C:/Users/POS/speypos-system/speypos-local/src/services/outbox.worker.js:73:5)","errorStatus":null,"errorSyscall":null,"errorType":null,"eventId":"dc3502af-40fd-49eb-a36d-b82a9888bf99","eventType":"cloud.mini_batch","level":"warn","message":"Outbox event dispatch failed","timestamp":"2026-07-25T01:35:48.334Z"}
{"baseUrl":"https://speypos-cloud-api.ryong.net","businessDate":"2026-07-25","level":"info","message":"Cloud sync starting.","orderCount":20,"shiftId":"56ef50c8-9581-4ead-9ea4-2c02d6e15628","storeId":"1","timestamp":"2026-07-25T01:35:57.210Z"}
{"error":"Validation failed","errorAddress":null,"errorCause":null,"errorCode":"invalid_event_batch","errorErrno":null,"errorName":"Error","errorPort":null,"errorRequestId":"9e14cbb4-55cb-4cfa-b26f-291f0b73ed66","errorStack":"Error: Validation failed\n    at postJson (file:///C:/Users/POS/speypos-system/speypos-local/src/services/cloudIngest.service.js:119:25)\n    at process.processTicksAndRejections (node:internal/process/task_queues:95:5)\n    at async uploadOrdersBatch (file:///C:/Users/POS/speypos-system/speypos-local/src/services/cloudIngest.service.js:170:60)\n    at async dispatchCloudMiniBatch (file:///C:/Users/POS/speypos-system/speypos-local/src/services/outbox.dispatchers.js:75:18)\n    at async processBatch (file:///C:/Users/POS/speypos-system/speypos-local/src/services/outbox.worker.js:38:7)\n    at async tick (file:///C:/Users/POS/speypos-system/speypos-local/src/services/outbox.worker.js:73:5)","errorStatus":422,"errorSyscall":null,"errorType":null,"level":"error","message":"Cloud sync failed.","timestamp":"2026-07-25T01:35:57.451Z"}
{"attempts":5,"error":"upload_failed","errorAddress":null,"errorCause":null,"errorCode":null,"errorErrno":null,"errorName":"Error","errorPort":null,"errorRequestId":null,"errorStack":"Error: upload_failed\n    at dispatchCloudMiniBatch (file:///C:/Users/POS/speypos-system/speypos-local/src/services/outbox.dispatchers.js:78:11)\n    at process.processTicksAndRejections (node:internal/process/task_queues:95:5)\n    at async processBatch (file:///C:/Users/POS/speypos-system/speypos-local/src/services/outbox.worker.js:38:7)\n    at async tick (file:///C:/Users/POS/speypos-system/speypos-local/src/services/outbox.worker.js:73:5)","errorStatus":null,"errorSyscall":null,"errorType":null,"eventId":"dc3502af-40fd-49eb-a36d-b82a9888bf99","eventType":"cloud.mini_batch","level":"warn","message":"Outbox event dispatch failed","timestamp":"2026-07-25T01:35:57.452Z"}
{"baseUrl":"https://speypos-cloud-api.ryong.net","businessDate":"2026-07-25","level":"info","message":"Cloud sync starting.","orderCount":20,"shiftId":"56ef50c8-9581-4ead-9ea4-2c02d6e15628","storeId":"1","timestamp":"2026-07-25T01:36:14.266Z"}
{"error":"Validation failed","errorAddress":null,"errorCause":null,"errorCode":"invalid_event_batch","errorErrno":null,"errorName":"Error","errorPort":null,"errorRequestId":"660564ed-3df8-4b6e-8027-5ee9db32121a","errorStack":"Error: Validation failed\n    at postJson (file:///C:/Users/POS/speypos-system/speypos-local/src/services/cloudIngest.service.js:119:25)\n    at process.processTicksAndRejections (node:internal/process/task_queues:95:5)\n    at async uploadOrdersBatch (file:///C:/Users/POS/speypos-system/speypos-local/src/services/cloudIngest.service.js:170:60)\n    at async dispatchCloudMiniBatch (file:///C:/Users/POS/speypos-system/speypos-local/src/services/outbox.dispatchers.js:75:18)\n    at async processBatch (file:///C:/Users/POS/speypos-system/speypos-local/src/services/outbox.worker.js:38:7)\n    at async tick (file:///C:/Users/POS/speypos-system/speypos-local/src/services/outbox.worker.js:73:5)","errorStatus":422,"errorSyscall":null,"errorType":null,"level":"error","message":"Cloud sync failed.","timestamp":"2026-07-25T01:36:14.466Z"}
{"attempts":6,"error":"upload_failed","errorAddress":null,"errorCause":null,"errorCode":null,"errorErrno":null,"errorName":"Error","errorPort":null,"errorRequestId":null,"errorStack":"Error: upload_failed\n    at dispatchCloudMiniBatch (file:///C:/Users/POS/speypos-system/speypos-local/src/services/outbox.dispatchers.js:78:11)\n    at process.processTicksAndRejections (node:internal/process/task_queues:95:5)\n    at async processBatch (file:///C:/Users/POS/speypos-system/speypos-local/src/services/outbox.worker.js:38:7)\n    at async tick (file:///C:/Users/POS/speypos-system/speypos-local/src/services/outbox.worker.js:73:5)","errorStatus":null,"errorSyscall":null,"errorType":null,"eventId":"dc3502af-40fd-49eb-a36d-b82a9888bf99","eventType":"cloud.mini_batch","level":"warn","message":"Outbox event dispatch failed","timestamp":"2026-07-25T01:36:14.468Z"}
{"baseUrl":"https://speypos-cloud-api.ryong.net","businessDate":"2026-07-25","level":"info","message":"Cloud sync starting.","orderCount":20,"shiftId":"56ef50c8-9581-4ead-9ea4-2c02d6e15628","storeId":"1","timestamp":"2026-07-25T01:36:47.416Z"}
{"error":"Validation failed","errorAddress":null,"errorCause":null,"errorCode":"invalid_event_batch","errorErrno":null,"errorName":"Error","errorPort":null,"errorRequestId":"1c113dec-0414-4cf6-b8da-2d6d5fcd0207","errorStack":"Error: Validation failed\n    at postJson (file:///C:/Users/POS/speypos-system/speypos-local/src/services/cloudIngest.service.js:119:25)\n    at process.processTicksAndRejections (node:internal/process/task_queues:95:5)\n    at async uploadOrdersBatch (file:///C:/Users/POS/speypos-system/speypos-local/src/services/cloudIngest.service.js:170:60)\n    at async dispatchCloudMiniBatch (file:///C:/Users/POS/speypos-system/speypos-local/src/services/outbox.dispatchers.js:75:18)\n    at async processBatch (file:///C:/Users/POS/speypos-system/speypos-local/src/services/outbox.worker.js:38:7)\n    at async tick (file:///C:/Users/POS/speypos-system/speypos-local/src/services/outbox.worker.js:73:5)","errorStatus":422,"errorSyscall":null,"errorType":null,"level":"error","message":"Cloud sync failed.","timestamp":"2026-07-25T01:36:47.612Z"}
{"attempts":7,"error":"upload_failed","errorAddress":null,"errorCause":null,"errorCode":null,"errorErrno":null,"errorName":"Error","errorPort":null,"errorRequestId":null,"errorStack":"Error: upload_failed\n    at dispatchCloudMiniBatch (file:///C:/Users/POS/speypos-system/speypos-local/src/services/outbox.dispatchers.js:78:11)\n    at process.processTicksAndRejections (node:internal/process/task_queues:95:5)\n    at async processBatch (file:///C:/Users/POS/speypos-system/speypos-local/src/services/outbox.worker.js:38:7)\n    at async tick (file:///C:/Users/POS/speypos-system/speypos-local/src/services/outbox.worker.js:73:5)","errorStatus":null,"errorSyscall":null,"errorType":null,"eventId":"dc3502af-40fd-49eb-a36d-b82a9888bf99","eventType":"cloud.mini_batch","level":"warn","message":"Outbox event dispatch failed","timestamp":"2026-07-25T01:36:47.614Z"}
{"baseUrl":"https://speypos-cloud-api.ryong.net","businessDate":"2026-07-25","level":"info","message":"Cloud sync starting.","orderCount":20,"shiftId":"56ef50c8-9581-4ead-9ea4-2c02d6e15628","storeId":"1","timestamp":"2026-07-25T01:37:52.721Z"}
{"error":"Validation failed","errorAddress":null,"errorCause":null,"errorCode":"invalid_event_batch","errorErrno":null,"errorName":"Error","errorPort":null,"errorRequestId":"4cbee1e8-71c2-466b-ae7c-2b9b81b8d50f","errorStack":"Error: Validation failed\n    at postJson (file:///C:/Users/POS/speypos-system/speypos-local/src/services/cloudIngest.service.js:119:25)\n    at process.processTicksAndRejections (node:internal/process/task_queues:95:5)\n    at async uploadOrdersBatch (file:///C:/Users/POS/speypos-system/speypos-local/src/services/cloudIngest.service.js:170:60)\n    at async dispatchCloudMiniBatch (file:///C:/Users/POS/speypos-system/speypos-local/src/services/outbox.dispatchers.js:75:18)\n    at async processBatch (file:///C:/Users/POS/speypos-system/speypos-local/src/services/outbox.worker.js:38:7)\n    at async tick (file:///C:/Users/POS/speypos-system/speypos-local/src/services/outbox.worker.js:73:5)","errorStatus":422,"errorSyscall":null,"errorType":null,"level":"error","message":"Cloud sync failed.","timestamp":"2026-07-25T01:37:52.910Z"}
{"attempts":8,"error":"upload_failed","errorAddress":null,"errorCause":null,"errorCode":null,"errorErrno":null,"errorName":"Error","errorPort":null,"errorRequestId":null,"errorStack":"Error: upload_failed\n    at dispatchCloudMiniBatch (file:///C:/Users/POS/speypos-system/speypos-local/src/services/outbox.dispatchers.js:78:11)\n    at process.processTicksAndRejections (node:internal/process/task_queues:95:5)\n    at async processBatch (file:///C:/Users/POS/speypos-system/speypos-local/src/services/outbox.worker.js:38:7)\n    at async tick (file:///C:/Users/POS/speypos-system/speypos-local/src/services/outbox.worker.js:73:5)","errorStatus":null,"errorSyscall":null,"errorType":null,"eventId":"dc3502af-40fd-49eb-a36d-b82a9888bf99","eventType":"cloud.mini_batch","level":"warn","message":"Outbox event dispatch failed","timestamp":"2026-07-25T01:37:52.912Z"}
{"baseUrl":"https://speypos-cloud-api.ryong.net","businessDate":"2026-07-25","level":"info","message":"Cloud sync starting.","orderCount":20,"shiftId":"56ef50c8-9581-4ead-9ea4-2c02d6e15628","storeId":"1","timestamp":"2026-07-25T01:38:57.974Z"}
{"error":"Validation failed","errorAddress":null,"errorCause":null,"errorCode":"invalid_event_batch","errorErrno":null,"errorName":"Error","errorPort":null,"errorRequestId":"2a655135-d255-4a64-a4f4-5256f1d61ccc","errorStack":"Error: Validation failed\n    at postJson (file:///C:/Users/POS/speypos-system/speypos-local/src/services/cloudIngest.service.js:119:25)\n    at process.processTicksAndRejections (node:internal/process/task_queues:95:5)\n    at async uploadOrdersBatch (file:///C:/Users/POS/speypos-system/speypos-local/src/services/cloudIngest.service.js:170:60)\n    at async dispatchCloudMiniBatch (file:///C:/Users/POS/speypos-system/speypos-local/src/services/outbox.dispatchers.js:75:18)\n    at async processBatch (file:///C:/Users/POS/speypos-system/speypos-local/src/services/outbox.worker.js:38:7)\n    at async tick (file:///C:/Users/POS/speypos-system/speypos-local/src/services/outbox.worker.js:73:5)","errorStatus":422,"errorSyscall":null,"errorType":null,"level":"error","message":"Cloud sync failed.","timestamp":"2026-07-25T01:38:58.172Z"}
{"attempts":9,"error":"upload_failed","errorAddress":null,"errorCause":null,"errorCode":null,"errorErrno":null,"errorName":"Error","errorPort":null,"errorRequestId":null,"errorStack":"Error: upload_failed\n    at dispatchCloudMiniBatch (file:///C:/Users/POS/speypos-system/speypos-local/src/services/outbox.dispatchers.js:78:11)\n    at process.processTicksAndRejections (node:internal/process/task_queues:95:5)\n    at async processBatch (file:///C:/Users/POS/speypos-system/speypos-local/src/services/outbox.worker.js:38:7)\n    at async tick (file:///C:/Users/POS/speypos-system/speypos-local/src/services/outbox.worker.js:73:5)","errorStatus":null,"errorSyscall":null,"errorType":null,"eventId":"dc3502af-40fd-49eb-a36d-b82a9888bf99","eventType":"cloud.mini_batch","level":"warn","message":"Outbox event dispatch failed","timestamp":"2026-07-25T01:38:58.174Z"}
{"baseUrl":"https://speypos-cloud-api.ryong.net","businessDate":"2026-07-25","level":"info","message":"Cloud sync starting.","orderCount":20,"shiftId":"56ef50c8-9581-4ead-9ea4-2c02d6e15628","storeId":"1","timestamp":"2026-07-25T01:40:03.197Z"}
{"error":"Validation failed","errorAddress":null,"errorCause":null,"errorCode":"invalid_event_batch","errorErrno":null,"errorName":"Error","errorPort":null,"errorRequestId":"9ec77610-9625-4503-9373-dd2ec6284eee","errorStack":"Error: Validation failed\n    at postJson (file:///C:/Users/POS/speypos-system/speypos-local/src/services/cloudIngest.service.js:119:25)\n    at process.processTicksAndRejections (node:internal/process/task_queues:95:5)\n    at async uploadOrdersBatch (file:///C:/Users/POS/speypos-system/speypos-local/src/services/cloudIngest.service.js:170:60)\n    at async dispatchCloudMiniBatch (file:///C:/Users/POS/speypos-system/speypos-local/src/services/outbox.dispatchers.js:75:18)\n    at async processBatch (file:///C:/Users/POS/speypos-system/speypos-local/src/services/outbox.worker.js:38:7)\n    at async tick (file:///C:/Users/POS/speypos-system/speypos-local/src/services/outbox.worker.js:73:5)","errorStatus":422,"errorSyscall":null,"errorType":null,"level":"error","message":"Cloud sync failed.","timestamp":"2026-07-25T01:40:03.398Z"}
{"attempts":10,"error":"upload_failed","errorAddress":null,"errorCause":null,"errorCode":null,"errorErrno":null,"errorName":"Error","errorPort":null,"errorRequestId":null,"errorStack":"Error: upload_failed\n    at dispatchCloudMiniBatch (file:///C:/Users/POS/speypos-system/speypos-local/src/services/outbox.dispatchers.js:78:11)\n    at process.processTicksAndRejections (node:internal/process/task_queues:95:5)\n    at async processBatch (file:///C:/Users/POS/speypos-system/speypos-local/src/services/outbox.worker.js:38:7)\n    at async tick (file:///C:/Users/POS/speypos-system/speypos-local/src/services/outbox.worker.js:73:5)","errorStatus":null,"errorSyscall":null,"errorType":null,"eventId":"dc3502af-40fd-49eb-a36d-b82a9888bf99","eventType":"cloud.mini_batch","level":"warn","message":"Outbox event dispatch failed","timestamp":"2026-07-25T01:40:03.399Z"}
{"level":"info","message":"Starting print job for order ID: 94400e82-6939-4397-a3fb-dccc576550a8.","status":"completed","timestamp":"2026-07-25T01:42:57.900Z"}
{"copies":[{"count":1,"variant":"INTERNAL"}],"engine":"canvas","level":"info","message":"Printing 1 variants for order 94400e82-6939-4397-a3fb-dccc576550a8","timestamp":"2026-07-25T01:42:57.902Z"}
{"level":"info","message":"[canvas] Rendering ESC/POS buffer for variant INTERNAL, order 94400e82-6939-4397-a3fb-dccc576550a8.","timestamp":"2026-07-25T01:42:57.902Z"}
{"level":"info","message":"[canvas] Sending copy 1/1 of variant INTERNAL for order 94400e82-6939-4397-a3fb-dccc576550a8.","timestamp":"2026-07-25T01:42:57.917Z"}
{"bufferBytes":23340,"level":"info","message":"ESC/POS transport: preparing to send buffer to printer","printerName":"\\\\localhost\\XP80","timestamp":"2026-07-25T01:42:57.917Z"}
{"bufferBytes":23340,"level":"info","message":"ESC/POS transport: buffer sent successfully","printerName":"\\\\localhost\\XP80","timestamp":"2026-07-25T01:42:58.188Z"}
{"level":"info","message":"Print job for order 94400e82-6939-4397-a3fb-dccc576550a8 completed and marked as printed.","timestamp":"2026-07-25T01:42:58.189Z"}
{"level":"info","message":"Telegram message sent successfully.","timestamp":"2026-07-25T01:42:59.164Z"}
{"level":"info","message":"Successfully sent and marked Telegram notification for order 94400e82-6939-4397-a3fb-dccc576550a8","timestamp":"2026-07-25T01:42:59.165Z"}
{"baseUrl":"https://speypos-cloud-api.ryong.net","businessDate":"2026-07-25","level":"info","message":"Cloud sync starting.","orderCount":20,"shiftId":"56ef50c8-9581-4ead-9ea4-2c02d6e15628","storeId":"1","timestamp":"2026-07-25T01:42:59.216Z"}
{"error":"Validation failed","errorAddress":null,"errorCause":null,"errorCode":"invalid_event_batch","errorErrno":null,"errorName":"Error","errorPort":null,"errorRequestId":"6b42f7c0-8960-44a8-9336-0a653134c4d9","errorStack":"Error: Validation failed\n    at postJson (file:///C:/Users/POS/speypos-system/speypos-local/src/services/cloudIngest.service.js:119:25)\n    at process.processTicksAndRejections (node:internal/process/task_queues:95:5)\n    at async uploadOrdersBatch (file:///C:/Users/POS/speypos-system/speypos-local/src/services/cloudIngest.service.js:170:60)\n    at async dispatchCloudMiniBatch (file:///C:/Users/POS/speypos-system/speypos-local/src/services/outbox.dispatchers.js:75:18)\n    at async processBatch (file:///C:/Users/POS/speypos-system/speypos-local/src/services/outbox.worker.js:38:7)\n    at async tick (file:///C:/Users/POS/speypos-system/speypos-local/src/services/outbox.worker.js:73:5)","errorStatus":422,"errorSyscall":null,"errorType":null,"level":"error","message":"Cloud sync failed.","timestamp":"2026-07-25T01:42:59.484Z"}
{"attempts":1,"error":"upload_failed","errorAddress":null,"errorCause":null,"errorCode":null,"errorErrno":null,"errorName":"Error","errorPort":null,"errorRequestId":null,"errorStack":"Error: upload_failed\n    at dispatchCloudMiniBatch (file:///C:/Users/POS/speypos-system/speypos-local/src/services/outbox.dispatchers.js:78:11)\n    at process.processTicksAndRejections (node:internal/process/task_queues:95:5)\n    at async processBatch (file:///C:/Users/POS/speypos-system/speypos-local/src/services/outbox.worker.js:38:7)\n    at async tick (file:///C:/Users/POS/speypos-system/speypos-local/src/services/outbox.worker.js:73:5)","errorStatus":null,"errorSyscall":null,"errorType":null,"eventId":"a34f4136-26ea-4921-beb3-6efee1694499","eventType":"cloud.mini_batch","level":"warn","message":"Outbox event dispatch failed","timestamp":"2026-07-25T01:42:59.486Z"}
{"baseUrl":"https://speypos-cloud-api.ryong.net","businessDate":"2026-07-25","level":"info","message":"Cloud sync starting.","orderCount":20,"shiftId":"56ef50c8-9581-4ead-9ea4-2c02d6e15628","storeId":"1","timestamp":"2026-07-25T01:43:00.967Z"}
{"error":"Validation failed","errorAddress":null,"errorCause":null,"errorCode":"invalid_event_batch","errorErrno":null,"errorName":"Error","errorPort":null,"errorRequestId":"2f0390b0-163f-4135-b5ce-fb2a8955c072","errorStack":"Error: Validation failed\n    at postJson (file:///C:/Users/POS/speypos-system/speypos-local/src/services/cloudIngest.service.js:119:25)\n    at process.processTicksAndRejections (node:internal/process/task_queues:95:5)\n    at async uploadOrdersBatch (file:///C:/Users/POS/speypos-system/speypos-local/src/services/cloudIngest.service.js:170:60)\n    at async dispatchCloudMiniBatch (file:///C:/Users/POS/speypos-system/speypos-local/src/services/outbox.dispatchers.js:75:18)\n    at async processBatch (file:///C:/Users/POS/speypos-system/speypos-local/src/services/outbox.worker.js:38:7)\n    at async tick (file:///C:/Users/POS/speypos-system/speypos-local/src/services/outbox.worker.js:73:5)","errorStatus":422,"errorSyscall":null,"errorType":null,"level":"error","message":"Cloud sync failed.","timestamp":"2026-07-25T01:43:01.038Z"}
{"attempts":2,"error":"upload_failed","errorAddress":null,"errorCause":null,"errorCode":null,"errorErrno":null,"errorName":"Error","errorPort":null,"errorRequestId":null,"errorStack":"Error: upload_failed\n    at dispatchCloudMiniBatch (file:///C:/Users/POS/speypos-system/speypos-local/src/services/outbox.dispatchers.js:78:11)\n    at process.processTicksAndRejections (node:internal/process/task_queues:95:5)\n    at async processBatch (file:///C:/Users/POS/speypos-system/speypos-local/src/services/outbox.worker.js:38:7)\n    at async tick (file:///C:/Users/POS/speypos-system/speypos-local/src/services/outbox.worker.js:73:5)","errorStatus":null,"errorSyscall":null,"errorType":null,"eventId":"a34f4136-26ea-4921-beb3-6efee1694499","eventType":"cloud.mini_batch","level":"warn","message":"Outbox event dispatch failed","timestamp":"2026-07-25T01:43:01.039Z"}
{"baseUrl":"https://speypos-cloud-api.ryong.net","businessDate":"2026-07-25","level":"info","message":"Cloud sync starting.","orderCount":20,"shiftId":"56ef50c8-9581-4ead-9ea4-2c02d6e15628","storeId":"1","timestamp":"2026-07-25T01:43:03.985Z"}
{"error":"Validation failed","errorAddress":null,"errorCause":null,"errorCode":"invalid_event_batch","errorErrno":null,"errorName":"Error","errorPort":null,"errorRequestId":"0925ba1f-01ff-4770-8730-e507b4974b4e","errorStack":"Error: Validation failed\n    at postJson (file:///C:/Users/POS/speypos-system/speypos-local/src/services/cloudIngest.service.js:119:25)\n    at process.processTicksAndRejections (node:internal/process/task_queues:95:5)\n    at async uploadOrdersBatch (file:///C:/Users/POS/speypos-system/speypos-local/src/services/cloudIngest.service.js:170:60)\n    at async dispatchCloudMiniBatch (file:///C:/Users/POS/speypos-system/speypos-local/src/services/outbox.dispatchers.js:75:18)\n    at async processBatch (file:///C:/Users/POS/speypos-system/speypos-local/src/services/outbox.worker.js:38:7)\n    at async tick (file:///C:/Users/POS/speypos-system/speypos-local/src/services/outbox.worker.js:73:5)","errorStatus":422,"errorSyscall":null,"errorType":null,"level":"error","message":"Cloud sync failed.","timestamp":"2026-07-25T01:43:04.058Z"}
{"attempts":3,"error":"upload_failed","errorAddress":null,"errorCause":null,"errorCode":null,"errorErrno":null,"errorName":"Error","errorPort":null,"errorRequestId":null,"errorStack":"Error: upload_failed\n    at dispatchCloudMiniBatch (file:///C:/Users/POS/speypos-system/speypos-local/src/services/outbox.dispatchers.js:78:11)\n    at process.processTicksAndRejections (node:internal/process/task_queues:95:5)\n    at async processBatch (file:///C:/Users/POS/speypos-system/speypos-local/src/services/outbox.worker.js:38:7)\n    at async tick (file:///C:/Users/POS/speypos-system/speypos-local/src/services/outbox.worker.js:73:5)","errorStatus":null,"errorSyscall":null,"errorType":null,"eventId":"a34f4136-26ea-4921-beb3-6efee1694499","eventType":"cloud.mini_batch","level":"warn","message":"Outbox event dispatch failed","timestamp":"2026-07-25T01:43:04.060Z"}
{"baseUrl":"https://speypos-cloud-api.ryong.net","businessDate":"2026-07-25","level":"info","message":"Cloud sync starting.","orderCount":20,"shiftId":"56ef50c8-9581-4ead-9ea4-2c02d6e15628","storeId":"1","timestamp":"2026-07-25T01:43:09.022Z"}
{"error":"Validation failed","errorAddress":null,"errorCause":null,"errorCode":"invalid_event_batch","errorErrno":null,"errorName":"Error","errorPort":null,"errorRequestId":"258259f7-b791-4f39-8379-3c54cd0f372f","errorStack":"Error: Validation failed\n    at postJson (file:///C:/Users/POS/speypos-system/speypos-local/src/services/cloudIngest.service.js:119:25)\n    at process.processTicksAndRejections (node:internal/process/task_queues:95:5)\n    at async uploadOrdersBatch (file:///C:/Users/POS/speypos-system/speypos-local/src/services/cloudIngest.service.js:170:60)\n    at async dispatchCloudMiniBatch (file:///C:/Users/POS/speypos-system/speypos-local/src/services/outbox.dispatchers.js:75:18)\n    at async processBatch (file:///C:/Users/POS/speypos-system/speypos-local/src/services/outbox.worker.js:38:7)\n    at async tick (file:///C:/Users/POS/speypos-system/speypos-local/src/services/outbox.worker.js:73:5)","errorStatus":422,"errorSyscall":null,"errorType":null,"level":"error","message":"Cloud sync failed.","timestamp":"2026-07-25T01:43:09.217Z"}
{"attempts":4,"error":"upload_failed","errorAddress":null,"errorCause":null,"errorCode":null,"errorErrno":null,"errorName":"Error","errorPort":null,"errorRequestId":null,"errorStack":"Error: upload_failed\n    at dispatchCloudMiniBatch (file:///C:/Users/POS/speypos-system/speypos-local/src/services/outbox.dispatchers.js:78:11)\n    at process.processTicksAndRejections (node:internal/process/task_queues:95:5)\n    at async processBatch (file:///C:/Users/POS/speypos-system/speypos-local/src/services/outbox.worker.js:38:7)\n    at async tick (file:///C:/Users/POS/speypos-system/speypos-local/src/services/outbox.worker.js:73:5)","errorStatus":null,"errorSyscall":null,"errorType":null,"eventId":"a34f4136-26ea-4921-beb3-6efee1694499","eventType":"cloud.mini_batch","level":"warn","message":"Outbox event dispatch failed","timestamp":"2026-07-25T01:43:09.218Z"}
{"baseUrl":"https://speypos-cloud-api.ryong.net","businessDate":"2026-07-25","level":"info","message":"Cloud sync starting.","orderCount":20,"shiftId":"56ef50c8-9581-4ead-9ea4-2c02d6e15628","storeId":"1","timestamp":"2026-07-25T01:43:18.082Z"}
{"error":"Validation failed","errorAddress":null,"errorCause":null,"errorCode":"invalid_event_batch","errorErrno":null,"errorName":"Error","errorPort":null,"errorRequestId":"09b4188e-0463-420f-9bbd-26052e90d719","errorStack":"Error: Validation failed\n    at postJson (file:///C:/Users/POS/speypos-system/speypos-local/src/services/cloudIngest.service.js:119:25)\n    at process.processTicksAndRejections (node:internal/process/task_queues:95:5)\n    at async uploadOrdersBatch (file:///C:/Users/POS/speypos-system/speypos-local/src/services/cloudIngest.service.js:170:60)\n    at async dispatchCloudMiniBatch (file:///C:/Users/POS/speypos-system/speypos-local/src/services/outbox.dispatchers.js:75:18)\n    at async processBatch (file:///C:/Users/POS/speypos-system/speypos-local/src/services/outbox.worker.js:38:7)\n    at async tick (file:///C:/Users/POS/speypos-system/speypos-local/src/services/outbox.worker.js:73:5)","errorStatus":422,"errorSyscall":null,"errorType":null,"level":"error","message":"Cloud sync failed.","timestamp":"2026-07-25T01:43:18.279Z"}
{"attempts":5,"error":"upload_failed","errorAddress":null,"errorCause":null,"errorCode":null,"errorErrno":null,"errorName":"Error","errorPort":null,"errorRequestId":null,"errorStack":"Error: upload_failed\n    at dispatchCloudMiniBatch (file:///C:/Users/POS/speypos-system/speypos-local/src/services/outbox.dispatchers.js:78:11)\n    at process.processTicksAndRejections (node:internal/process/task_queues:95:5)\n    at async processBatch (file:///C:/Users/POS/speypos-system/speypos-local/src/services/outbox.worker.js:38:7)\n    at async tick (file:///C:/Users/POS/speypos-system/speypos-local/src/services/outbox.worker.js:73:5)","errorStatus":null,"errorSyscall":null,"errorType":null,"eventId":"a34f4136-26ea-4921-beb3-6efee1694499","eventType":"cloud.mini_batch","level":"warn","message":"Outbox event dispatch failed","timestamp":"2026-07-25T01:43:18.281Z"}
{"baseUrl":"https://speypos-cloud-api.ryong.net","businessDate":"2026-07-25","level":"info","message":"Cloud sync starting.","orderCount":20,"shiftId":"56ef50c8-9581-4ead-9ea4-2c02d6e15628","storeId":"1","timestamp":"2026-07-25T01:43:35.092Z"}
{"error":"Validation failed","errorAddress":null,"errorCause":null,"errorCode":"invalid_event_batch","errorErrno":null,"errorName":"Error","errorPort":null,"errorRequestId":"abf8f47a-a499-4a41-9260-b7d0842f6f7e","errorStack":"Error: Validation failed\n    at postJson (file:///C:/Users/POS/speypos-system/speypos-local/src/services/cloudIngest.service.js:119:25)\n    at process.processTicksAndRejections (node:internal/process/task_queues:95:5)\n    at async uploadOrdersBatch (file:///C:/Users/POS/speypos-system/speypos-local/src/services/cloudIngest.service.js:170:60)\n    at async dispatchCloudMiniBatch (file:///C:/Users/POS/speypos-system/speypos-local/src/services/outbox.dispatchers.js:75:18)\n    at async processBatch (file:///C:/Users/POS/speypos-system/speypos-local/src/services/outbox.worker.js:38:7)\n    at async tick (file:///C:/Users/POS/speypos-system/speypos-local/src/services/outbox.worker.js:73:5)","errorStatus":422,"errorSyscall":null,"errorType":null,"level":"error","message":"Cloud sync failed.","timestamp":"2026-07-25T01:43:35.292Z"}
{"attempts":6,"error":"upload_failed","errorAddress":null,"errorCause":null,"errorCode":null,"errorErrno":null,"errorName":"Error","errorPort":null,"errorRequestId":null,"errorStack":"Error: upload_failed\n    at dispatchCloudMiniBatch (file:///C:/Users/POS/speypos-system/speypos-local/src/services/outbox.dispatchers.js:78:11)\n    at process.processTicksAndRejections (node:internal/process/task_queues:95:5)\n    at async processBatch (file:///C:/Users/POS/speypos-system/speypos-local/src/services/outbox.worker.js:38:7)\n    at async tick (file:///C:/Users/POS/speypos-system/speypos-local/src/services/outbox.worker.js:73:5)","errorStatus":null,"errorSyscall":null,"errorType":null,"eventId":"a34f4136-26ea-4921-beb3-6efee1694499","eventType":"cloud.mini_batch","level":"warn","message":"Outbox event dispatch failed","timestamp":"2026-07-25T01:43:35.294Z"}
{"baseUrl":"https://speypos-cloud-api.ryong.net","businessDate":"2026-07-25","level":"info","message":"Cloud sync starting.","orderCount":20,"shiftId":"56ef50c8-9581-4ead-9ea4-2c02d6e15628","storeId":"1","timestamp":"2026-07-25T01:44:08.416Z"}
{"error":"Validation failed","errorAddress":null,"errorCause":null,"errorCode":"invalid_event_batch","errorErrno":null,"errorName":"Error","errorPort":null,"errorRequestId":"86a0b04c-472e-46c1-a904-c3a75eaf8097","errorStack":"Error: Validation failed\n    at postJson (file:///C:/Users/POS/speypos-system/speypos-local/src/services/cloudIngest.service.js:119:25)\n    at process.processTicksAndRejections (node:internal/process/task_queues:95:5)\n    at async uploadOrdersBatch (file:///C:/Users/POS/speypos-system/speypos-local/src/services/cloudIngest.service.js:170:60)\n    at async dispatchCloudMiniBatch (file:///C:/Users/POS/speypos-system/speypos-local/src/services/outbox.dispatchers.js:75:18)\n    at async processBatch (file:///C:/Users/POS/speypos-system/speypos-local/src/services/outbox.worker.js:38:7)\n    at async tick (file:///C:/Users/POS/speypos-system/speypos-local/src/services/outbox.worker.js:73:5)","errorStatus":422,"errorSyscall":null,"errorType":null,"level":"error","message":"Cloud sync failed.","timestamp":"2026-07-25T01:44:08.612Z"}
{"attempts":7,"error":"upload_failed","errorAddress":null,"errorCause":null,"errorCode":null,"errorErrno":null,"errorName":"Error","errorPort":null,"errorRequestId":null,"errorStack":"Error: upload_failed\n    at dispatchCloudMiniBatch (file:///C:/Users/POS/speypos-system/speypos-local/src/services/outbox.dispatchers.js:78:11)\n    at process.processTicksAndRejections (node:internal/process/task_queues:95:5)\n    at async processBatch (file:///C:/Users/POS/speypos-system/speypos-local/src/services/outbox.worker.js:38:7)\n    at async tick (file:///C:/Users/POS/speypos-system/speypos-local/src/services/outbox.worker.js:73:5)","errorStatus":null,"errorSyscall":null,"errorType":null,"eventId":"a34f4136-26ea-4921-beb3-6efee1694499","eventType":"cloud.mini_batch","level":"warn","message":"Outbox event dispatch failed","timestamp":"2026-07-25T01:44:08.614Z"}
{"baseUrl":"https://speypos-cloud-api.ryong.net","businessDate":"2026-07-25","level":"info","message":"Cloud sync starting.","orderCount":20,"shiftId":"56ef50c8-9581-4ead-9ea4-2c02d6e15628","storeId":"1","timestamp":"2026-07-25T01:45:13.882Z"}
{"error":"Validation failed","errorAddress":null,"errorCause":null,"errorCode":"invalid_event_batch","errorErrno":null,"errorName":"Error","errorPort":null,"errorRequestId":"f0f0c3ac-dd03-4d28-bda4-d46e470338d3","errorStack":"Error: Validation failed\n    at postJson (file:///C:/Users/POS/speypos-system/speypos-local/src/services/cloudIngest.service.js:119:25)\n    at process.processTicksAndRejections (node:internal/process/task_queues:95:5)\n    at async uploadOrdersBatch (file:///C:/Users/POS/speypos-system/speypos-local/src/services/cloudIngest.service.js:170:60)\n    at async dispatchCloudMiniBatch (file:///C:/Users/POS/speypos-system/speypos-local/src/services/outbox.dispatchers.js:75:18)\n    at async processBatch (file:///C:/Users/POS/speypos-system/speypos-local/src/services/outbox.worker.js:38:7)\n    at async tick (file:///C:/Users/POS/speypos-system/speypos-local/src/services/outbox.worker.js:73:5)","errorStatus":422,"errorSyscall":null,"errorType":null,"level":"error","message":"Cloud sync failed.","timestamp":"2026-07-25T01:45:14.076Z"}
{"attempts":8,"error":"upload_failed","errorAddress":null,"errorCause":null,"errorCode":null,"errorErrno":null,"errorName":"Error","errorPort":null,"errorRequestId":null,"errorStack":"Error: upload_failed\n    at dispatchCloudMiniBatch (file:///C:/Users/POS/speypos-system/speypos-local/src/services/outbox.dispatchers.js:78:11)\n    at process.processTicksAndRejections (node:internal/process/task_queues:95:5)\n    at async processBatch (file:///C:/Users/POS/speypos-system/speypos-local/src/services/outbox.worker.js:38:7)\n    at async tick (file:///C:/Users/POS/speypos-system/speypos-local/src/services/outbox.worker.js:73:5)","errorStatus":null,"errorSyscall":null,"errorType":null,"eventId":"a34f4136-26ea-4921-beb3-6efee1694499","eventType":"cloud.mini_batch","level":"warn","message":"Outbox event dispatch failed","timestamp":"2026-07-25T01:45:14.077Z"}
{"baseUrl":"https://speypos-cloud-api.ryong.net","businessDate":"2026-07-25","level":"info","message":"Cloud sync starting.","orderCount":20,"shiftId":"56ef50c8-9581-4ead-9ea4-2c02d6e15628","storeId":"1","timestamp":"2026-07-25T01:46:18.250Z"}
{"error":"Validation failed","errorAddress":null,"errorCause":null,"errorCode":"invalid_event_batch","errorErrno":null,"errorName":"Error","errorPort":null,"errorRequestId":"7ecbd720-47e8-4ea1-adcb-2a2e05a798c3","errorStack":"Error: Validation failed\n    at postJson (file:///C:/Users/POS/speypos-system/speypos-local/src/services/cloudIngest.service.js:119:25)\n    at process.processTicksAndRejections (node:internal/process/task_queues:95:5)\n    at async uploadOrdersBatch (file:///C:/Users/POS/speypos-system/speypos-local/src/services/cloudIngest.service.js:170:60)\n    at async dispatchCloudMiniBatch (file:///C:/Users/POS/speypos-system/speypos-local/src/services/outbox.dispatchers.js:75:18)\n    at async processBatch (file:///C:/Users/POS/speypos-system/speypos-local/src/services/outbox.worker.js:38:7)\n    at async tick (file:///C:/Users/POS/speypos-system/speypos-local/src/services/outbox.worker.js:73:5)","errorStatus":422,"errorSyscall":null,"errorType":null,"level":"error","message":"Cloud sync failed.","timestamp":"2026-07-25T01:46:18.437Z"}
{"attempts":9,"error":"upload_failed","errorAddress":null,"errorCause":null,"errorCode":null,"errorErrno":null,"errorName":"Error","errorPort":null,"errorRequestId":null,"errorStack":"Error: upload_failed\n    at dispatchCloudMiniBatch (file:///C:/Users/POS/speypos-system/speypos-local/src/services/outbox.dispatchers.js:78:11)\n    at process.processTicksAndRejections (node:internal/process/task_queues:95:5)\n    at async processBatch (file:///C:/Users/POS/speypos-system/speypos-local/src/services/outbox.worker.js:38:7)\n    at async tick (file:///C:/Users/POS/speypos-system/speypos-local/src/services/outbox.worker.js:73:5)","errorStatus":null,"errorSyscall":null,"errorType":null,"eventId":"a34f4136-26ea-4921-beb3-6efee1694499","eventType":"cloud.mini_batch","level":"warn","message":"Outbox event dispatch failed","timestamp":"2026-07-25T01:46:18.439Z"}
{"baseUrl":"https://speypos-cloud-api.ryong.net","businessDate":"2026-07-25","level":"info","message":"Cloud sync starting.","orderCount":20,"shiftId":"56ef50c8-9581-4ead-9ea4-2c02d6e15628","storeId":"1","timestamp":"2026-07-25T01:47:23.649Z"}
{"error":"Validation failed","errorAddress":null,"errorCause":null,"errorCode":"invalid_event_batch","errorErrno":null,"errorName":"Error","errorPort":null,"errorRequestId":"6263e6e3-78a3-4986-856d-b5cb1376ab0f","errorStack":"Error: Validation failed\n    at postJson (file:///C:/Users/POS/speypos-system/speypos-local/src/services/cloudIngest.service.js:119:25)\n    at process.processTicksAndRejections (node:internal/process/task_queues:95:5)\n    at async uploadOrdersBatch (file:///C:/Users/POS/speypos-system/speypos-local/src/services/cloudIngest.service.js:170:60)\n    at async dispatchCloudMiniBatch (file:///C:/Users/POS/speypos-system/speypos-local/src/services/outbox.dispatchers.js:75:18)\n    at async processBatch (file:///C:/Users/POS/speypos-system/speypos-local/src/services/outbox.worker.js:38:7)\n    at async tick (file:///C:/Users/POS/speypos-system/speypos-local/src/services/outbox.worker.js:73:5)","errorStatus":422,"errorSyscall":null,"errorType":null,"level":"error","message":"Cloud sync failed.","timestamp":"2026-07-25T01:47:23.861Z"}
{"attempts":10,"error":"upload_failed","errorAddress":null,"errorCause":null,"errorCode":null,"errorErrno":null,"errorName":"Error","errorPort":null,"errorRequestId":null,"errorStack":"Error: upload_failed\n    at dispatchCloudMiniBatch (file:///C:/Users/POS/speypos-system/speypos-local/src/services/outbox.dispatchers.js:78:11)\n    at process.processTicksAndRejections (node:internal/process/task_queues:95:5)\n    at async processBatch (file:///C:/Users/POS/speypos-system/speypos-local/src/services/outbox.worker.js:38:7)\n    at async tick (file:///C:/Users/POS/speypos-system/speypos-local/src/services/outbox.worker.js:73:5)","errorStatus":null,"errorSyscall":null,"errorType":null,"eventId":"a34f4136-26ea-4921-beb3-6efee1694499","eventType":"cloud.mini_batch","level":"warn","message":"Outbox event dispatch failed","timestamp":"2026-07-25T01:47:23.863Z"}
{"level":"info","message":"Starting print job for order ID: 9a429103-18de-425d-87e7-ccc190270599.","status":"completed","timestamp":"2026-07-25T02:00:54.436Z"}
{"copies":[{"count":1,"variant":"INTERNAL"}],"engine":"canvas","level":"info","message":"Printing 1 variants for order 9a429103-18de-425d-87e7-ccc190270599","timestamp":"2026-07-25T02:00:54.437Z"}
{"level":"info","message":"[canvas] Rendering ESC/POS buffer for variant INTERNAL, order 9a429103-18de-425d-87e7-ccc190270599.","timestamp":"2026-07-25T02:00:54.437Z"}
{"level":"info","message":"[canvas] Sending copy 1/1 of variant INTERNAL for order 9a429103-18de-425d-87e7-ccc190270599.","timestamp":"2026-07-25T02:00:54.461Z"}
{"bufferBytes":23340,"level":"info","message":"ESC/POS transport: preparing to send buffer to printer","printerName":"\\\\localhost\\XP80","timestamp":"2026-07-25T02:00:54.461Z"}
{"bufferBytes":23340,"level":"info","message":"ESC/POS transport: buffer sent successfully","printerName":"\\\\localhost\\XP80","timestamp":"2026-07-25T02:00:54.726Z"}
{"level":"info","message":"Print job for order 9a429103-18de-425d-87e7-ccc190270599 completed and marked as printed.","timestamp":"2026-07-25T02:00:54.727Z"}
{"level":"info","message":"Telegram message sent successfully.","timestamp":"2026-07-25T02:00:55.705Z"}
{"level":"info","message":"Successfully sent and marked Telegram notification for order 9a429103-18de-425d-87e7-ccc190270599","timestamp":"2026-07-25T02:00:55.706Z"}
{"baseUrl":"https://speypos-cloud-api.ryong.net","businessDate":"2026-07-25","level":"info","message":"Cloud sync starting.","orderCount":20,"shiftId":"56ef50c8-9581-4ead-9ea4-2c02d6e15628","storeId":"1","timestamp":"2026-07-25T02:00:55.788Z"}
{"error":"Validation failed","errorAddress":null,"errorCause":null,"errorCode":"invalid_event_batch","errorErrno":null,"errorName":"Error","errorPort":null,"errorRequestId":"a02f17af-ae48-4100-af95-24f6216fa802","errorStack":"Error: Validation failed\n    at postJson (file:///C:/Users/POS/speypos-system/speypos-local/src/services/cloudIngest.service.js:119:25)\n    at process.processTicksAndRejections (node:internal/process/task_queues:95:5)\n    at async uploadOrdersBatch (file:///C:/Users/POS/speypos-system/speypos-local/src/services/cloudIngest.service.js:170:60)\n    at async dispatchCloudMiniBatch (file:///C:/Users/POS/speypos-system/speypos-local/src/services/outbox.dispatchers.js:75:18)\n    at async processBatch (file:///C:/Users/POS/speypos-system/speypos-local/src/services/outbox.worker.js:38:7)\n    at async tick (file:///C:/Users/POS/speypos-system/speypos-local/src/services/outbox.worker.js:73:5)","errorStatus":422,"errorSyscall":null,"errorType":null,"level":"error","message":"Cloud sync failed.","timestamp":"2026-07-25T02:00:56.065Z"}
{"attempts":1,"error":"upload_failed","errorAddress":null,"errorCause":null,"errorCode":null,"errorErrno":null,"errorName":"Error","errorPort":null,"errorRequestId":null,"errorStack":"Error: upload_failed\n    at dispatchCloudMiniBatch (file:///C:/Users/POS/speypos-system/speypos-local/src/services/outbox.dispatchers.js:78:11)\n    at process.processTicksAndRejections (node:internal/process/task_queues:95:5)\n    at async processBatch (file:///C:/Users/POS/speypos-system/speypos-local/src/services/outbox.worker.js:38:7)\n    at async tick (file:///C:/Users/POS/speypos-system/speypos-local/src/services/outbox.worker.js:73:5)","errorStatus":null,"errorSyscall":null,"errorType":null,"eventId":"9c4bf508-4778-48d4-b9b7-856336caffe9","eventType":"cloud.mini_batch","level":"warn","message":"Outbox event dispatch failed","timestamp":"2026-07-25T02:00:56.066Z"}
{"baseUrl":"https://speypos-cloud-api.ryong.net","businessDate":"2026-07-25","level":"info","message":"Cloud sync starting.","orderCount":20,"shiftId":"56ef50c8-9581-4ead-9ea4-2c02d6e15628","storeId":"1","timestamp":"2026-07-25T02:00:57.504Z"}
{"error":"Validation failed","errorAddress":null,"errorCause":null,"errorCode":"invalid_event_batch","errorErrno":null,"errorName":"Error","errorPort":null,"errorRequestId":"66e0a7a6-d46d-4948-9911-d5b029ced437","errorStack":"Error: Validation failed\n    at postJson (file:///C:/Users/POS/speypos-system/speypos-local/src/services/cloudIngest.service.js:119:25)\n    at process.processTicksAndRejections (node:internal/process/task_queues:95:5)\n    at async uploadOrdersBatch (file:///C:/Users/POS/speypos-system/speypos-local/src/services/cloudIngest.service.js:170:60)\n    at async dispatchCloudMiniBatch (file:///C:/Users/POS/speypos-system/speypos-local/src/services/outbox.dispatchers.js:75:18)\n    at async processBatch (file:///C:/Users/POS/speypos-system/speypos-local/src/services/outbox.worker.js:38:7)\n    at async tick (file:///C:/Users/POS/speypos-system/speypos-local/src/services/outbox.worker.js:73:5)","errorStatus":422,"errorSyscall":null,"errorType":null,"level":"error","message":"Cloud sync failed.","timestamp":"2026-07-25T02:00:57.599Z"}
{"attempts":2,"error":"upload_failed","errorAddress":null,"errorCause":null,"errorCode":null,"errorErrno":null,"errorName":"Error","errorPort":null,"errorRequestId":null,"errorStack":"Error: upload_failed\n    at dispatchCloudMiniBatch (file:///C:/Users/POS/speypos-system/speypos-local/src/services/outbox.dispatchers.js:78:11)\n    at process.processTicksAndRejections (node:internal/process/task_queues:95:5)\n    at async processBatch (file:///C:/Users/POS/speypos-system/speypos-local/src/services/outbox.worker.js:38:7)\n    at async tick (file:///C:/Users/POS/speypos-system/speypos-local/src/services/outbox.worker.js:73:5)","errorStatus":null,"errorSyscall":null,"errorType":null,"eventId":"9c4bf508-4778-48d4-b9b7-856336caffe9","eventType":"cloud.mini_batch","level":"warn","message":"Outbox event dispatch failed","timestamp":"2026-07-25T02:00:57.600Z"}
{"baseUrl":"https://speypos-cloud-api.ryong.net","businessDate":"2026-07-25","level":"info","message":"Cloud sync starting.","orderCount":20,"shiftId":"56ef50c8-9581-4ead-9ea4-2c02d6e15628","storeId":"1","timestamp":"2026-07-25T02:01:00.525Z"}
{"error":"Validation failed","errorAddress":null,"errorCause":null,"errorCode":"invalid_event_batch","errorErrno":null,"errorName":"Error","errorPort":null,"errorRequestId":"3fa83d12-c86c-4dbe-9892-8dc7ea8b667e","errorStack":"Error: Validation failed\n    at postJson (file:///C:/Users/POS/speypos-system/speypos-local/src/services/cloudIngest.service.js:119:25)\n    at process.processTicksAndRejections (node:internal/process/task_queues:95:5)\n    at async uploadOrdersBatch (file:///C:/Users/POS/speypos-system/speypos-local/src/services/cloudIngest.service.js:170:60)\n    at async dispatchCloudMiniBatch (file:///C:/Users/POS/speypos-system/speypos-local/src/services/outbox.dispatchers.js:75:18)\n    at async processBatch (file:///C:/Users/POS/speypos-system/speypos-local/src/services/outbox.worker.js:38:7)\n    at async tick (file:///C:/Users/POS/speypos-system/speypos-local/src/services/outbox.worker.js:73:5)","errorStatus":422,"errorSyscall":null,"errorType":null,"level":"error","message":"Cloud sync failed.","timestamp":"2026-07-25T02:01:00.600Z"}
{"attempts":3,"error":"upload_failed","errorAddress":null,"errorCause":null,"errorCode":null,"errorErrno":null,"errorName":"Error","errorPort":null,"errorRequestId":null,"errorStack":"Error: upload_failed\n    at dispatchCloudMiniBatch (file:///C:/Users/POS/speypos-system/speypos-local/src/services/outbox.dispatchers.js:78:11)\n    at process.processTicksAndRejections (node:internal/process/task_queues:95:5)\n    at async processBatch (file:///C:/Users/POS/speypos-system/speypos-local/src/services/outbox.worker.js:38:7)\n    at async tick (file:///C:/Users/POS/speypos-system/speypos-local/src/services/outbox.worker.js:73:5)","errorStatus":null,"errorSyscall":null,"errorType":null,"eventId":"9c4bf508-4778-48d4-b9b7-856336caffe9","eventType":"cloud.mini_batch","level":"warn","message":"Outbox event dispatch failed","timestamp":"2026-07-25T02:01:00.602Z"}
{"baseUrl":"https://speypos-cloud-api.ryong.net","businessDate":"2026-07-25","level":"info","message":"Cloud sync starting.","orderCount":20,"shiftId":"56ef50c8-9581-4ead-9ea4-2c02d6e15628","storeId":"1","timestamp":"2026-07-25T02:01:05.533Z"}
{"error":"Validation failed","errorAddress":null,"errorCause":null,"errorCode":"invalid_event_batch","errorErrno":null,"errorName":"Error","errorPort":null,"errorRequestId":"e7667090-9328-4b98-829a-8a340a2783bb","errorStack":"Error: Validation failed\n    at postJson (file:///C:/Users/POS/speypos-system/speypos-local/src/services/cloudIngest.service.js:119:25)\n    at process.processTicksAndRejections (node:internal/process/task_queues:95:5)\n    at async uploadOrdersBatch (file:///C:/Users/POS/speypos-system/speypos-local/src/services/cloudIngest.service.js:170:60)\n    at async dispatchCloudMiniBatch (file:///C:/Users/POS/speypos-system/speypos-local/src/services/outbox.dispatchers.js:75:18)\n    at async processBatch (file:///C:/Users/POS/speypos-system/speypos-local/src/services/outbox.worker.js:38:7)\n    at async tick (file:///C:/Users/POS/speypos-system/speypos-local/src/services/outbox.worker.js:73:5)","errorStatus":422,"errorSyscall":null,"errorType":null,"level":"error","message":"Cloud sync failed.","timestamp":"2026-07-25T02:01:05.725Z"}
{"attempts":4,"error":"upload_failed","errorAddress":null,"errorCause":null,"errorCode":null,"errorErrno":null,"errorName":"Error","errorPort":null,"errorRequestId":null,"errorStack":"Error: upload_failed\n    at dispatchCloudMiniBatch (file:///C:/Users/POS/speypos-system/speypos-local/src/services/outbox.dispatchers.js:78:11)\n    at process.processTicksAndRejections (node:internal/process/task_queues:95:5)\n    at async processBatch (file:///C:/Users/POS/speypos-system/speypos-local/src/services/outbox.worker.js:38:7)\n    at async tick (file:///C:/Users/POS/speypos-system/speypos-local/src/services/outbox.worker.js:73:5)","errorStatus":null,"errorSyscall":null,"errorType":null,"eventId":"9c4bf508-4778-48d4-b9b7-856336caffe9","eventType":"cloud.mini_batch","level":"warn","message":"Outbox event dispatch failed","timestamp":"2026-07-25T02:01:05.728Z"}
{"baseUrl":"https://speypos-cloud-api.ryong.net","businessDate":"2026-07-25","level":"info","message":"Cloud sync starting.","orderCount":20,"shiftId":"56ef50c8-9581-4ead-9ea4-2c02d6e15628","storeId":"1","timestamp":"2026-07-25T02:01:14.569Z"}
{"error":"Validation failed","errorAddress":null,"errorCause":null,"errorCode":"invalid_event_batch","errorErrno":null,"errorName":"Error","errorPort":null,"errorRequestId":"83772ef0-d7a8-4535-9be7-5f8c4eba1b63","errorStack":"Error: Validation failed\n    at postJson (file:///C:/Users/POS/speypos-system/speypos-local/src/services/cloudIngest.service.js:119:25)\n    at process.processTicksAndRejections (node:internal/process/task_queues:95:5)\n    at async uploadOrdersBatch (file:///C:/Users/POS/speypos-system/speypos-local/src/services/cloudIngest.service.js:170:60)\n    at async dispatchCloudMiniBatch (file:///C:/Users/POS/speypos-system/speypos-local/src/services/outbox.dispatchers.js:75:18)\n    at async processBatch (file:///C:/Users/POS/speypos-system/speypos-local/src/services/outbox.worker.js:38:7)\n    at async tick (file:///C:/Users/POS/speypos-system/speypos-local/src/services/outbox.worker.js:73:5)","errorStatus":422,"errorSyscall":null,"errorType":null,"level":"error","message":"Cloud sync failed.","timestamp":"2026-07-25T02:01:14.789Z"}
{"attempts":5,"error":"upload_failed","errorAddress":null,"errorCause":null,"errorCode":null,"errorErrno":null,"errorName":"Error","errorPort":null,"errorRequestId":null,"errorStack":"Error: upload_failed\n    at dispatchCloudMiniBatch (file:///C:/Users/POS/speypos-system/speypos-local/src/services/outbox.dispatchers.js:78:11)\n    at process.processTicksAndRejections (node:internal/process/task_queues:95:5)\n    at async processBatch (file:///C:/Users/POS/speypos-system/speypos-local/src/services/outbox.worker.js:38:7)\n    at async tick (file:///C:/Users/POS/speypos-system/speypos-local/src/services/outbox.worker.js:73:5)","errorStatus":null,"errorSyscall":null,"errorType":null,"eventId":"9c4bf508-4778-48d4-b9b7-856336caffe9","eventType":"cloud.mini_batch","level":"warn","message":"Outbox event dispatch failed","timestamp":"2026-07-25T02:01:14.790Z"}
{"baseUrl":"https://speypos-cloud-api.ryong.net","businessDate":"2026-07-25","level":"info","message":"Cloud sync starting.","orderCount":20,"shiftId":"56ef50c8-9581-4ead-9ea4-2c02d6e15628","storeId":"1","timestamp":"2026-07-25T02:01:31.585Z"}
{"error":"Validation failed","errorAddress":null,"errorCause":null,"errorCode":"invalid_event_batch","errorErrno":null,"errorName":"Error","errorPort":null,"errorRequestId":"59df96c7-ceed-4fe3-996f-c7349aa6051d","errorStack":"Error: Validation failed\n    at postJson (file:///C:/Users/POS/speypos-system/speypos-local/src/services/cloudIngest.service.js:119:25)\n    at process.processTicksAndRejections (node:internal/process/task_queues:95:5)\n    at async uploadOrdersBatch (file:///C:/Users/POS/speypos-system/speypos-local/src/services/cloudIngest.service.js:170:60)\n    at async dispatchCloudMiniBatch (file:///C:/Users/POS/speypos-system/speypos-local/src/services/outbox.dispatchers.js:75:18)\n    at async processBatch (file:///C:/Users/POS/speypos-system/speypos-local/src/services/outbox.worker.js:38:7)\n    at async tick (file:///C:/Users/POS/speypos-system/speypos-local/src/services/outbox.worker.js:73:5)","errorStatus":422,"errorSyscall":null,"errorType":null,"level":"error","message":"Cloud sync failed.","timestamp":"2026-07-25T02:01:31.799Z"}
{"attempts":6,"error":"upload_failed","errorAddress":null,"errorCause":null,"errorCode":null,"errorErrno":null,"errorName":"Error","errorPort":null,"errorRequestId":null,"errorStack":"Error: upload_failed\n    at dispatchCloudMiniBatch (file:///C:/Users/POS/speypos-system/speypos-local/src/services/outbox.dispatchers.js:78:11)\n    at process.processTicksAndRejections (node:internal/process/task_queues:95:5)\n    at async processBatch (file:///C:/Users/POS/speypos-system/speypos-local/src/services/outbox.worker.js:38:7)\n    at async tick (file:///C:/Users/POS/speypos-system/speypos-local/src/services/outbox.worker.js:73:5)","errorStatus":null,"errorSyscall":null,"errorType":null,"eventId":"9c4bf508-4778-48d4-b9b7-856336caffe9","eventType":"cloud.mini_batch","level":"warn","message":"Outbox event dispatch failed","timestamp":"2026-07-25T02:01:31.828Z"}
{"baseUrl":"https://speypos-cloud-api.ryong.net","businessDate":"2026-07-25","level":"info","message":"Cloud sync starting.","orderCount":20,"shiftId":"56ef50c8-9581-4ead-9ea4-2c02d6e15628","storeId":"1","timestamp":"2026-07-25T02:02:04.777Z"}
{"error":"Validation failed","errorAddress":null,"errorCause":null,"errorCode":"invalid_event_batch","errorErrno":null,"errorName":"Error","errorPort":null,"errorRequestId":"ae22f047-3028-4665-a05c-9b068c717ff0","errorStack":"Error: Validation failed\n    at postJson (file:///C:/Users/POS/speypos-system/speypos-local/src/services/cloudIngest.service.js:119:25)\n    at process.processTicksAndRejections (node:internal/process/task_queues:95:5)\n    at async uploadOrdersBatch (file:///C:/Users/POS/speypos-system/speypos-local/src/services/cloudIngest.service.js:170:60)\n    at async dispatchCloudMiniBatch (file:///C:/Users/POS/speypos-system/speypos-local/src/services/outbox.dispatchers.js:75:18)\n    at async processBatch (file:///C:/Users/POS/speypos-system/speypos-local/src/services/outbox.worker.js:38:7)\n    at async tick (file:///C:/Users/POS/speypos-system/speypos-local/src/services/outbox.worker.js:73:5)","errorStatus":422,"errorSyscall":null,"errorType":null,"level":"error","message":"Cloud sync failed.","timestamp":"2026-07-25T02:02:04.965Z"}
{"attempts":7,"error":"upload_failed","errorAddress":null,"errorCause":null,"errorCode":null,"errorErrno":null,"errorName":"Error","errorPort":null,"errorRequestId":null,"errorStack":"Error: upload_failed\n    at dispatchCloudMiniBatch (file:///C:/Users/POS/speypos-system/speypos-local/src/services/outbox.dispatchers.js:78:11)\n    at process.processTicksAndRejections (node:internal/process/task_queues:95:5)\n    at async processBatch (file:///C:/Users/POS/speypos-system/speypos-local/src/services/outbox.worker.js:38:7)\n    at async tick (file:///C:/Users/POS/speypos-system/speypos-local/src/services/outbox.worker.js:73:5)","errorStatus":null,"errorSyscall":null,"errorType":null,"eventId":"9c4bf508-4778-48d4-b9b7-856336caffe9","eventType":"cloud.mini_batch","level":"warn","message":"Outbox event dispatch failed","timestamp":"2026-07-25T02:02:04.967Z"}
{"baseUrl":"https://speypos-cloud-api.ryong.net","businessDate":"2026-07-25","level":"info","message":"Cloud sync starting.","orderCount":20,"shiftId":"56ef50c8-9581-4ead-9ea4-2c02d6e15628","storeId":"1","timestamp":"2026-07-25T02:03:10.082Z"}
{"error":"Validation failed","errorAddress":null,"errorCause":null,"errorCode":"invalid_event_batch","errorErrno":null,"errorName":"Error","errorPort":null,"errorRequestId":"df2ff93f-2f04-43a0-8980-700bd7f31793","errorStack":"Error: Validation failed\n    at postJson (file:///C:/Users/POS/speypos-system/speypos-local/src/services/cloudIngest.service.js:119:25)\n    at process.processTicksAndRejections (node:internal/process/task_queues:95:5)\n    at async uploadOrdersBatch (file:///C:/Users/POS/speypos-system/speypos-local/src/services/cloudIngest.service.js:170:60)\n    at async dispatchCloudMiniBatch (file:///C:/Users/POS/speypos-system/speypos-local/src/services/outbox.dispatchers.js:75:18)\n    at async processBatch (file:///C:/Users/POS/speypos-system/speypos-local/src/services/outbox.worker.js:38:7)\n    at async tick (file:///C:/Users/POS/speypos-system/speypos-local/src/services/outbox.worker.js:73:5)","errorStatus":422,"errorSyscall":null,"errorType":null,"level":"error","message":"Cloud sync failed.","timestamp":"2026-07-25T02:03:10.275Z"}
{"attempts":8,"error":"upload_failed","errorAddress":null,"errorCause":null,"errorCode":null,"errorErrno":null,"errorName":"Error","errorPort":null,"errorRequestId":null,"errorStack":"Error: upload_failed\n    at dispatchCloudMiniBatch (file:///C:/Users/POS/speypos-system/speypos-local/src/services/outbox.dispatchers.js:78:11)\n    at process.processTicksAndRejections (node:internal/process/task_queues:95:5)\n    at async processBatch (file:///C:/Users/POS/speypos-system/speypos-local/src/services/outbox.worker.js:38:7)\n    at async tick (file:///C:/Users/POS/speypos-system/speypos-local/src/services/outbox.worker.js:73:5)","errorStatus":null,"errorSyscall":null,"errorType":null,"eventId":"9c4bf508-4778-48d4-b9b7-856336caffe9","eventType":"cloud.mini_batch","level":"warn","message":"Outbox event dispatch failed","timestamp":"2026-07-25T02:03:10.277Z"}
{"baseUrl":"https://speypos-cloud-api.ryong.net","businessDate":"2026-07-25","level":"info","message":"Cloud sync starting.","orderCount":20,"shiftId":"56ef50c8-9581-4ead-9ea4-2c02d6e15628","storeId":"1","timestamp":"2026-07-25T02:04:15.290Z"}
{"error":"Validation failed","errorAddress":null,"errorCause":null,"errorCode":"invalid_event_batch","errorErrno":null,"errorName":"Error","errorPort":null,"errorRequestId":"f4149b25-7861-4beb-b66b-295848ee7fc4","errorStack":"Error: Validation failed\n    at postJson (file:///C:/Users/POS/speypos-system/speypos-local/src/services/cloudIngest.service.js:119:25)\n    at process.processTicksAndRejections (node:internal/process/task_queues:95:5)\n    at async uploadOrdersBatch (file:///C:/Users/POS/speypos-system/speypos-local/src/services/cloudIngest.service.js:170:60)\n    at async dispatchCloudMiniBatch (file:///C:/Users/POS/speypos-system/speypos-local/src/services/outbox.dispatchers.js:75:18)\n    at async processBatch (file:///C:/Users/POS/speypos-system/speypos-local/src/services/outbox.worker.js:38:7)\n    at async tick (file:///C:/Users/POS/speypos-system/speypos-local/src/services/outbox.worker.js:73:5)","errorStatus":422,"errorSyscall":null,"errorType":null,"level":"error","message":"Cloud sync failed.","timestamp":"2026-07-25T02:04:15.485Z"}
{"attempts":9,"error":"upload_failed","errorAddress":null,"errorCause":null,"errorCode":null,"errorErrno":null,"errorName":"Error","errorPort":null,"errorRequestId":null,"errorStack":"Error: upload_failed\n    at dispatchCloudMiniBatch (file:///C:/Users/POS/speypos-system/speypos-local/src/services/outbox.dispatchers.js:78:11)\n    at process.processTicksAndRejections (node:internal/process/task_queues:95:5)\n    at async processBatch (file:///C:/Users/POS/speypos-system/speypos-local/src/services/outbox.worker.js:38:7)\n    at async tick (file:///C:/Users/POS/speypos-system/speypos-local/src/services/outbox.worker.js:73:5)","errorStatus":null,"errorSyscall":null,"errorType":null,"eventId":"9c4bf508-4778-48d4-b9b7-856336caffe9","eventType":"cloud.mini_batch","level":"warn","message":"Outbox event dispatch failed","timestamp":"2026-07-25T02:04:15.487Z"}
{"baseUrl":"https://speypos-cloud-api.ryong.net","businessDate":"2026-07-25","level":"info","message":"Cloud sync starting.","orderCount":20,"shiftId":"56ef50c8-9581-4ead-9ea4-2c02d6e15628","storeId":"1","timestamp":"2026-07-25T02:05:20.567Z"}
{"error":"Validation failed","errorAddress":null,"errorCause":null,"errorCode":"invalid_event_batch","errorErrno":null,"errorName":"Error","errorPort":null,"errorRequestId":"b930cf5c-842c-4ab2-a23c-06e015a231ea","errorStack":"Error: Validation failed\n    at postJson (file:///C:/Users/POS/speypos-system/speypos-local/src/services/cloudIngest.service.js:119:25)\n    at process.processTicksAndRejections (node:internal/process/task_queues:95:5)\n    at async uploadOrdersBatch (file:///C:/Users/POS/speypos-system/speypos-local/src/services/cloudIngest.service.js:170:60)\n    at async dispatchCloudMiniBatch (file:///C:/Users/POS/speypos-system/speypos-local/src/services/outbox.dispatchers.js:75:18)\n    at async processBatch (file:///C:/Users/POS/speypos-system/speypos-local/src/services/outbox.worker.js:38:7)\n    at async tick (file:///C:/Users/POS/speypos-system/speypos-local/src/services/outbox.worker.js:73:5)","errorStatus":422,"errorSyscall":null,"errorType":null,"level":"error","message":"Cloud sync failed.","timestamp":"2026-07-25T02:05:20.729Z"}
{"attempts":10,"error":"upload_failed","errorAddress":null,"errorCause":null,"errorCode":null,"errorErrno":null,"errorName":"Error","errorPort":null,"errorRequestId":null,"errorStack":"Error: upload_failed\n    at dispatchCloudMiniBatch (file:///C:/Users/POS/speypos-system/speypos-local/src/services/outbox.dispatchers.js:78:11)\n    at process.processTicksAndRejections (node:internal/process/task_queues:95:5)\n    at async processBatch (file:///C:/Users/POS/speypos-system/speypos-local/src/services/outbox.worker.js:38:7)\n    at async tick (file:///C:/Users/POS/speypos-system/speypos-local/src/services/outbox.worker.js:73:5)","errorStatus":null,"errorSyscall":null,"errorType":null,"eventId":"9c4bf508-4778-48d4-b9b7-856336caffe9","eventType":"cloud.mini_batch","level":"warn","message":"Outbox event dispatch failed","timestamp":"2026-07-25T02:05:20.731Z"}
{"level":"info","message":"Starting print job for order ID: 7fb15939-b47d-4c19-ba49-f141df588bbf.","status":"completed","timestamp":"2026-07-25T02:06:11.707Z"}
{"copies":[{"count":1,"variant":"INTERNAL"}],"engine":"canvas","level":"info","message":"Printing 1 variants for order 7fb15939-b47d-4c19-ba49-f141df588bbf","timestamp":"2026-07-25T02:06:11.707Z"}
{"level":"info","message":"[canvas] Rendering ESC/POS buffer for variant INTERNAL, order 7fb15939-b47d-4c19-ba49-f141df588bbf.","timestamp":"2026-07-25T02:06:11.708Z"}
{"level":"info","message":"[canvas] Sending copy 1/1 of variant INTERNAL for order 7fb15939-b47d-4c19-ba49-f141df588bbf.","timestamp":"2026-07-25T02:06:11.724Z"}
{"bufferBytes":23340,"level":"info","message":"ESC/POS transport: preparing to send buffer to printer","printerName":"\\\\localhost\\XP80","timestamp":"2026-07-25T02:06:11.724Z"}
{"bufferBytes":23340,"level":"info","message":"ESC/POS transport: buffer sent successfully","printerName":"\\\\localhost\\XP80","timestamp":"2026-07-25T02:06:12.042Z"}
{"level":"info","message":"Print job for order 7fb15939-b47d-4c19-ba49-f141df588bbf completed and marked as printed.","timestamp":"2026-07-25T02:06:12.043Z"}
{"baseUrl":"https://speypos-cloud-api.ryong.net","businessDate":"2026-07-25","level":"info","message":"Cloud sync starting.","orderCount":20,"shiftId":"56ef50c8-9581-4ead-9ea4-2c02d6e15628","storeId":"1","timestamp":"2026-07-25T02:06:12.093Z"}
{"error":"Validation failed","errorAddress":null,"errorCause":null,"errorCode":"invalid_event_batch","errorErrno":null,"errorName":"Error","errorPort":null,"errorRequestId":"90674c5e-cc5b-4d0b-a952-cb0cd86cd7da","errorStack":"Error: Validation failed\n    at postJson (file:///C:/Users/POS/speypos-system/speypos-local/src/services/cloudIngest.service.js:119:25)\n    at process.processTicksAndRejections (node:internal/process/task_queues:95:5)\n    at async uploadOrdersBatch (file:///C:/Users/POS/speypos-system/speypos-local/src/services/cloudIngest.service.js:170:60)\n    at async dispatchCloudMiniBatch (file:///C:/Users/POS/speypos-system/speypos-local/src/services/outbox.dispatchers.js:75:18)\n    at async processBatch (file:///C:/Users/POS/speypos-system/speypos-local/src/services/outbox.worker.js:38:7)\n    at async tick (file:///C:/Users/POS/speypos-system/speypos-local/src/services/outbox.worker.js:73:5)","errorStatus":422,"errorSyscall":null,"errorType":null,"level":"error","message":"Cloud sync failed.","timestamp":"2026-07-25T02:06:12.363Z"}
{"attempts":1,"error":"upload_failed","errorAddress":null,"errorCause":null,"errorCode":null,"errorErrno":null,"errorName":"Error","errorPort":null,"errorRequestId":null,"errorStack":"Error: upload_failed\n    at dispatchCloudMiniBatch (file:///C:/Users/POS/speypos-system/speypos-local/src/services/outbox.dispatchers.js:78:11)\n    at process.processTicksAndRejections (node:internal/process/task_queues:95:5)\n    at async processBatch (file:///C:/Users/POS/speypos-system/speypos-local/src/services/outbox.worker.js:38:7)\n    at async tick (file:///C:/Users/POS/speypos-system/speypos-local/src/services/outbox.worker.js:73:5)","errorStatus":null,"errorSyscall":null,"errorType":null,"eventId":"0a9a7edf-825c-4fed-bb7a-75a64bd75a52","eventType":"cloud.mini_batch","level":"warn","message":"Outbox event dispatch failed","timestamp":"2026-07-25T02:06:12.365Z"}
{"level":"info","message":"Telegram message sent successfully.","timestamp":"2026-07-25T02:06:13.661Z"}
{"level":"info","message":"Successfully sent and marked Telegram notification for order 7fb15939-b47d-4c19-ba49-f141df588bbf","timestamp":"2026-07-25T02:06:13.662Z"}
{"baseUrl":"https://speypos-cloud-api.ryong.net","businessDate":"2026-07-25","level":"info","message":"Cloud sync starting.","orderCount":20,"shiftId":"56ef50c8-9581-4ead-9ea4-2c02d6e15628","storeId":"1","timestamp":"2026-07-25T02:06:13.752Z"}
{"error":"Validation failed","errorAddress":null,"errorCause":null,"errorCode":"invalid_event_batch","errorErrno":null,"errorName":"Error","errorPort":null,"errorRequestId":"0929d366-85c2-4c2b-a36e-598f1a5d6d38","errorStack":"Error: Validation failed\n    at postJson (file:///C:/Users/POS/speypos-system/speypos-local/src/services/cloudIngest.service.js:119:25)\n    at process.processTicksAndRejections (node:internal/process/task_queues:95:5)\n    at async uploadOrdersBatch (file:///C:/Users/POS/speypos-system/speypos-local/src/services/cloudIngest.service.js:170:60)\n    at async dispatchCloudMiniBatch (file:///C:/Users/POS/speypos-system/speypos-local/src/services/outbox.dispatchers.js:75:18)\n    at async processBatch (file:///C:/Users/POS/speypos-system/speypos-local/src/services/outbox.worker.js:38:7)\n    at async tick (file:///C:/Users/POS/speypos-system/speypos-local/src/services/outbox.worker.js:73:5)","errorStatus":422,"errorSyscall":null,"errorType":null,"level":"error","message":"Cloud sync failed.","timestamp":"2026-07-25T02:06:13.808Z"}
{"attempts":2,"error":"upload_failed","errorAddress":null,"errorCause":null,"errorCode":null,"errorErrno":null,"errorName":"Error","errorPort":null,"errorRequestId":null,"errorStack":"Error: upload_failed\n    at dispatchCloudMiniBatch (file:///C:/Users/POS/speypos-system/speypos-local/src/services/outbox.dispatchers.js:78:11)\n    at process.processTicksAndRejections (node:internal/process/task_queues:95:5)\n    at async processBatch (file:///C:/Users/POS/speypos-system/speypos-local/src/services/outbox.worker.js:38:7)\n    at async tick (file:///C:/Users/POS/speypos-system/speypos-local/src/services/outbox.worker.js:73:5)","errorStatus":null,"errorSyscall":null,"errorType":null,"eventId":"0a9a7edf-825c-4fed-bb7a-75a64bd75a52","eventType":"cloud.mini_batch","level":"warn","message":"Outbox event dispatch failed","timestamp":"2026-07-25T02:06:13.809Z"}
{"baseUrl":"https://speypos-cloud-api.ryong.net","businessDate":"2026-07-25","level":"info","message":"Cloud sync starting.","orderCount":20,"shiftId":"56ef50c8-9581-4ead-9ea4-2c02d6e15628","storeId":"1","timestamp":"2026-07-25T02:06:16.805Z"}
{"error":"Validation failed","errorAddress":null,"errorCause":null,"errorCode":"invalid_event_batch","errorErrno":null,"errorName":"Error","errorPort":null,"errorRequestId":"a8f2dcbb-394e-415b-a047-6d81e5c81430","errorStack":"Error: Validation failed\n    at postJson (file:///C:/Users/POS/speypos-system/speypos-local/src/services/cloudIngest.service.js:119:25)\n    at process.processTicksAndRejections (node:internal/process/task_queues:95:5)\n    at async uploadOrdersBatch (file:///C:/Users/POS/speypos-system/speypos-local/src/services/cloudIngest.service.js:170:60)\n    at async dispatchCloudMiniBatch (file:///C:/Users/POS/speypos-system/speypos-local/src/services/outbox.dispatchers.js:75:18)\n    at async processBatch (file:///C:/Users/POS/speypos-system/speypos-local/src/services/outbox.worker.js:38:7)\n    at async tick (file:///C:/Users/POS/speypos-system/speypos-local/src/services/outbox.worker.js:73:5)","errorStatus":422,"errorSyscall":null,"errorType":null,"level":"error","message":"Cloud sync failed.","timestamp":"2026-07-25T02:06:16.865Z"}
{"attempts":3,"error":"upload_failed","errorAddress":null,"errorCause":null,"errorCode":null,"errorErrno":null,"errorName":"Error","errorPort":null,"errorRequestId":null,"errorStack":"Error: upload_failed\n    at dispatchCloudMiniBatch (file:///C:/Users/POS/speypos-system/speypos-local/src/services/outbox.dispatchers.js:78:11)\n    at process.processTicksAndRejections (node:internal/process/task_queues:95:5)\n    at async processBatch (file:///C:/Users/POS/speypos-system/speypos-local/src/services/outbox.worker.js:38:7)\n    at async tick (file:///C:/Users/POS/speypos-system/speypos-local/src/services/outbox.worker.js:73:5)","errorStatus":null,"errorSyscall":null,"errorType":null,"eventId":"0a9a7edf-825c-4fed-bb7a-75a64bd75a52","eventType":"cloud.mini_batch","level":"warn","message":"Outbox event dispatch failed","timestamp":"2026-07-25T02:06:16.869Z"}
{"baseUrl":"https://speypos-cloud-api.ryong.net","businessDate":"2026-07-25","level":"info","message":"Cloud sync starting.","orderCount":20,"shiftId":"56ef50c8-9581-4ead-9ea4-2c02d6e15628","storeId":"1","timestamp":"2026-07-25T02:06:21.799Z"}
{"error":"Validation failed","errorAddress":null,"errorCause":null,"errorCode":"invalid_event_batch","errorErrno":null,"errorName":"Error","errorPort":null,"errorRequestId":"e6c251d8-2a9f-4528-a232-af2489492370","errorStack":"Error: Validation failed\n    at postJson (file:///C:/Users/POS/speypos-system/speypos-local/src/services/cloudIngest.service.js:119:25)\n    at process.processTicksAndRejections (node:internal/process/task_queues:95:5)\n    at async uploadOrdersBatch (file:///C:/Users/POS/speypos-system/speypos-local/src/services/cloudIngest.service.js:170:60)\n    at async dispatchCloudMiniBatch (file:///C:/Users/POS/speypos-system/speypos-local/src/services/outbox.dispatchers.js:75:18)\n    at async processBatch (file:///C:/Users/POS/speypos-system/speypos-local/src/services/outbox.worker.js:38:7)\n    at async tick (file:///C:/Users/POS/speypos-system/speypos-local/src/services/outbox.worker.js:73:5)","errorStatus":422,"errorSyscall":null,"errorType":null,"level":"error","message":"Cloud sync failed.","timestamp":"2026-07-25T02:06:21.962Z"}
{"attempts":4,"error":"upload_failed","errorAddress":null,"errorCause":null,"errorCode":null,"errorErrno":null,"errorName":"Error","errorPort":null,"errorRequestId":null,"errorStack":"Error: upload_failed\n    at dispatchCloudMiniBatch (file:///C:/Users/POS/speypos-system/speypos-local/src/services/outbox.dispatchers.js:78:11)\n    at process.processTicksAndRejections (node:internal/process/task_queues:95:5)\n    at async processBatch (file:///C:/Users/POS/speypos-system/speypos-local/src/services/outbox.worker.js:38:7)\n    at async tick (file:///C:/Users/POS/speypos-system/speypos-local/src/services/outbox.worker.js:73:5)","errorStatus":null,"errorSyscall":null,"errorType":null,"eventId":"0a9a7edf-825c-4fed-bb7a-75a64bd75a52","eventType":"cloud.mini_batch","level":"warn","message":"Outbox event dispatch failed","timestamp":"2026-07-25T02:06:21.964Z"}
{"baseUrl":"https://speypos-cloud-api.ryong.net","businessDate":"2026-07-25","level":"info","message":"Cloud sync starting.","orderCount":20,"shiftId":"56ef50c8-9581-4ead-9ea4-2c02d6e15628","storeId":"1","timestamp":"2026-07-25T02:06:30.856Z"}
{"error":"Validation failed","errorAddress":null,"errorCause":null,"errorCode":"invalid_event_batch","errorErrno":null,"errorName":"Error","errorPort":null,"errorRequestId":"76b62283-e414-4286-b107-478121bb31d7","errorStack":"Error: Validation failed\n    at postJson (file:///C:/Users/POS/speypos-system/speypos-local/src/services/cloudIngest.service.js:119:25)\n    at process.processTicksAndRejections (node:internal/process/task_queues:95:5)\n    at async uploadOrdersBatch (file:///C:/Users/POS/speypos-system/speypos-local/src/services/cloudIngest.service.js:170:60)\n    at async dispatchCloudMiniBatch (file:///C:/Users/POS/speypos-system/speypos-local/src/services/outbox.dispatchers.js:75:18)\n    at async processBatch (file:///C:/Users/POS/speypos-system/speypos-local/src/services/outbox.worker.js:38:7)\n    at async tick (file:///C:/Users/POS/speypos-system/speypos-local/src/services/outbox.worker.js:73:5)","errorStatus":422,"errorSyscall":null,"errorType":null,"level":"error","message":"Cloud sync failed.","timestamp":"2026-07-25T02:06:31.043Z"}
{"attempts":5,"error":"upload_failed","errorAddress":null,"errorCause":null,"errorCode":null,"errorErrno":null,"errorName":"Error","errorPort":null,"errorRequestId":null,"errorStack":"Error: upload_failed\n    at dispatchCloudMiniBatch (file:///C:/Users/POS/speypos-system/speypos-local/src/services/outbox.dispatchers.js:78:11)\n    at process.processTicksAndRejections (node:internal/process/task_queues:95:5)\n    at async processBatch (file:///C:/Users/POS/speypos-system/speypos-local/src/services/outbox.worker.js:38:7)\n    at async tick (file:///C:/Users/POS/speypos-system/speypos-local/src/services/outbox.worker.js:73:5)","errorStatus":null,"errorSyscall":null,"errorType":null,"eventId":"0a9a7edf-825c-4fed-bb7a-75a64bd75a52","eventType":"cloud.mini_batch","level":"warn","message":"Outbox event dispatch failed","timestamp":"2026-07-25T02:06:31.044Z"}
{"baseUrl":"https://speypos-cloud-api.ryong.net","businessDate":"2026-07-25","level":"info","message":"Cloud sync starting.","orderCount":20,"shiftId":"56ef50c8-9581-4ead-9ea4-2c02d6e15628","storeId":"1","timestamp":"2026-07-25T02:06:47.954Z"}
{"error":"Validation failed","errorAddress":null,"errorCause":null,"errorCode":"invalid_event_batch","errorErrno":null,"errorName":"Error","errorPort":null,"errorRequestId":"9a8f69a8-83bf-42fb-87fc-6d47ec4b4db5","errorStack":"Error: Validation failed\n    at postJson (file:///C:/Users/POS/speypos-system/speypos-local/src/services/cloudIngest.service.js:119:25)\n    at process.processTicksAndRejections (node:internal/process/task_queues:95:5)\n    at async uploadOrdersBatch (file:///C:/Users/POS/speypos-system/speypos-local/src/services/cloudIngest.service.js:170:60)\n    at async dispatchCloudMiniBatch (file:///C:/Users/POS/speypos-system/speypos-local/src/services/outbox.dispatchers.js:75:18)\n    at async processBatch (file:///C:/Users/POS/speypos-system/speypos-local/src/services/outbox.worker.js:38:7)\n    at async tick (file:///C:/Users/POS/speypos-system/speypos-local/src/services/outbox.worker.js:73:5)","errorStatus":422,"errorSyscall":null,"errorType":null,"level":"error","message":"Cloud sync failed.","timestamp":"2026-07-25T02:06:48.144Z"}
{"attempts":6,"error":"upload_failed","errorAddress":null,"errorCause":null,"errorCode":null,"errorErrno":null,"errorName":"Error","errorPort":null,"errorRequestId":null,"errorStack":"Error: upload_failed\n    at dispatchCloudMiniBatch (file:///C:/Users/POS/speypos-system/speypos-local/src/services/outbox.dispatchers.js:78:11)\n    at process.processTicksAndRejections (node:internal/process/task_queues:95:5)\n    at async processBatch (file:///C:/Users/POS/speypos-system/speypos-local/src/services/outbox.worker.js:38:7)\n    at async tick (file:///C:/Users/POS/speypos-system/speypos-local/src/services/outbox.worker.js:73:5)","errorStatus":null,"errorSyscall":null,"errorType":null,"eventId":"0a9a7edf-825c-4fed-bb7a-75a64bd75a52","eventType":"cloud.mini_batch","level":"warn","message":"Outbox event dispatch failed","timestamp":"2026-07-25T02:06:48.146Z"}
{"baseUrl":"https://speypos-cloud-api.ryong.net","businessDate":"2026-07-25","level":"info","message":"Cloud sync starting.","orderCount":20,"shiftId":"56ef50c8-9581-4ead-9ea4-2c02d6e15628","storeId":"1","timestamp":"2026-07-25T02:07:21.072Z"}
{"error":"Validation failed","errorAddress":null,"errorCause":null,"errorCode":"invalid_event_batch","errorErrno":null,"errorName":"Error","errorPort":null,"errorRequestId":"40dbaca2-3911-44f7-bd89-0fff462779f1","errorStack":"Error: Validation failed\n    at postJson (file:///C:/Users/POS/speypos-system/speypos-local/src/services/cloudIngest.service.js:119:25)\n    at process.processTicksAndRejections (node:internal/process/task_queues:95:5)\n    at async uploadOrdersBatch (file:///C:/Users/POS/speypos-system/speypos-local/src/services/cloudIngest.service.js:170:60)\n    at async dispatchCloudMiniBatch (file:///C:/Users/POS/speypos-system/speypos-local/src/services/outbox.dispatchers.js:75:18)\n    at async processBatch (file:///C:/Users/POS/speypos-system/speypos-local/src/services/outbox.worker.js:38:7)\n    at async tick (file:///C:/Users/POS/speypos-system/speypos-local/src/services/outbox.worker.js:73:5)","errorStatus":422,"errorSyscall":null,"errorType":null,"level":"error","message":"Cloud sync failed.","timestamp":"2026-07-25T02:07:21.237Z"}
{"attempts":7,"error":"upload_failed","errorAddress":null,"errorCause":null,"errorCode":null,"errorErrno":null,"errorName":"Error","errorPort":null,"errorRequestId":null,"errorStack":"Error: upload_failed\n    at dispatchCloudMiniBatch (file:///C:/Users/POS/speypos-system/speypos-local/src/services/outbox.dispatchers.js:78:11)\n    at process.processTicksAndRejections (node:internal/process/task_queues:95:5)\n    at async processBatch (file:///C:/Users/POS/speypos-system/speypos-local/src/services/outbox.worker.js:38:7)\n    at async tick (file:///C:/Users/POS/speypos-system/speypos-local/src/services/outbox.worker.js:73:5)","errorStatus":null,"errorSyscall":null,"errorType":null,"eventId":"0a9a7edf-825c-4fed-bb7a-75a64bd75a52","eventType":"cloud.mini_batch","level":"warn","message":"Outbox event dispatch failed","timestamp":"2026-07-25T02:07:21.238Z"}
{"baseUrl":"https://speypos-cloud-api.ryong.net","businessDate":"2026-07-25","level":"info","message":"Cloud sync starting.","orderCount":20,"shiftId":"56ef50c8-9581-4ead-9ea4-2c02d6e15628","storeId":"1","timestamp":"2026-07-25T02:08:25.365Z"}
{"error":"Validation failed","errorAddress":null,"errorCause":null,"errorCode":"invalid_event_batch","errorErrno":null,"errorName":"Error","errorPort":null,"errorRequestId":"c177bdc8-8f31-4dd6-9ee2-b5aef1dcf45a","errorStack":"Error: Validation failed\n    at postJson (file:///C:/Users/POS/speypos-system/speypos-local/src/services/cloudIngest.service.js:119:25)\n    at process.processTicksAndRejections (node:internal/process/task_queues:95:5)\n    at async uploadOrdersBatch (file:///C:/Users/POS/speypos-system/speypos-local/src/services/cloudIngest.service.js:170:60)\n    at async dispatchCloudMiniBatch (file:///C:/Users/POS/speypos-system/speypos-local/src/services/outbox.dispatchers.js:75:18)\n    at async processBatch (file:///C:/Users/POS/speypos-system/speypos-local/src/services/outbox.worker.js:38:7)\n    at async tick (file:///C:/Users/POS/speypos-system/speypos-local/src/services/outbox.worker.js:73:5)","errorStatus":422,"errorSyscall":null,"errorType":null,"level":"error","message":"Cloud sync failed.","timestamp":"2026-07-25T02:08:25.612Z"}
{"attempts":8,"error":"upload_failed","errorAddress":null,"errorCause":null,"errorCode":null,"errorErrno":null,"errorName":"Error","errorPort":null,"errorRequestId":null,"errorStack":"Error: upload_failed\n    at dispatchCloudMiniBatch (file:///C:/Users/POS/speypos-system/speypos-local/src/services/outbox.dispatchers.js:78:11)\n    at process.processTicksAndRejections (node:internal/process/task_queues:95:5)\n    at async processBatch (file:///C:/Users/POS/speypos-system/speypos-local/src/services/outbox.worker.js:38:7)\n    at async tick (file:///C:/Users/POS/speypos-system/speypos-local/src/services/outbox.worker.js:73:5)","errorStatus":null,"errorSyscall":null,"errorType":null,"eventId":"0a9a7edf-825c-4fed-bb7a-75a64bd75a52","eventType":"cloud.mini_batch","level":"warn","message":"Outbox event dispatch failed","timestamp":"2026-07-25T02:08:25.614Z"}
{"level":"info","message":"Starting print job for order ID: 3258b7b4-d2fb-4a5a-a329-915e8fbe09e3.","status":"completed","timestamp":"2026-07-25T02:08:45.413Z"}
{"copies":[{"count":1,"variant":"INTERNAL"}],"engine":"canvas","level":"info","message":"Printing 1 variants for order 3258b7b4-d2fb-4a5a-a329-915e8fbe09e3","timestamp":"2026-07-25T02:08:45.414Z"}
{"level":"info","message":"[canvas] Rendering ESC/POS buffer for variant INTERNAL, order 3258b7b4-d2fb-4a5a-a329-915e8fbe09e3.","timestamp":"2026-07-25T02:08:45.414Z"}
{"level":"info","message":"[canvas] Sending copy 1/1 of variant INTERNAL for order 3258b7b4-d2fb-4a5a-a329-915e8fbe09e3.","timestamp":"2026-07-25T02:08:45.435Z"}
{"bufferBytes":23340,"level":"info","message":"ESC/POS transport: preparing to send buffer to printer","printerName":"\\\\localhost\\XP80","timestamp":"2026-07-25T02:08:45.435Z"}
{"bufferBytes":23340,"level":"info","message":"ESC/POS transport: buffer sent successfully","printerName":"\\\\localhost\\XP80","timestamp":"2026-07-25T02:08:45.730Z"}
{"level":"info","message":"Print job for order 3258b7b4-d2fb-4a5a-a329-915e8fbe09e3 completed and marked as printed.","timestamp":"2026-07-25T02:08:45.731Z"}
{"level":"info","message":"Telegram message sent successfully.","timestamp":"2026-07-25T02:08:46.768Z"}
{"level":"info","message":"Successfully sent and marked Telegram notification for order 3258b7b4-d2fb-4a5a-a329-915e8fbe09e3","timestamp":"2026-07-25T02:08:46.769Z"}
{"baseUrl":"https://speypos-cloud-api.ryong.net","businessDate":"2026-07-25","level":"info","message":"Cloud sync starting.","orderCount":20,"shiftId":"56ef50c8-9581-4ead-9ea4-2c02d6e15628","storeId":"1","timestamp":"2026-07-25T02:08:46.829Z"}
{"error":"Validation failed","errorAddress":null,"errorCause":null,"errorCode":"invalid_event_batch","errorErrno":null,"errorName":"Error","errorPort":null,"errorRequestId":"2ebdd890-0721-4cba-986b-21d2d8e999eb","errorStack":"Error: Validation failed\n    at postJson (file:///C:/Users/POS/speypos-system/speypos-local/src/services/cloudIngest.service.js:119:25)\n    at process.processTicksAndRejections (node:internal/process/task_queues:95:5)\n    at async uploadOrdersBatch (file:///C:/Users/POS/speypos-system/speypos-local/src/services/cloudIngest.service.js:170:60)\n    at async dispatchCloudMiniBatch (file:///C:/Users/POS/speypos-system/speypos-local/src/services/outbox.dispatchers.js:75:18)\n    at async processBatch (file:///C:/Users/POS/speypos-system/speypos-local/src/services/outbox.worker.js:38:7)\n    at async tick (file:///C:/Users/POS/speypos-system/speypos-local/src/services/outbox.worker.js:73:5)","errorStatus":422,"errorSyscall":null,"errorType":null,"level":"error","message":"Cloud sync failed.","timestamp":"2026-07-25T02:08:47.013Z"}
{"attempts":1,"error":"upload_failed","errorAddress":null,"errorCause":null,"errorCode":null,"errorErrno":null,"errorName":"Error","errorPort":null,"errorRequestId":null,"errorStack":"Error: upload_failed\n    at dispatchCloudMiniBatch (file:///C:/Users/POS/speypos-system/speypos-local/src/services/outbox.dispatchers.js:78:11)\n    at process.processTicksAndRejections (node:internal/process/task_queues:95:5)\n    at async processBatch (file:///C:/Users/POS/speypos-system/speypos-local/src/services/outbox.worker.js:38:7)\n    at async tick (file:///C:/Users/POS/speypos-system/speypos-local/src/services/outbox.worker.js:73:5)","errorStatus":null,"errorSyscall":null,"errorType":null,"eventId":"7dbb30f6-a63e-448a-8bab-c984e22eb38a","eventType":"cloud.mini_batch","level":"warn","message":"Outbox event dispatch failed","timestamp":"2026-07-25T02:08:47.015Z"}
{"baseUrl":"https://speypos-cloud-api.ryong.net","businessDate":"2026-07-25","level":"info","message":"Cloud sync starting.","orderCount":20,"shiftId":"56ef50c8-9581-4ead-9ea4-2c02d6e15628","storeId":"1","timestamp":"2026-07-25T02:08:48.486Z"}
{"error":"Validation failed","errorAddress":null,"errorCause":null,"errorCode":"invalid_event_batch","errorErrno":null,"errorName":"Error","errorPort":null,"errorRequestId":"5c07483d-ed84-4978-8fbc-513caac5b924","errorStack":"Error: Validation failed\n    at postJson (file:///C:/Users/POS/speypos-system/speypos-local/src/services/cloudIngest.service.js:119:25)\n    at process.processTicksAndRejections (node:internal/process/task_queues:95:5)\n    at async uploadOrdersBatch (file:///C:/Users/POS/speypos-system/speypos-local/src/services/cloudIngest.service.js:170:60)\n    at async dispatchCloudMiniBatch (file:///C:/Users/POS/speypos-system/speypos-local/src/services/outbox.dispatchers.js:75:18)\n    at async processBatch (file:///C:/Users/POS/speypos-system/speypos-local/src/services/outbox.worker.js:38:7)\n    at async tick (file:///C:/Users/POS/speypos-system/speypos-local/src/services/outbox.worker.js:73:5)","errorStatus":422,"errorSyscall":null,"errorType":null,"level":"error","message":"Cloud sync failed.","timestamp":"2026-07-25T02:08:48.549Z"}
{"attempts":2,"error":"upload_failed","errorAddress":null,"errorCause":null,"errorCode":null,"errorErrno":null,"errorName":"Error","errorPort":null,"errorRequestId":null,"errorStack":"Error: upload_failed\n    at dispatchCloudMiniBatch (file:///C:/Users/POS/speypos-system/speypos-local/src/services/outbox.dispatchers.js:78:11)\n    at process.processTicksAndRejections (node:internal/process/task_queues:95:5)\n    at async processBatch (file:///C:/Users/POS/speypos-system/speypos-local/src/services/outbox.worker.js:38:7)\n    at async tick (file:///C:/Users/POS/speypos-system/speypos-local/src/services/outbox.worker.js:73:5)","errorStatus":null,"errorSyscall":null,"errorType":null,"eventId":"7dbb30f6-a63e-448a-8bab-c984e22eb38a","eventType":"cloud.mini_batch","level":"warn","message":"Outbox event dispatch failed","timestamp":"2026-07-25T02:08:48.550Z"}
{"baseUrl":"https://speypos-cloud-api.ryong.net","businessDate":"2026-07-25","level":"info","message":"Cloud sync starting.","orderCount":20,"shiftId":"56ef50c8-9581-4ead-9ea4-2c02d6e15628","storeId":"1","timestamp":"2026-07-25T02:08:51.501Z"}
{"error":"Validation failed","errorAddress":null,"errorCause":null,"errorCode":"invalid_event_batch","errorErrno":null,"errorName":"Error","errorPort":null,"errorRequestId":"227a5c38-b65c-4b3e-97c9-41ba55c4b673","errorStack":"Error: Validation failed\n    at postJson (file:///C:/Users/POS/speypos-system/speypos-local/src/services/cloudIngest.service.js:119:25)\n    at process.processTicksAndRejections (node:internal/process/task_queues:95:5)\n    at async uploadOrdersBatch (file:///C:/Users/POS/speypos-system/speypos-local/src/services/cloudIngest.service.js:170:60)\n    at async dispatchCloudMiniBatch (file:///C:/Users/POS/speypos-system/speypos-local/src/services/outbox.dispatchers.js:75:18)\n    at async processBatch (file:///C:/Users/POS/speypos-system/speypos-local/src/services/outbox.worker.js:38:7)\n    at async tick (file:///C:/Users/POS/speypos-system/speypos-local/src/services/outbox.worker.js:73:5)","errorStatus":422,"errorSyscall":null,"errorType":null,"level":"error","message":"Cloud sync failed.","timestamp":"2026-07-25T02:08:51.558Z"}
{"attempts":3,"error":"upload_failed","errorAddress":null,"errorCause":null,"errorCode":null,"errorErrno":null,"errorName":"Error","errorPort":null,"errorRequestId":null,"errorStack":"Error: upload_failed\n    at dispatchCloudMiniBatch (file:///C:/Users/POS/speypos-system/speypos-local/src/services/outbox.dispatchers.js:78:11)\n    at process.processTicksAndRejections (node:internal/process/task_queues:95:5)\n    at async processBatch (file:///C:/Users/POS/speypos-system/speypos-local/src/services/outbox.worker.js:38:7)\n    at async tick (file:///C:/Users/POS/speypos-system/speypos-local/src/services/outbox.worker.js:73:5)","errorStatus":null,"errorSyscall":null,"errorType":null,"eventId":"7dbb30f6-a63e-448a-8bab-c984e22eb38a","eventType":"cloud.mini_batch","level":"warn","message":"Outbox event dispatch failed","timestamp":"2026-07-25T02:08:51.559Z"}
{"baseUrl":"https://speypos-cloud-api.ryong.net","businessDate":"2026-07-25","level":"info","message":"Cloud sync starting.","orderCount":20,"shiftId":"56ef50c8-9581-4ead-9ea4-2c02d6e15628","storeId":"1","timestamp":"2026-07-25T02:08:56.534Z"}
{"error":"Validation failed","errorAddress":null,"errorCause":null,"errorCode":"invalid_event_batch","errorErrno":null,"errorName":"Error","errorPort":null,"errorRequestId":"a1dce5f8-ddc1-4de0-ab77-770fe942af2d","errorStack":"Error: Validation failed\n    at postJson (file:///C:/Users/POS/speypos-system/speypos-local/src/services/cloudIngest.service.js:119:25)\n    at process.processTicksAndRejections (node:internal/process/task_queues:95:5)\n    at async uploadOrdersBatch (file:///C:/Users/POS/speypos-system/speypos-local/src/services/cloudIngest.service.js:170:60)\n    at async dispatchCloudMiniBatch (file:///C:/Users/POS/speypos-system/speypos-local/src/services/outbox.dispatchers.js:75:18)\n    at async processBatch (file:///C:/Users/POS/speypos-system/speypos-local/src/services/outbox.worker.js:38:7)\n    at async tick (file:///C:/Users/POS/speypos-system/speypos-local/src/services/outbox.worker.js:73:5)","errorStatus":422,"errorSyscall":null,"errorType":null,"level":"error","message":"Cloud sync failed.","timestamp":"2026-07-25T02:08:56.697Z"}
{"attempts":4,"error":"upload_failed","errorAddress":null,"errorCause":null,"errorCode":null,"errorErrno":null,"errorName":"Error","errorPort":null,"errorRequestId":null,"errorStack":"Error: upload_failed\n    at dispatchCloudMiniBatch (file:///C:/Users/POS/speypos-system/speypos-local/src/services/outbox.dispatchers.js:78:11)\n    at process.processTicksAndRejections (node:internal/process/task_queues:95:5)\n    at async processBatch (file:///C:/Users/POS/speypos-system/speypos-local/src/services/outbox.worker.js:38:7)\n    at async tick (file:///C:/Users/POS/speypos-system/speypos-local/src/services/outbox.worker.js:73:5)","errorStatus":null,"errorSyscall":null,"errorType":null,"eventId":"7dbb30f6-a63e-448a-8bab-c984e22eb38a","eventType":"cloud.mini_batch","level":"warn","message":"Outbox event dispatch failed","timestamp":"2026-07-25T02:08:56.699Z"}
{"baseUrl":"https://speypos-cloud-api.ryong.net","businessDate":"2026-07-25","level":"info","message":"Cloud sync starting.","orderCount":20,"shiftId":"56ef50c8-9581-4ead-9ea4-2c02d6e15628","storeId":"1","timestamp":"2026-07-25T02:09:05.562Z"}
{"error":"Validation failed","errorAddress":null,"errorCause":null,"errorCode":"invalid_event_batch","errorErrno":null,"errorName":"Error","errorPort":null,"errorRequestId":"1ab9ebf0-7bcb-4e60-a2cc-4ed1101cec16","errorStack":"Error: Validation failed\n    at postJson (file:///C:/Users/POS/speypos-system/speypos-local/src/services/cloudIngest.service.js:119:25)\n    at process.processTicksAndRejections (node:internal/process/task_queues:95:5)\n    at async uploadOrdersBatch (file:///C:/Users/POS/speypos-system/speypos-local/src/services/cloudIngest.service.js:170:60)\n    at async dispatchCloudMiniBatch (file:///C:/Users/POS/speypos-system/speypos-local/src/services/outbox.dispatchers.js:75:18)\n    at async processBatch (file:///C:/Users/POS/speypos-system/speypos-local/src/services/outbox.worker.js:38:7)\n    at async tick (file:///C:/Users/POS/speypos-system/speypos-local/src/services/outbox.worker.js:73:5)","errorStatus":422,"errorSyscall":null,"errorType":null,"level":"error","message":"Cloud sync failed.","timestamp":"2026-07-25T02:09:05.725Z"}
{"attempts":5,"error":"upload_failed","errorAddress":null,"errorCause":null,"errorCode":null,"errorErrno":null,"errorName":"Error","errorPort":null,"errorRequestId":null,"errorStack":"Error: upload_failed\n    at dispatchCloudMiniBatch (file:///C:/Users/POS/speypos-system/speypos-local/src/services/outbox.dispatchers.js:78:11)\n    at process.processTicksAndRejections (node:internal/process/task_queues:95:5)\n    at async processBatch (file:///C:/Users/POS/speypos-system/speypos-local/src/services/outbox.worker.js:38:7)\n    at async tick (file:///C:/Users/POS/speypos-system/speypos-local/src/services/outbox.worker.js:73:5)","errorStatus":null,"errorSyscall":null,"errorType":null,"eventId":"7dbb30f6-a63e-448a-8bab-c984e22eb38a","eventType":"cloud.mini_batch","level":"warn","message":"Outbox event dispatch failed","timestamp":"2026-07-25T02:09:05.727Z"}
{"baseUrl":"https://speypos-cloud-api.ryong.net","businessDate":"2026-07-25","level":"info","message":"Cloud sync starting.","orderCount":20,"shiftId":"56ef50c8-9581-4ead-9ea4-2c02d6e15628","storeId":"1","timestamp":"2026-07-25T02:09:22.598Z"}
{"error":"Validation failed","errorAddress":null,"errorCause":null,"errorCode":"invalid_event_batch","errorErrno":null,"errorName":"Error","errorPort":null,"errorRequestId":"254f7dee-42ec-4ebd-8b1e-1930849add7e","errorStack":"Error: Validation failed\n    at postJson (file:///C:/Users/POS/speypos-system/speypos-local/src/services/cloudIngest.service.js:119:25)\n    at process.processTicksAndRejections (node:internal/process/task_queues:95:5)\n    at async uploadOrdersBatch (file:///C:/Users/POS/speypos-system/speypos-local/src/services/cloudIngest.service.js:170:60)\n    at async dispatchCloudMiniBatch (file:///C:/Users/POS/speypos-system/speypos-local/src/services/outbox.dispatchers.js:75:18)\n    at async processBatch (file:///C:/Users/POS/speypos-system/speypos-local/src/services/outbox.worker.js:38:7)\n    at async tick (file:///C:/Users/POS/speypos-system/speypos-local/src/services/outbox.worker.js:73:5)","errorStatus":422,"errorSyscall":null,"errorType":null,"level":"error","message":"Cloud sync failed.","timestamp":"2026-07-25T02:09:22.762Z"}
{"attempts":6,"error":"upload_failed","errorAddress":null,"errorCause":null,"errorCode":null,"errorErrno":null,"errorName":"Error","errorPort":null,"errorRequestId":null,"errorStack":"Error: upload_failed\n    at dispatchCloudMiniBatch (file:///C:/Users/POS/speypos-system/speypos-local/src/services/outbox.dispatchers.js:78:11)\n    at process.processTicksAndRejections (node:internal/process/task_queues:95:5)\n    at async processBatch (file:///C:/Users/POS/speypos-system/speypos-local/src/services/outbox.worker.js:38:7)\n    at async tick (file:///C:/Users/POS/speypos-system/speypos-local/src/services/outbox.worker.js:73:5)","errorStatus":null,"errorSyscall":null,"errorType":null,"eventId":"7dbb30f6-a63e-448a-8bab-c984e22eb38a","eventType":"cloud.mini_batch","level":"warn","message":"Outbox event dispatch failed","timestamp":"2026-07-25T02:09:22.763Z"}
{"baseUrl":"https://speypos-cloud-api.ryong.net","businessDate":"2026-07-25","level":"info","message":"Cloud sync starting.","orderCount":20,"shiftId":"56ef50c8-9581-4ead-9ea4-2c02d6e15628","storeId":"1","timestamp":"2026-07-25T02:09:30.628Z"}
{"error":"Validation failed","errorAddress":null,"errorCause":null,"errorCode":"invalid_event_batch","errorErrno":null,"errorName":"Error","errorPort":null,"errorRequestId":"7e4301f0-124e-42b1-a8fc-b924b7168033","errorStack":"Error: Validation failed\n    at postJson (file:///C:/Users/POS/speypos-system/speypos-local/src/services/cloudIngest.service.js:119:25)\n    at process.processTicksAndRejections (node:internal/process/task_queues:95:5)\n    at async uploadOrdersBatch (file:///C:/Users/POS/speypos-system/speypos-local/src/services/cloudIngest.service.js:170:60)\n    at async dispatchCloudMiniBatch (file:///C:/Users/POS/speypos-system/speypos-local/src/services/outbox.dispatchers.js:75:18)\n    at async processBatch (file:///C:/Users/POS/speypos-system/speypos-local/src/services/outbox.worker.js:38:7)\n    at async tick (file:///C:/Users/POS/speypos-system/speypos-local/src/services/outbox.worker.js:73:5)","errorStatus":422,"errorSyscall":null,"errorType":null,"level":"error","message":"Cloud sync failed.","timestamp":"2026-07-25T02:09:30.805Z"}
{"attempts":9,"error":"upload_failed","errorAddress":null,"errorCause":null,"errorCode":null,"errorErrno":null,"errorName":"Error","errorPort":null,"errorRequestId":null,"errorStack":"Error: upload_failed\n    at dispatchCloudMiniBatch (file:///C:/Users/POS/speypos-system/speypos-local/src/services/outbox.dispatchers.js:78:11)\n    at process.processTicksAndRejections (node:internal/process/task_queues:95:5)\n    at async processBatch (file:///C:/Users/POS/speypos-system/speypos-local/src/services/outbox.worker.js:38:7)\n    at async tick (file:///C:/Users/POS/speypos-system/speypos-local/src/services/outbox.worker.js:73:5)","errorStatus":null,"errorSyscall":null,"errorType":null,"eventId":"0a9a7edf-825c-4fed-bb7a-75a64bd75a52","eventType":"cloud.mini_batch","level":"warn","message":"Outbox event dispatch failed","timestamp":"2026-07-25T02:09:30.807Z"}
{"baseUrl":"https://speypos-cloud-api.ryong.net","businessDate":"2026-07-25","level":"info","message":"Cloud sync starting.","orderCount":20,"shiftId":"56ef50c8-9581-4ead-9ea4-2c02d6e15628","storeId":"1","timestamp":"2026-07-25T02:09:55.746Z"}
{"error":"Validation failed","errorAddress":null,"errorCause":null,"errorCode":"invalid_event_batch","errorErrno":null,"errorName":"Error","errorPort":null,"errorRequestId":"f53d1cb1-be96-4c4d-9e91-c97e554cc6ed","errorStack":"Error: Validation failed\n    at postJson (file:///C:/Users/POS/speypos-system/speypos-local/src/services/cloudIngest.service.js:119:25)\n    at process.processTicksAndRejections (node:internal/process/task_queues:95:5)\n    at async uploadOrdersBatch (file:///C:/Users/POS/speypos-system/speypos-local/src/services/cloudIngest.service.js:170:60)\n    at async dispatchCloudMiniBatch (file:///C:/Users/POS/speypos-system/speypos-local/src/services/outbox.dispatchers.js:75:18)\n    at async processBatch (file:///C:/Users/POS/speypos-system/speypos-local/src/services/outbox.worker.js:38:7)\n    at async tick (file:///C:/Users/POS/speypos-system/speypos-local/src/services/outbox.worker.js:73:5)","errorStatus":422,"errorSyscall":null,"errorType":null,"level":"error","message":"Cloud sync failed.","timestamp":"2026-07-25T02:09:55.905Z"}
{"attempts":7,"error":"upload_failed","errorAddress":null,"errorCause":null,"errorCode":null,"errorErrno":null,"errorName":"Error","errorPort":null,"errorRequestId":null,"errorStack":"Error: upload_failed\n    at dispatchCloudMiniBatch (file:///C:/Users/POS/speypos-system/speypos-local/src/services/outbox.dispatchers.js:78:11)\n    at process.processTicksAndRejections (node:internal/process/task_queues:95:5)\n    at async processBatch (file:///C:/Users/POS/speypos-system/speypos-local/src/services/outbox.worker.js:38:7)\n    at async tick (file:///C:/Users/POS/speypos-system/speypos-local/src/services/outbox.worker.js:73:5)","errorStatus":null,"errorSyscall":null,"errorType":null,"eventId":"7dbb30f6-a63e-448a-8bab-c984e22eb38a","eventType":"cloud.mini_batch","level":"warn","message":"Outbox event dispatch failed","timestamp":"2026-07-25T02:09:55.907Z"}
{"baseUrl":"https://speypos-cloud-api.ryong.net","businessDate":"2026-07-25","level":"info","message":"Cloud sync starting.","orderCount":20,"shiftId":"56ef50c8-9581-4ead-9ea4-2c02d6e15628","storeId":"1","timestamp":"2026-07-25T02:10:34.927Z"}
{"error":"Validation failed","errorAddress":null,"errorCause":null,"errorCode":"invalid_event_batch","errorErrno":null,"errorName":"Error","errorPort":null,"errorRequestId":"924f4f2a-56dc-44e5-a40b-677424998303","errorStack":"Error: Validation failed\n    at postJson (file:///C:/Users/POS/speypos-system/speypos-local/src/services/cloudIngest.service.js:119:25)\n    at process.processTicksAndRejections (node:internal/process/task_queues:95:5)\n    at async uploadOrdersBatch (file:///C:/Users/POS/speypos-system/speypos-local/src/services/cloudIngest.service.js:170:60)\n    at async dispatchCloudMiniBatch (file:///C:/Users/POS/speypos-system/speypos-local/src/services/outbox.dispatchers.js:75:18)\n    at async processBatch (file:///C:/Users/POS/speypos-system/speypos-local/src/services/outbox.worker.js:38:7)\n    at async tick (file:///C:/Users/POS/speypos-system/speypos-local/src/services/outbox.worker.js:73:5)","errorStatus":422,"errorSyscall":null,"errorType":null,"level":"error","message":"Cloud sync failed.","timestamp":"2026-07-25T02:10:35.089Z"}
{"attempts":10,"error":"upload_failed","errorAddress":null,"errorCause":null,"errorCode":null,"errorErrno":null,"errorName":"Error","errorPort":null,"errorRequestId":null,"errorStack":"Error: upload_failed\n    at dispatchCloudMiniBatch (file:///C:/Users/POS/speypos-system/speypos-local/src/services/outbox.dispatchers.js:78:11)\n    at process.processTicksAndRejections (node:internal/process/task_queues:95:5)\n    at async processBatch (file:///C:/Users/POS/speypos-system/speypos-local/src/services/outbox.worker.js:38:7)\n    at async tick (file:///C:/Users/POS/speypos-system/speypos-local/src/services/outbox.worker.js:73:5)","errorStatus":null,"errorSyscall":null,"errorType":null,"eventId":"0a9a7edf-825c-4fed-bb7a-75a64bd75a52","eventType":"cloud.mini_batch","level":"warn","message":"Outbox event dispatch failed","timestamp":"2026-07-25T02:10:35.091Z"}
{"baseUrl":"https://speypos-cloud-api.ryong.net","businessDate":"2026-07-25","level":"info","message":"Cloud sync starting.","orderCount":20,"shiftId":"56ef50c8-9581-4ead-9ea4-2c02d6e15628","storeId":"1","timestamp":"2026-07-25T02:11:01.060Z"}
{"error":"Validation failed","errorAddress":null,"errorCause":null,"errorCode":"invalid_event_batch","errorErrno":null,"errorName":"Error","errorPort":null,"errorRequestId":"567870d1-6b92-4b79-b6f3-3fc9ba6393ce","errorStack":"Error: Validation failed\n    at postJson (file:///C:/Users/POS/speypos-system/speypos-local/src/services/cloudIngest.service.js:119:25)\n    at process.processTicksAndRejections (node:internal/process/task_queues:95:5)\n    at async uploadOrdersBatch (file:///C:/Users/POS/speypos-system/speypos-local/src/services/cloudIngest.service.js:170:60)\n    at async dispatchCloudMiniBatch (file:///C:/Users/POS/speypos-system/speypos-local/src/services/outbox.dispatchers.js:75:18)\n    at async processBatch (file:///C:/Users/POS/speypos-system/speypos-local/src/services/outbox.worker.js:38:7)\n    at async tick (file:///C:/Users/POS/speypos-system/speypos-local/src/services/outbox.worker.js:73:5)","errorStatus":422,"errorSyscall":null,"errorType":null,"level":"error","message":"Cloud sync failed.","timestamp":"2026-07-25T02:11:01.221Z"}
{"attempts":8,"error":"upload_failed","errorAddress":null,"errorCause":null,"errorCode":null,"errorErrno":null,"errorName":"Error","errorPort":null,"errorRequestId":null,"errorStack":"Error: upload_failed\n    at dispatchCloudMiniBatch (file:///C:/Users/POS/speypos-system/speypos-local/src/services/outbox.dispatchers.js:78:11)\n    at process.processTicksAndRejections (node:internal/process/task_queues:95:5)\n    at async processBatch (file:///C:/Users/POS/speypos-system/speypos-local/src/services/outbox.worker.js:38:7)\n    at async tick (file:///C:/Users/POS/speypos-system/speypos-local/src/services/outbox.worker.js:73:5)","errorStatus":null,"errorSyscall":null,"errorType":null,"eventId":"7dbb30f6-a63e-448a-8bab-c984e22eb38a","eventType":"cloud.mini_batch","level":"warn","message":"Outbox event dispatch failed","timestamp":"2026-07-25T02:11:01.222Z"}
{"baseUrl":"https://speypos-cloud-api.ryong.net","businessDate":"2026-07-25","level":"info","message":"Cloud sync starting.","orderCount":20,"shiftId":"56ef50c8-9581-4ead-9ea4-2c02d6e15628","storeId":"1","timestamp":"2026-07-25T02:12:06.275Z"}
{"error":"Validation failed","errorAddress":null,"errorCause":null,"errorCode":"invalid_event_batch","errorErrno":null,"errorName":"Error","errorPort":null,"errorRequestId":"b6ac9d98-439d-4aca-b470-943f8054eeeb","errorStack":"Error: Validation failed\n    at postJson (file:///C:/Users/POS/speypos-system/speypos-local/src/services/cloudIngest.service.js:119:25)\n    at process.processTicksAndRejections (node:internal/process/task_queues:95:5)\n    at async uploadOrdersBatch (file:///C:/Users/POS/speypos-system/speypos-local/src/services/cloudIngest.service.js:170:60)\n    at async dispatchCloudMiniBatch (file:///C:/Users/POS/speypos-system/speypos-local/src/services/outbox.dispatchers.js:75:18)\n    at async processBatch (file:///C:/Users/POS/speypos-system/speypos-local/src/services/outbox.worker.js:38:7)\n    at async tick (file:///C:/Users/POS/speypos-system/speypos-local/src/services/outbox.worker.js:73:5)","errorStatus":422,"errorSyscall":null,"errorType":null,"level":"error","message":"Cloud sync failed.","timestamp":"2026-07-25T02:12:06.532Z"}
{"attempts":9,"error":"upload_failed","errorAddress":null,"errorCause":null,"errorCode":null,"errorErrno":null,"errorName":"Error","errorPort":null,"errorRequestId":null,"errorStack":"Error: upload_failed\n    at dispatchCloudMiniBatch (file:///C:/Users/POS/speypos-system/speypos-local/src/services/outbox.dispatchers.js:78:11)\n    at process.processTicksAndRejections (node:internal/process/task_queues:95:5)\n    at async processBatch (file:///C:/Users/POS/speypos-system/speypos-local/src/services/outbox.worker.js:38:7)\n    at async tick (file:///C:/Users/POS/speypos-system/speypos-local/src/services/outbox.worker.js:73:5)","errorStatus":null,"errorSyscall":null,"errorType":null,"eventId":"7dbb30f6-a63e-448a-8bab-c984e22eb38a","eventType":"cloud.mini_batch","level":"warn","message":"Outbox event dispatch failed","timestamp":"2026-07-25T02:12:06.534Z"}
{"baseUrl":"https://speypos-cloud-api.ryong.net","businessDate":"2026-07-25","level":"info","message":"Cloud sync starting.","orderCount":20,"shiftId":"56ef50c8-9581-4ead-9ea4-2c02d6e15628","storeId":"1","timestamp":"2026-07-25T02:13:11.509Z"}
{"error":"Validation failed","errorAddress":null,"errorCause":null,"errorCode":"invalid_event_batch","errorErrno":null,"errorName":"Error","errorPort":null,"errorRequestId":"d2195dbe-973c-447e-9d6d-3c1cd442b025","errorStack":"Error: Validation failed\n    at postJson (file:///C:/Users/POS/speypos-system/speypos-local/src/services/cloudIngest.service.js:119:25)\n    at process.processTicksAndRejections (node:internal/process/task_queues:95:5)\n    at async uploadOrdersBatch (file:///C:/Users/POS/speypos-system/speypos-local/src/services/cloudIngest.service.js:170:60)\n    at async dispatchCloudMiniBatch (file:///C:/Users/POS/speypos-system/speypos-local/src/services/outbox.dispatchers.js:75:18)\n    at async processBatch (file:///C:/Users/POS/speypos-system/speypos-local/src/services/outbox.worker.js:38:7)\n    at async tick (file:///C:/Users/POS/speypos-system/speypos-local/src/services/outbox.worker.js:73:5)","errorStatus":422,"errorSyscall":null,"errorType":null,"level":"error","message":"Cloud sync failed.","timestamp":"2026-07-25T02:13:11.718Z"}
{"attempts":10,"error":"upload_failed","errorAddress":null,"errorCause":null,"errorCode":null,"errorErrno":null,"errorName":"Error","errorPort":null,"errorRequestId":null,"errorStack":"Error: upload_failed\n    at dispatchCloudMiniBatch (file:///C:/Users/POS/speypos-system/speypos-local/src/services/outbox.dispatchers.js:78:11)\n    at process.processTicksAndRejections (node:internal/process/task_queues:95:5)\n    at async processBatch (file:///C:/Users/POS/speypos-system/speypos-local/src/services/outbox.worker.js:38:7)\n    at async tick (file:///C:/Users/POS/speypos-system/speypos-local/src/services/outbox.worker.js:73:5)","errorStatus":null,"errorSyscall":null,"errorType":null,"eventId":"7dbb30f6-a63e-448a-8bab-c984e22eb38a","eventType":"cloud.mini_batch","level":"warn","message":"Outbox event dispatch failed","timestamp":"2026-07-25T02:13:11.720Z"}
{"level":"info","message":"Starting print job for order ID: 0f30eebb-050c-4961-aff4-44c24b4d9ef0.","status":"completed","timestamp":"2026-07-25T02:35:57.084Z"}
{"copies":[{"count":1,"variant":"INTERNAL"}],"engine":"canvas","level":"info","message":"Printing 1 variants for order 0f30eebb-050c-4961-aff4-44c24b4d9ef0","timestamp":"2026-07-25T02:35:57.085Z"}
{"level":"info","message":"[canvas] Rendering ESC/POS buffer for variant INTERNAL, order 0f30eebb-050c-4961-aff4-44c24b4d9ef0.","timestamp":"2026-07-25T02:35:57.086Z"}
{"level":"info","message":"[canvas] Sending copy 1/1 of variant INTERNAL for order 0f30eebb-050c-4961-aff4-44c24b4d9ef0.","timestamp":"2026-07-25T02:35:57.108Z"}
{"bufferBytes":31980,"level":"info","message":"ESC/POS transport: preparing to send buffer to printer","printerName":"\\\\localhost\\XP80","timestamp":"2026-07-25T02:35:57.108Z"}
{"bufferBytes":31980,"level":"info","message":"ESC/POS transport: buffer sent successfully","printerName":"\\\\localhost\\XP80","timestamp":"2026-07-25T02:35:57.376Z"}
{"level":"info","message":"Print job for order 0f30eebb-050c-4961-aff4-44c24b4d9ef0 completed and marked as printed.","timestamp":"2026-07-25T02:35:57.377Z"}
{"level":"info","message":"Telegram message sent successfully.","timestamp":"2026-07-25T02:35:58.316Z"}
{"level":"info","message":"Successfully sent and marked Telegram notification for order 0f30eebb-050c-4961-aff4-44c24b4d9ef0","timestamp":"2026-07-25T02:35:58.316Z"}
{"baseUrl":"https://speypos-cloud-api.ryong.net","businessDate":"2026-07-25","level":"info","message":"Cloud sync starting.","orderCount":20,"shiftId":"56ef50c8-9581-4ead-9ea4-2c02d6e15628","storeId":"1","timestamp":"2026-07-25T02:35:58.380Z"}
{"error":"Validation failed","errorAddress":null,"errorCause":null,"errorCode":"invalid_event_batch","errorErrno":null,"errorName":"Error","errorPort":null,"errorRequestId":"b7cd0175-a43d-40c7-a037-080f4de40218","errorStack":"Error: Validation failed\n    at postJson (file:///C:/Users/POS/speypos-system/speypos-local/src/services/cloudIngest.service.js:119:25)\n    at process.processTicksAndRejections (node:internal/process/task_queues:95:5)\n    at async uploadOrdersBatch (file:///C:/Users/POS/speypos-system/speypos-local/src/services/cloudIngest.service.js:170:60)\n    at async dispatchCloudMiniBatch (file:///C:/Users/POS/speypos-system/speypos-local/src/services/outbox.dispatchers.js:75:18)\n    at async processBatch (file:///C:/Users/POS/speypos-system/speypos-local/src/services/outbox.worker.js:38:7)\n    at async tick (file:///C:/Users/POS/speypos-system/speypos-local/src/services/outbox.worker.js:73:5)","errorStatus":422,"errorSyscall":null,"errorType":null,"level":"error","message":"Cloud sync failed.","timestamp":"2026-07-25T02:35:58.618Z"}
{"attempts":1,"error":"upload_failed","errorAddress":null,"errorCause":null,"errorCode":null,"errorErrno":null,"errorName":"Error","errorPort":null,"errorRequestId":null,"errorStack":"Error: upload_failed\n    at dispatchCloudMiniBatch (file:///C:/Users/POS/speypos-system/speypos-local/src/services/outbox.dispatchers.js:78:11)\n    at process.processTicksAndRejections (node:internal/process/task_queues:95:5)\n    at async processBatch (file:///C:/Users/POS/speypos-system/speypos-local/src/services/outbox.worker.js:38:7)\n    at async tick (file:///C:/Users/POS/speypos-system/speypos-local/src/services/outbox.worker.js:73:5)","errorStatus":null,"errorSyscall":null,"errorType":null,"eventId":"dbbb1014-3030-42ac-b3f4-64f34feade8c","eventType":"cloud.mini_batch","level":"warn","message":"Outbox event dispatch failed","timestamp":"2026-07-25T02:35:58.619Z"}
{"baseUrl":"https://speypos-cloud-api.ryong.net","businessDate":"2026-07-25","level":"info","message":"Cloud sync starting.","orderCount":20,"shiftId":"56ef50c8-9581-4ead-9ea4-2c02d6e15628","storeId":"1","timestamp":"2026-07-25T02:36:00.154Z"}
{"error":"Validation failed","errorAddress":null,"errorCause":null,"errorCode":"invalid_event_batch","errorErrno":null,"errorName":"Error","errorPort":null,"errorRequestId":"ae948510-787d-4d5f-9b0b-2e6046d9787b","errorStack":"Error: Validation failed\n    at postJson (file:///C:/Users/POS/speypos-system/speypos-local/src/services/cloudIngest.service.js:119:25)\n    at process.processTicksAndRejections (node:internal/process/task_queues:95:5)\n    at async uploadOrdersBatch (file:///C:/Users/POS/speypos-system/speypos-local/src/services/cloudIngest.service.js:170:60)\n    at async dispatchCloudMiniBatch (file:///C:/Users/POS/speypos-system/speypos-local/src/services/outbox.dispatchers.js:75:18)\n    at async processBatch (file:///C:/Users/POS/speypos-system/speypos-local/src/services/outbox.worker.js:38:7)\n    at async tick (file:///C:/Users/POS/speypos-system/speypos-local/src/services/outbox.worker.js:73:5)","errorStatus":422,"errorSyscall":null,"errorType":null,"level":"error","message":"Cloud sync failed.","timestamp":"2026-07-25T02:36:00.218Z"}
{"attempts":2,"error":"upload_failed","errorAddress":null,"errorCause":null,"errorCode":null,"errorErrno":null,"errorName":"Error","errorPort":null,"errorRequestId":null,"errorStack":"Error: upload_failed\n    at dispatchCloudMiniBatch (file:///C:/Users/POS/speypos-system/speypos-local/src/services/outbox.dispatchers.js:78:11)\n    at process.processTicksAndRejections (node:internal/process/task_queues:95:5)\n    at async processBatch (file:///C:/Users/POS/speypos-system/speypos-local/src/services/outbox.worker.js:38:7)\n    at async tick (file:///C:/Users/POS/speypos-system/speypos-local/src/services/outbox.worker.js:73:5)","errorStatus":null,"errorSyscall":null,"errorType":null,"eventId":"dbbb1014-3030-42ac-b3f4-64f34feade8c","eventType":"cloud.mini_batch","level":"warn","message":"Outbox event dispatch failed","timestamp":"2026-07-25T02:36:00.219Z"}
{"level":"info","message":"Starting print job for order ID: 6275563b-837b-4652-b945-149d396bd6e6.","status":"completed","timestamp":"2026-07-25T02:36:02.120Z"}
{"copies":[{"count":1,"variant":"INTERNAL"}],"engine":"canvas","level":"info","message":"Printing 1 variants for order 6275563b-837b-4652-b945-149d396bd6e6","timestamp":"2026-07-25T02:36:02.120Z"}
{"level":"info","message":"[canvas] Rendering ESC/POS buffer for variant INTERNAL, order 6275563b-837b-4652-b945-149d396bd6e6.","timestamp":"2026-07-25T02:36:02.121Z"}
{"level":"info","message":"[canvas] Sending copy 1/1 of variant INTERNAL for order 6275563b-837b-4652-b945-149d396bd6e6.","timestamp":"2026-07-25T02:36:02.142Z"}
{"bufferBytes":23340,"level":"info","message":"ESC/POS transport: preparing to send buffer to printer","printerName":"\\\\localhost\\XP80","timestamp":"2026-07-25T02:36:02.142Z"}
{"bufferBytes":23340,"level":"info","message":"ESC/POS transport: buffer sent successfully","printerName":"\\\\localhost\\XP80","timestamp":"2026-07-25T02:36:02.415Z"}
{"level":"info","message":"Print job for order 6275563b-837b-4652-b945-149d396bd6e6 completed and marked as printed.","timestamp":"2026-07-25T02:36:02.416Z"}
{"level":"info","message":"Telegram message sent successfully.","timestamp":"2026-07-25T02:36:02.878Z"}
{"level":"info","message":"Successfully sent and marked Telegram notification for order 6275563b-837b-4652-b945-149d396bd6e6","timestamp":"2026-07-25T02:36:02.879Z"}
{"baseUrl":"https://speypos-cloud-api.ryong.net","businessDate":"2026-07-25","level":"info","message":"Cloud sync starting.","orderCount":20,"shiftId":"56ef50c8-9581-4ead-9ea4-2c02d6e15628","storeId":"1","timestamp":"2026-07-25T02:36:02.940Z"}
{"error":"Validation failed","errorAddress":null,"errorCause":null,"errorCode":"invalid_event_batch","errorErrno":null,"errorName":"Error","errorPort":null,"errorRequestId":"b3dfab6f-7432-4672-a290-64c381a422a3","errorStack":"Error: Validation failed\n    at postJson (file:///C:/Users/POS/speypos-system/speypos-local/src/services/cloudIngest.service.js:119:25)\n    at process.processTicksAndRejections (node:internal/process/task_queues:95:5)\n    at async uploadOrdersBatch (file:///C:/Users/POS/speypos-system/speypos-local/src/services/cloudIngest.service.js:170:60)\n    at async dispatchCloudMiniBatch (file:///C:/Users/POS/speypos-system/speypos-local/src/services/outbox.dispatchers.js:75:18)\n    at async processBatch (file:///C:/Users/POS/speypos-system/speypos-local/src/services/outbox.worker.js:38:7)\n    at async tick (file:///C:/Users/POS/speypos-system/speypos-local/src/services/outbox.worker.js:73:5)","errorStatus":422,"errorSyscall":null,"errorType":null,"level":"error","message":"Cloud sync failed.","timestamp":"2026-07-25T02:36:03.002Z"}
{"attempts":1,"error":"upload_failed","errorAddress":null,"errorCause":null,"errorCode":null,"errorErrno":null,"errorName":"Error","errorPort":null,"errorRequestId":null,"errorStack":"Error: upload_failed\n    at dispatchCloudMiniBatch (file:///C:/Users/POS/speypos-system/speypos-local/src/services/outbox.dispatchers.js:78:11)\n    at process.processTicksAndRejections (node:internal/process/task_queues:95:5)\n    at async processBatch (file:///C:/Users/POS/speypos-system/speypos-local/src/services/outbox.worker.js:38:7)\n    at async tick (file:///C:/Users/POS/speypos-system/speypos-local/src/services/outbox.worker.js:73:5)","errorStatus":null,"errorSyscall":null,"errorType":null,"eventId":"dc05a3ee-d385-4466-a7f2-5227977c3c1e","eventType":"cloud.mini_batch","level":"warn","message":"Outbox event dispatch failed","timestamp":"2026-07-25T02:36:03.004Z"}
{"baseUrl":"https://speypos-cloud-api.ryong.net","businessDate":"2026-07-25","level":"info","message":"Cloud sync starting.","orderCount":20,"shiftId":"56ef50c8-9581-4ead-9ea4-2c02d6e15628","storeId":"1","timestamp":"2026-07-25T02:36:03.189Z"}
{"error":"Validation failed","errorAddress":null,"errorCause":null,"errorCode":"invalid_event_batch","errorErrno":null,"errorName":"Error","errorPort":null,"errorRequestId":"a1aed672-85de-40d1-9f44-ea4468b5823d","errorStack":"Error: Validation failed\n    at postJson (file:///C:/Users/POS/speypos-system/speypos-local/src/services/cloudIngest.service.js:119:25)\n    at process.processTicksAndRejections (node:internal/process/task_queues:95:5)\n    at async uploadOrdersBatch (file:///C:/Users/POS/speypos-system/speypos-local/src/services/cloudIngest.service.js:170:60)\n    at async dispatchCloudMiniBatch (file:///C:/Users/POS/speypos-system/speypos-local/src/services/outbox.dispatchers.js:75:18)\n    at async processBatch (file:///C:/Users/POS/speypos-system/speypos-local/src/services/outbox.worker.js:38:7)\n    at async tick (file:///C:/Users/POS/speypos-system/speypos-local/src/services/outbox.worker.js:73:5)","errorStatus":422,"errorSyscall":null,"errorType":null,"level":"error","message":"Cloud sync failed.","timestamp":"2026-07-25T02:36:03.255Z"}
{"attempts":3,"error":"upload_failed","errorAddress":null,"errorCause":null,"errorCode":null,"errorErrno":null,"errorName":"Error","errorPort":null,"errorRequestId":null,"errorStack":"Error: upload_failed\n    at dispatchCloudMiniBatch (file:///C:/Users/POS/speypos-system/speypos-local/src/services/outbox.dispatchers.js:78:11)\n    at process.processTicksAndRejections (node:internal/process/task_queues:95:5)\n    at async processBatch (file:///C:/Users/POS/speypos-system/speypos-local/src/services/outbox.worker.js:38:7)\n    at async tick (file:///C:/Users/POS/speypos-system/speypos-local/src/services/outbox.worker.js:73:5)","errorStatus":null,"errorSyscall":null,"errorType":null,"eventId":"dbbb1014-3030-42ac-b3f4-64f34feade8c","eventType":"cloud.mini_batch","level":"warn","message":"Outbox event dispatch failed","timestamp":"2026-07-25T02:36:03.256Z"}
{"baseUrl":"https://speypos-cloud-api.ryong.net","businessDate":"2026-07-25","level":"info","message":"Cloud sync starting.","orderCount":20,"shiftId":"56ef50c8-9581-4ead-9ea4-2c02d6e15628","storeId":"1","timestamp":"2026-07-25T02:36:05.197Z"}
{"error":"Validation failed","errorAddress":null,"errorCause":null,"errorCode":"invalid_event_batch","errorErrno":null,"errorName":"Error","errorPort":null,"errorRequestId":"4d6224bb-c859-4328-b95e-6fb20683d8b1","errorStack":"Error: Validation failed\n    at postJson (file:///C:/Users/POS/speypos-system/speypos-local/src/services/cloudIngest.service.js:119:25)\n    at process.processTicksAndRejections (node:internal/process/task_queues:95:5)\n    at async uploadOrdersBatch (file:///C:/Users/POS/speypos-system/speypos-local/src/services/cloudIngest.service.js:170:60)\n    at async dispatchCloudMiniBatch (file:///C:/Users/POS/speypos-system/speypos-local/src/services/outbox.dispatchers.js:75:18)\n    at async processBatch (file:///C:/Users/POS/speypos-system/speypos-local/src/services/outbox.worker.js:38:7)\n    at async tick (file:///C:/Users/POS/speypos-system/speypos-local/src/services/outbox.worker.js:73:5)","errorStatus":422,"errorSyscall":null,"errorType":null,"level":"error","message":"Cloud sync failed.","timestamp":"2026-07-25T02:36:05.257Z"}
{"attempts":2,"error":"upload_failed","errorAddress":null,"errorCause":null,"errorCode":null,"errorErrno":null,"errorName":"Error","errorPort":null,"errorRequestId":null,"errorStack":"Error: upload_failed\n    at dispatchCloudMiniBatch (file:///C:/Users/POS/speypos-system/speypos-local/src/services/outbox.dispatchers.js:78:11)\n    at process.processTicksAndRejections (node:internal/process/task_queues:95:5)\n    at async processBatch (file:///C:/Users/POS/speypos-system/speypos-local/src/services/outbox.worker.js:38:7)\n    at async tick (file:///C:/Users/POS/speypos-system/speypos-local/src/services/outbox.worker.js:73:5)","errorStatus":null,"errorSyscall":null,"errorType":null,"eventId":"dc05a3ee-d385-4466-a7f2-5227977c3c1e","eventType":"cloud.mini_batch","level":"warn","message":"Outbox event dispatch failed","timestamp":"2026-07-25T02:36:05.262Z"}
{"baseUrl":"https://speypos-cloud-api.ryong.net","businessDate":"2026-07-25","level":"info","message":"Cloud sync starting.","orderCount":20,"shiftId":"56ef50c8-9581-4ead-9ea4-2c02d6e15628","storeId":"1","timestamp":"2026-07-25T02:36:08.190Z"}
{"error":"Validation failed","errorAddress":null,"errorCause":null,"errorCode":"invalid_event_batch","errorErrno":null,"errorName":"Error","errorPort":null,"errorRequestId":"e9a37a13-ebca-48d4-bb42-5ae7a3800030","errorStack":"Error: Validation failed\n    at postJson (file:///C:/Users/POS/speypos-system/speypos-local/src/services/cloudIngest.service.js:119:25)\n    at process.processTicksAndRejections (node:internal/process/task_queues:95:5)\n    at async uploadOrdersBatch (file:///C:/Users/POS/speypos-system/speypos-local/src/services/cloudIngest.service.js:170:60)\n    at async dispatchCloudMiniBatch (file:///C:/Users/POS/speypos-system/speypos-local/src/services/outbox.dispatchers.js:75:18)\n    at async processBatch (file:///C:/Users/POS/speypos-system/speypos-local/src/services/outbox.worker.js:38:7)\n    at async tick (file:///C:/Users/POS/speypos-system/speypos-local/src/services/outbox.worker.js:73:5)","errorStatus":422,"errorSyscall":null,"errorType":null,"level":"error","message":"Cloud sync failed.","timestamp":"2026-07-25T02:36:08.246Z"}
{"attempts":4,"error":"upload_failed","errorAddress":null,"errorCause":null,"errorCode":null,"errorErrno":null,"errorName":"Error","errorPort":null,"errorRequestId":null,"errorStack":"Error: upload_failed\n    at dispatchCloudMiniBatch (file:///C:/Users/POS/speypos-system/speypos-local/src/services/outbox.dispatchers.js:78:11)\n    at process.processTicksAndRejections (node:internal/process/task_queues:95:5)\n    at async processBatch (file:///C:/Users/POS/speypos-system/speypos-local/src/services/outbox.worker.js:38:7)\n    at async tick (file:///C:/Users/POS/speypos-system/speypos-local/src/services/outbox.worker.js:73:5)","errorStatus":null,"errorSyscall":null,"errorType":null,"eventId":"dbbb1014-3030-42ac-b3f4-64f34feade8c","eventType":"cloud.mini_batch","level":"warn","message":"Outbox event dispatch failed","timestamp":"2026-07-25T02:36:08.247Z"}
{"baseUrl":"https://speypos-cloud-api.ryong.net","businessDate":"2026-07-25","level":"info","message":"Cloud sync starting.","orderCount":20,"shiftId":"56ef50c8-9581-4ead-9ea4-2c02d6e15628","storeId":"1","timestamp":"2026-07-25T02:36:08.291Z"}
{"error":"Validation failed","errorAddress":null,"errorCause":null,"errorCode":"invalid_event_batch","errorErrno":null,"errorName":"Error","errorPort":null,"errorRequestId":"acd47646-551b-4fa8-96e3-2e459a256a0b","errorStack":"Error: Validation failed\n    at postJson (file:///C:/Users/POS/speypos-system/speypos-local/src/services/cloudIngest.service.js:119:25)\n    at process.processTicksAndRejections (node:internal/process/task_queues:95:5)\n    at async uploadOrdersBatch (file:///C:/Users/POS/speypos-system/speypos-local/src/services/cloudIngest.service.js:170:60)\n    at async dispatchCloudMiniBatch (file:///C:/Users/POS/speypos-system/speypos-local/src/services/outbox.dispatchers.js:75:18)\n    at async processBatch (file:///C:/Users/POS/speypos-system/speypos-local/src/services/outbox.worker.js:38:7)\n    at async tick (file:///C:/Users/POS/speypos-system/speypos-local/src/services/outbox.worker.js:73:5)","errorStatus":422,"errorSyscall":null,"errorType":null,"level":"error","message":"Cloud sync failed.","timestamp":"2026-07-25T02:36:08.451Z"}
{"attempts":3,"error":"upload_failed","errorAddress":null,"errorCause":null,"errorCode":null,"errorErrno":null,"errorName":"Error","errorPort":null,"errorRequestId":null,"errorStack":"Error: upload_failed\n    at dispatchCloudMiniBatch (file:///C:/Users/POS/speypos-system/speypos-local/src/services/outbox.dispatchers.js:78:11)\n    at process.processTicksAndRejections (node:internal/process/task_queues:95:5)\n    at async processBatch (file:///C:/Users/POS/speypos-system/speypos-local/src/services/outbox.worker.js:38:7)\n    at async tick (file:///C:/Users/POS/speypos-system/speypos-local/src/services/outbox.worker.js:73:5)","errorStatus":null,"errorSyscall":null,"errorType":null,"eventId":"dc05a3ee-d385-4466-a7f2-5227977c3c1e","eventType":"cloud.mini_batch","level":"warn","message":"Outbox event dispatch failed","timestamp":"2026-07-25T02:36:08.453Z"}
{"level":"info","message":"Starting print job for order ID: 9fc8fc5f-30cd-4c86-8c65-ecc9ee443af2.","status":"completed","timestamp":"2026-07-25T02:36:08.458Z"}
{"copies":[{"count":1,"variant":"INTERNAL"}],"engine":"canvas","level":"info","message":"Printing 1 variants for order 9fc8fc5f-30cd-4c86-8c65-ecc9ee443af2","timestamp":"2026-07-25T02:36:08.459Z"}
{"level":"info","message":"[canvas] Rendering ESC/POS buffer for variant INTERNAL, order 9fc8fc5f-30cd-4c86-8c65-ecc9ee443af2.","timestamp":"2026-07-25T02:36:08.460Z"}
{"level":"info","message":"[canvas] Sending copy 1/1 of variant INTERNAL for order 9fc8fc5f-30cd-4c86-8c65-ecc9ee443af2.","timestamp":"2026-07-25T02:36:08.477Z"}
{"bufferBytes":23340,"level":"info","message":"ESC/POS transport: preparing to send buffer to printer","printerName":"\\\\localhost\\XP80","timestamp":"2026-07-25T02:36:08.478Z"}
{"bufferBytes":23340,"level":"info","message":"ESC/POS transport: buffer sent successfully","printerName":"\\\\localhost\\XP80","timestamp":"2026-07-25T02:36:08.775Z"}
{"level":"info","message":"Print job for order 9fc8fc5f-30cd-4c86-8c65-ecc9ee443af2 completed and marked as printed.","timestamp":"2026-07-25T02:36:08.779Z"}
{"level":"info","message":"Telegram message sent successfully.","timestamp":"2026-07-25T02:36:09.747Z"}
{"level":"info","message":"Successfully sent and marked Telegram notification for order 9fc8fc5f-30cd-4c86-8c65-ecc9ee443af2","timestamp":"2026-07-25T02:36:09.749Z"}
{"baseUrl":"https://speypos-cloud-api.ryong.net","businessDate":"2026-07-25","level":"info","message":"Cloud sync starting.","orderCount":20,"shiftId":"56ef50c8-9581-4ead-9ea4-2c02d6e15628","storeId":"1","timestamp":"2026-07-25T02:36:09.802Z"}
{"error":"Validation failed","errorAddress":null,"errorCause":null,"errorCode":"invalid_event_batch","errorErrno":null,"errorName":"Error","errorPort":null,"errorRequestId":"f60210cc-5751-41d3-beb2-48190c4de0c8","errorStack":"Error: Validation failed\n    at postJson (file:///C:/Users/POS/speypos-system/speypos-local/src/services/cloudIngest.service.js:119:25)\n    at process.processTicksAndRejections (node:internal/process/task_queues:95:5)\n    at async uploadOrdersBatch (file:///C:/Users/POS/speypos-system/speypos-local/src/services/cloudIngest.service.js:170:60)\n    at async dispatchCloudMiniBatch (file:///C:/Users/POS/speypos-system/speypos-local/src/services/outbox.dispatchers.js:75:18)\n    at async processBatch (file:///C:/Users/POS/speypos-system/speypos-local/src/services/outbox.worker.js:38:7)\n    at async tick (file:///C:/Users/POS/speypos-system/speypos-local/src/services/outbox.worker.js:73:5)","errorStatus":422,"errorSyscall":null,"errorType":null,"level":"error","message":"Cloud sync failed.","timestamp":"2026-07-25T02:36:09.866Z"}
{"attempts":1,"error":"upload_failed","errorAddress":null,"errorCause":null,"errorCode":null,"errorErrno":null,"errorName":"Error","errorPort":null,"errorRequestId":null,"errorStack":"Error: upload_failed\n    at dispatchCloudMiniBatch (file:///C:/Users/POS/speypos-system/speypos-local/src/services/outbox.dispatchers.js:78:11)\n    at process.processTicksAndRejections (node:internal/process/task_queues:95:5)\n    at async processBatch (file:///C:/Users/POS/speypos-system/speypos-local/src/services/outbox.worker.js:38:7)\n    at async tick (file:///C:/Users/POS/speypos-system/speypos-local/src/services/outbox.worker.js:73:5)","errorStatus":null,"errorSyscall":null,"errorType":null,"eventId":"89d73dcb-d21c-4fe7-9178-363256d85f12","eventType":"cloud.mini_batch","level":"warn","message":"Outbox event dispatch failed","timestamp":"2026-07-25T02:36:09.867Z"}
{"baseUrl":"https://speypos-cloud-api.ryong.net","businessDate":"2026-07-25","level":"info","message":"Cloud sync starting.","orderCount":20,"shiftId":"56ef50c8-9581-4ead-9ea4-2c02d6e15628","storeId":"1","timestamp":"2026-07-25T02:36:11.215Z"}
{"error":"Validation failed","errorAddress":null,"errorCause":null,"errorCode":"invalid_event_batch","errorErrno":null,"errorName":"Error","errorPort":null,"errorRequestId":"6d4b446f-070c-426e-a568-ca6b0cf8de79","errorStack":"Error: Validation failed\n    at postJson (file:///C:/Users/POS/speypos-system/speypos-local/src/services/cloudIngest.service.js:119:25)\n    at process.processTicksAndRejections (node:internal/process/task_queues:95:5)\n    at async uploadOrdersBatch (file:///C:/Users/POS/speypos-system/speypos-local/src/services/cloudIngest.service.js:170:60)\n    at async dispatchCloudMiniBatch (file:///C:/Users/POS/speypos-system/speypos-local/src/services/outbox.dispatchers.js:75:18)\n    at async processBatch (file:///C:/Users/POS/speypos-system/speypos-local/src/services/outbox.worker.js:38:7)\n    at async tick (file:///C:/Users/POS/speypos-system/speypos-local/src/services/outbox.worker.js:73:5)","errorStatus":422,"errorSyscall":null,"errorType":null,"level":"error","message":"Cloud sync failed.","timestamp":"2026-07-25T02:36:11.272Z"}
{"attempts":2,"error":"upload_failed","errorAddress":null,"errorCause":null,"errorCode":null,"errorErrno":null,"errorName":"Error","errorPort":null,"errorRequestId":null,"errorStack":"Error: upload_failed\n    at dispatchCloudMiniBatch (file:///C:/Users/POS/speypos-system/speypos-local/src/services/outbox.dispatchers.js:78:11)\n    at process.processTicksAndRejections (node:internal/process/task_queues:95:5)\n    at async processBatch (file:///C:/Users/POS/speypos-system/speypos-local/src/services/outbox.worker.js:38:7)\n    at async tick (file:///C:/Users/POS/speypos-system/speypos-local/src/services/outbox.worker.js:73:5)","errorStatus":null,"errorSyscall":null,"errorType":null,"eventId":"89d73dcb-d21c-4fe7-9178-363256d85f12","eventType":"cloud.mini_batch","level":"warn","message":"Outbox event dispatch failed","timestamp":"2026-07-25T02:36:11.273Z"}
{"level":"info","message":"Starting print job for order ID: 0f963172-7f10-4ad7-86a9-839eb688751e.","status":"completed","timestamp":"2026-07-25T02:36:12.168Z"}
{"copies":[{"count":1,"variant":"INTERNAL"}],"engine":"canvas","level":"info","message":"Printing 1 variants for order 0f963172-7f10-4ad7-86a9-839eb688751e","timestamp":"2026-07-25T02:36:12.169Z"}
{"level":"info","message":"[canvas] Rendering ESC/POS buffer for variant INTERNAL, order 0f963172-7f10-4ad7-86a9-839eb688751e.","timestamp":"2026-07-25T02:36:12.169Z"}
{"level":"info","message":"[canvas] Sending copy 1/1 of variant INTERNAL for order 0f963172-7f10-4ad7-86a9-839eb688751e.","timestamp":"2026-07-25T02:36:12.189Z"}
{"bufferBytes":23340,"level":"info","message":"ESC/POS transport: preparing to send buffer to printer","printerName":"\\\\localhost\\XP80","timestamp":"2026-07-25T02:36:12.190Z"}
{"bufferBytes":23340,"level":"info","message":"ESC/POS transport: buffer sent successfully","printerName":"\\\\localhost\\XP80","timestamp":"2026-07-25T02:36:12.459Z"}
{"level":"info","message":"Print job for order 0f963172-7f10-4ad7-86a9-839eb688751e completed and marked as printed.","timestamp":"2026-07-25T02:36:12.460Z"}
{"level":"info","message":"Telegram message sent successfully.","timestamp":"2026-07-25T02:36:12.869Z"}
{"level":"info","message":"Successfully sent and marked Telegram notification for order 0f963172-7f10-4ad7-86a9-839eb688751e","timestamp":"2026-07-25T02:36:12.870Z"}
{"baseUrl":"https://speypos-cloud-api.ryong.net","businessDate":"2026-07-25","level":"info","message":"Cloud sync starting.","orderCount":20,"shiftId":"56ef50c8-9581-4ead-9ea4-2c02d6e15628","storeId":"1","timestamp":"2026-07-25T02:36:12.933Z"}
{"error":"Validation failed","errorAddress":null,"errorCause":null,"errorCode":"invalid_event_batch","errorErrno":null,"errorName":"Error","errorPort":null,"errorRequestId":"e3023839-2ea1-4eb7-b105-c0838330bf0e","errorStack":"Error: Validation failed\n    at postJson (file:///C:/Users/POS/speypos-system/speypos-local/src/services/cloudIngest.service.js:119:25)\n    at process.processTicksAndRejections (node:internal/process/task_queues:95:5)\n    at async uploadOrdersBatch (file:///C:/Users/POS/speypos-system/speypos-local/src/services/cloudIngest.service.js:170:60)\n    at async dispatchCloudMiniBatch (file:///C:/Users/POS/speypos-system/speypos-local/src/services/outbox.dispatchers.js:75:18)\n    at async processBatch (file:///C:/Users/POS/speypos-system/speypos-local/src/services/outbox.worker.js:38:7)\n    at async tick (file:///C:/Users/POS/speypos-system/speypos-local/src/services/outbox.worker.js:73:5)","errorStatus":422,"errorSyscall":null,"errorType":null,"level":"error","message":"Cloud sync failed.","timestamp":"2026-07-25T02:36:12.991Z"}
{"attempts":1,"error":"upload_failed","errorAddress":null,"errorCause":null,"errorCode":null,"errorErrno":null,"errorName":"Error","errorPort":null,"errorRequestId":null,"errorStack":"Error: upload_failed\n    at dispatchCloudMiniBatch (file:///C:/Users/POS/speypos-system/speypos-local/src/services/outbox.dispatchers.js:78:11)\n    at process.processTicksAndRejections (node:internal/process/task_queues:95:5)\n    at async processBatch (file:///C:/Users/POS/speypos-system/speypos-local/src/services/outbox.worker.js:38:7)\n    at async tick (file:///C:/Users/POS/speypos-system/speypos-local/src/services/outbox.worker.js:73:5)","errorStatus":null,"errorSyscall":null,"errorType":null,"eventId":"6c93aa1b-ea39-4aae-88b0-96123bd6a79e","eventType":"cloud.mini_batch","level":"warn","message":"Outbox event dispatch failed","timestamp":"2026-07-25T02:36:12.994Z"}
{"baseUrl":"https://speypos-cloud-api.ryong.net","businessDate":"2026-07-25","level":"info","message":"Cloud sync starting.","orderCount":20,"shiftId":"56ef50c8-9581-4ead-9ea4-2c02d6e15628","storeId":"1","timestamp":"2026-07-25T02:36:13.210Z"}
{"error":"Validation failed","errorAddress":null,"errorCause":null,"errorCode":"invalid_event_batch","errorErrno":null,"errorName":"Error","errorPort":null,"errorRequestId":"a1f58c48-9847-4da5-8f81-d9629178845b","errorStack":"Error: Validation failed\n    at postJson (file:///C:/Users/POS/speypos-system/speypos-local/src/services/cloudIngest.service.js:119:25)\n    at process.processTicksAndRejections (node:internal/process/task_queues:95:5)\n    at async uploadOrdersBatch (file:///C:/Users/POS/speypos-system/speypos-local/src/services/cloudIngest.service.js:170:60)\n    at async dispatchCloudMiniBatch (file:///C:/Users/POS/speypos-system/speypos-local/src/services/outbox.dispatchers.js:75:18)\n    at async processBatch (file:///C:/Users/POS/speypos-system/speypos-local/src/services/outbox.worker.js:38:7)\n    at async tick (file:///C:/Users/POS/speypos-system/speypos-local/src/services/outbox.worker.js:73:5)","errorStatus":422,"errorSyscall":null,"errorType":null,"level":"error","message":"Cloud sync failed.","timestamp":"2026-07-25T02:36:13.268Z"}
{"attempts":4,"error":"upload_failed","errorAddress":null,"errorCause":null,"errorCode":null,"errorErrno":null,"errorName":"Error","errorPort":null,"errorRequestId":null,"errorStack":"Error: upload_failed\n    at dispatchCloudMiniBatch (file:///C:/Users/POS/speypos-system/speypos-local/src/services/outbox.dispatchers.js:78:11)\n    at process.processTicksAndRejections (node:internal/process/task_queues:95:5)\n    at async processBatch (file:///C:/Users/POS/speypos-system/speypos-local/src/services/outbox.worker.js:38:7)\n    at async tick (file:///C:/Users/POS/speypos-system/speypos-local/src/services/outbox.worker.js:73:5)","errorStatus":null,"errorSyscall":null,"errorType":null,"eventId":"dc05a3ee-d385-4466-a7f2-5227977c3c1e","eventType":"cloud.mini_batch","level":"warn","message":"Outbox event dispatch failed","timestamp":"2026-07-25T02:36:13.270Z"}
{"baseUrl":"https://speypos-cloud-api.ryong.net","businessDate":"2026-07-25","level":"info","message":"Cloud sync starting.","orderCount":20,"shiftId":"56ef50c8-9581-4ead-9ea4-2c02d6e15628","storeId":"1","timestamp":"2026-07-25T02:36:14.213Z"}
{"error":"Validation failed","errorAddress":null,"errorCause":null,"errorCode":"invalid_event_batch","errorErrno":null,"errorName":"Error","errorPort":null,"errorRequestId":"c8e8447c-3d0b-49e4-9e6b-3a349c2a4c93","errorStack":"Error: Validation failed\n    at postJson (file:///C:/Users/POS/speypos-system/speypos-local/src/services/cloudIngest.service.js:119:25)\n    at process.processTicksAndRejections (node:internal/process/task_queues:95:5)\n    at async uploadOrdersBatch (file:///C:/Users/POS/speypos-system/speypos-local/src/services/cloudIngest.service.js:170:60)\n    at async dispatchCloudMiniBatch (file:///C:/Users/POS/speypos-system/speypos-local/src/services/outbox.dispatchers.js:75:18)\n    at async processBatch (file:///C:/Users/POS/speypos-system/speypos-local/src/services/outbox.worker.js:38:7)\n    at async tick (file:///C:/Users/POS/speypos-system/speypos-local/src/services/outbox.worker.js:73:5)","errorStatus":422,"errorSyscall":null,"errorType":null,"level":"error","message":"Cloud sync failed.","timestamp":"2026-07-25T02:36:14.268Z"}
{"attempts":3,"error":"upload_failed","errorAddress":null,"errorCause":null,"errorCode":null,"errorErrno":null,"errorName":"Error","errorPort":null,"errorRequestId":null,"errorStack":"Error: upload_failed\n    at dispatchCloudMiniBatch (file:///C:/Users/POS/speypos-system/speypos-local/src/services/outbox.dispatchers.js:78:11)\n    at process.processTicksAndRejections (node:internal/process/task_queues:95:5)\n    at async processBatch (file:///C:/Users/POS/speypos-system/speypos-local/src/services/outbox.worker.js:38:7)\n    at async tick (file:///C:/Users/POS/speypos-system/speypos-local/src/services/outbox.worker.js:73:5)","errorStatus":null,"errorSyscall":null,"errorType":null,"eventId":"89d73dcb-d21c-4fe7-9178-363256d85f12","eventType":"cloud.mini_batch","level":"warn","message":"Outbox event dispatch failed","timestamp":"2026-07-25T02:36:14.269Z"}
{"baseUrl":"https://speypos-cloud-api.ryong.net","businessDate":"2026-07-25","level":"info","message":"Cloud sync starting.","orderCount":20,"shiftId":"56ef50c8-9581-4ead-9ea4-2c02d6e15628","storeId":"1","timestamp":"2026-07-25T02:36:14.308Z"}
{"error":"Validation failed","errorAddress":null,"errorCause":null,"errorCode":"invalid_event_batch","errorErrno":null,"errorName":"Error","errorPort":null,"errorRequestId":"53acbf0b-2618-43d9-bb44-f11a070ae8b0","errorStack":"Error: Validation failed\n    at postJson (file:///C:/Users/POS/speypos-system/speypos-local/src/services/cloudIngest.service.js:119:25)\n    at process.processTicksAndRejections (node:internal/process/task_queues:95:5)\n    at async uploadOrdersBatch (file:///C:/Users/POS/speypos-system/speypos-local/src/services/cloudIngest.service.js:170:60)\n    at async dispatchCloudMiniBatch (file:///C:/Users/POS/speypos-system/speypos-local/src/services/outbox.dispatchers.js:75:18)\n    at async processBatch (file:///C:/Users/POS/speypos-system/speypos-local/src/services/outbox.worker.js:38:7)\n    at async tick (file:///C:/Users/POS/speypos-system/speypos-local/src/services/outbox.worker.js:73:5)","errorStatus":422,"errorSyscall":null,"errorType":null,"level":"error","message":"Cloud sync failed.","timestamp":"2026-07-25T02:36:14.494Z"}
{"attempts":2,"error":"upload_failed","errorAddress":null,"errorCause":null,"errorCode":null,"errorErrno":null,"errorName":"Error","errorPort":null,"errorRequestId":null,"errorStack":"Error: upload_failed\n    at dispatchCloudMiniBatch (file:///C:/Users/POS/speypos-system/speypos-local/src/services/outbox.dispatchers.js:78:11)\n    at process.processTicksAndRejections (node:internal/process/task_queues:95:5)\n    at async processBatch (file:///C:/Users/POS/speypos-system/speypos-local/src/services/outbox.worker.js:38:7)\n    at async tick (file:///C:/Users/POS/speypos-system/speypos-local/src/services/outbox.worker.js:73:5)","errorStatus":null,"errorSyscall":null,"errorType":null,"eventId":"6c93aa1b-ea39-4aae-88b0-96123bd6a79e","eventType":"cloud.mini_batch","level":"warn","message":"Outbox event dispatch failed","timestamp":"2026-07-25T02:36:14.495Z"}
{"baseUrl":"https://speypos-cloud-api.ryong.net","businessDate":"2026-07-25","level":"info","message":"Cloud sync starting.","orderCount":20,"shiftId":"56ef50c8-9581-4ead-9ea4-2c02d6e15628","storeId":"1","timestamp":"2026-07-25T02:36:17.235Z"}
{"error":"Validation failed","errorAddress":null,"errorCause":null,"errorCode":"invalid_event_batch","errorErrno":null,"errorName":"Error","errorPort":null,"errorRequestId":"9eb4003b-4817-4ca7-b3a5-47d0c3d21d59","errorStack":"Error: Validation failed\n    at postJson (file:///C:/Users/POS/speypos-system/speypos-local/src/services/cloudIngest.service.js:119:25)\n    at process.processTicksAndRejections (node:internal/process/task_queues:95:5)\n    at async uploadOrdersBatch (file:///C:/Users/POS/speypos-system/speypos-local/src/services/cloudIngest.service.js:170:60)\n    at async dispatchCloudMiniBatch (file:///C:/Users/POS/speypos-system/speypos-local/src/services/outbox.dispatchers.js:75:18)\n    at async processBatch (file:///C:/Users/POS/speypos-system/speypos-local/src/services/outbox.worker.js:38:7)\n    at async tick (file:///C:/Users/POS/speypos-system/speypos-local/src/services/outbox.worker.js:73:5)","errorStatus":422,"errorSyscall":null,"errorType":null,"level":"error","message":"Cloud sync failed.","timestamp":"2026-07-25T02:36:17.295Z"}
{"attempts":5,"error":"upload_failed","errorAddress":null,"errorCause":null,"errorCode":null,"errorErrno":null,"errorName":"Error","errorPort":null,"errorRequestId":null,"errorStack":"Error: upload_failed\n    at dispatchCloudMiniBatch (file:///C:/Users/POS/speypos-system/speypos-local/src/services/outbox.dispatchers.js:78:11)\n    at process.processTicksAndRejections (node:internal/process/task_queues:95:5)\n    at async processBatch (file:///C:/Users/POS/speypos-system/speypos-local/src/services/outbox.worker.js:38:7)\n    at async tick (file:///C:/Users/POS/speypos-system/speypos-local/src/services/outbox.worker.js:73:5)","errorStatus":null,"errorSyscall":null,"errorType":null,"eventId":"dbbb1014-3030-42ac-b3f4-64f34feade8c","eventType":"cloud.mini_batch","level":"warn","message":"Outbox event dispatch failed","timestamp":"2026-07-25T02:36:17.297Z"}
{"baseUrl":"https://speypos-cloud-api.ryong.net","businessDate":"2026-07-25","level":"info","message":"Cloud sync starting.","orderCount":20,"shiftId":"56ef50c8-9581-4ead-9ea4-2c02d6e15628","storeId":"1","timestamp":"2026-07-25T02:36:17.355Z"}
{"error":"Validation failed","errorAddress":null,"errorCause":null,"errorCode":"invalid_event_batch","errorErrno":null,"errorName":"Error","errorPort":null,"errorRequestId":"79c12fc7-ce7e-4f59-8572-7cb6dc4772ed","errorStack":"Error: Validation failed\n    at postJson (file:///C:/Users/POS/speypos-system/speypos-local/src/services/cloudIngest.service.js:119:25)\n    at process.processTicksAndRejections (node:internal/process/task_queues:95:5)\n    at async uploadOrdersBatch (file:///C:/Users/POS/speypos-system/speypos-local/src/services/cloudIngest.service.js:170:60)\n    at async dispatchCloudMiniBatch (file:///C:/Users/POS/speypos-system/speypos-local/src/services/outbox.dispatchers.js:75:18)\n    at async processBatch (file:///C:/Users/POS/speypos-system/speypos-local/src/services/outbox.worker.js:38:7)\n    at async tick (file:///C:/Users/POS/speypos-system/speypos-local/src/services/outbox.worker.js:73:5)","errorStatus":422,"errorSyscall":null,"errorType":null,"level":"error","message":"Cloud sync failed.","timestamp":"2026-07-25T02:36:17.412Z"}
{"attempts":3,"error":"upload_failed","errorAddress":null,"errorCause":null,"errorCode":null,"errorErrno":null,"errorName":"Error","errorPort":null,"errorRequestId":null,"errorStack":"Error: upload_failed\n    at dispatchCloudMiniBatch (file:///C:/Users/POS/speypos-system/speypos-local/src/services/outbox.dispatchers.js:78:11)\n    at process.processTicksAndRejections (node:internal/process/task_queues:95:5)\n    at async processBatch (file:///C:/Users/POS/speypos-system/speypos-local/src/services/outbox.worker.js:38:7)\n    at async tick (file:///C:/Users/POS/speypos-system/speypos-local/src/services/outbox.worker.js:73:5)","errorStatus":null,"errorSyscall":null,"errorType":null,"eventId":"6c93aa1b-ea39-4aae-88b0-96123bd6a79e","eventType":"cloud.mini_batch","level":"warn","message":"Outbox event dispatch failed","timestamp":"2026-07-25T02:36:17.414Z"}
{"baseUrl":"https://speypos-cloud-api.ryong.net","businessDate":"2026-07-25","level":"info","message":"Cloud sync starting.","orderCount":20,"shiftId":"56ef50c8-9581-4ead-9ea4-2c02d6e15628","storeId":"1","timestamp":"2026-07-25T02:36:19.236Z"}
{"error":"Validation failed","errorAddress":null,"errorCause":null,"errorCode":"invalid_event_batch","errorErrno":null,"errorName":"Error","errorPort":null,"errorRequestId":"232a8149-7cf8-4f17-979a-2276968ef1db","errorStack":"Error: Validation failed\n    at postJson (file:///C:/Users/POS/speypos-system/speypos-local/src/services/cloudIngest.service.js:119:25)\n    at process.processTicksAndRejections (node:internal/process/task_queues:95:5)\n    at async uploadOrdersBatch (file:///C:/Users/POS/speypos-system/speypos-local/src/services/cloudIngest.service.js:170:60)\n    at async dispatchCloudMiniBatch (file:///C:/Users/POS/speypos-system/speypos-local/src/services/outbox.dispatchers.js:75:18)\n    at async processBatch (file:///C:/Users/POS/speypos-system/speypos-local/src/services/outbox.worker.js:38:7)\n    at async tick (file:///C:/Users/POS/speypos-system/speypos-local/src/services/outbox.worker.js:73:5)","errorStatus":422,"errorSyscall":null,"errorType":null,"level":"error","message":"Cloud sync failed.","timestamp":"2026-07-25T02:36:19.296Z"}
{"attempts":4,"error":"upload_failed","errorAddress":null,"errorCause":null,"errorCode":null,"errorErrno":null,"errorName":"Error","errorPort":null,"errorRequestId":null,"errorStack":"Error: upload_failed\n    at dispatchCloudMiniBatch (file:///C:/Users/POS/speypos-system/speypos-local/src/services/outbox.dispatchers.js:78:11)\n    at process.processTicksAndRejections (node:internal/process/task_queues:95:5)\n    at async processBatch (file:///C:/Users/POS/speypos-system/speypos-local/src/services/outbox.worker.js:38:7)\n    at async tick (file:///C:/Users/POS/speypos-system/speypos-local/src/services/outbox.worker.js:73:5)","errorStatus":null,"errorSyscall":null,"errorType":null,"eventId":"89d73dcb-d21c-4fe7-9178-363256d85f12","eventType":"cloud.mini_batch","level":"warn","message":"Outbox event dispatch failed","timestamp":"2026-07-25T02:36:19.298Z"}
{"baseUrl":"https://speypos-cloud-api.ryong.net","businessDate":"2026-07-25","level":"info","message":"Cloud sync starting.","orderCount":20,"shiftId":"56ef50c8-9581-4ead-9ea4-2c02d6e15628","storeId":"1","timestamp":"2026-07-25T02:36:22.247Z"}
{"error":"Validation failed","errorAddress":null,"errorCause":null,"errorCode":"invalid_event_batch","errorErrno":null,"errorName":"Error","errorPort":null,"errorRequestId":"b8c6ba84-2e6a-4d00-bcce-70e356c959e9","errorStack":"Error: Validation failed\n    at postJson (file:///C:/Users/POS/speypos-system/speypos-local/src/services/cloudIngest.service.js:119:25)\n    at process.processTicksAndRejections (node:internal/process/task_queues:95:5)\n    at async uploadOrdersBatch (file:///C:/Users/POS/speypos-system/speypos-local/src/services/cloudIngest.service.js:170:60)\n    at async dispatchCloudMiniBatch (file:///C:/Users/POS/speypos-system/speypos-local/src/services/outbox.dispatchers.js:75:18)\n    at async processBatch (file:///C:/Users/POS/speypos-system/speypos-local/src/services/outbox.worker.js:38:7)\n    at async tick (file:///C:/Users/POS/speypos-system/speypos-local/src/services/outbox.worker.js:73:5)","errorStatus":422,"errorSyscall":null,"errorType":null,"level":"error","message":"Cloud sync failed.","timestamp":"2026-07-25T02:36:22.302Z"}
{"attempts":5,"error":"upload_failed","errorAddress":null,"errorCause":null,"errorCode":null,"errorErrno":null,"errorName":"Error","errorPort":null,"errorRequestId":null,"errorStack":"Error: upload_failed\n    at dispatchCloudMiniBatch (file:///C:/Users/POS/speypos-system/speypos-local/src/services/outbox.dispatchers.js:78:11)\n    at process.processTicksAndRejections (node:internal/process/task_queues:95:5)\n    at async processBatch (file:///C:/Users/POS/speypos-system/speypos-local/src/services/outbox.worker.js:38:7)\n    at async tick (file:///C:/Users/POS/speypos-system/speypos-local/src/services/outbox.worker.js:73:5)","errorStatus":null,"errorSyscall":null,"errorType":null,"eventId":"dc05a3ee-d385-4466-a7f2-5227977c3c1e","eventType":"cloud.mini_batch","level":"warn","message":"Outbox event dispatch failed","timestamp":"2026-07-25T02:36:22.304Z"}
{"baseUrl":"https://speypos-cloud-api.ryong.net","businessDate":"2026-07-25","level":"info","message":"Cloud sync starting.","orderCount":20,"shiftId":"56ef50c8-9581-4ead-9ea4-2c02d6e15628","storeId":"1","timestamp":"2026-07-25T02:36:22.374Z"}
{"error":"Validation failed","errorAddress":null,"errorCause":null,"errorCode":"invalid_event_batch","errorErrno":null,"errorName":"Error","errorPort":null,"errorRequestId":"784e79f4-a7b5-4236-90a3-c2287f22c817","errorStack":"Error: Validation failed\n    at postJson (file:///C:/Users/POS/speypos-system/speypos-local/src/services/cloudIngest.service.js:119:25)\n    at process.processTicksAndRejections (node:internal/process/task_queues:95:5)\n    at async uploadOrdersBatch (file:///C:/Users/POS/speypos-system/speypos-local/src/services/cloudIngest.service.js:170:60)\n    at async dispatchCloudMiniBatch (file:///C:/Users/POS/speypos-system/speypos-local/src/services/outbox.dispatchers.js:75:18)\n    at async processBatch (file:///C:/Users/POS/speypos-system/speypos-local/src/services/outbox.worker.js:38:7)\n    at async tick (file:///C:/Users/POS/speypos-system/speypos-local/src/services/outbox.worker.js:73:5)","errorStatus":422,"errorSyscall":null,"errorType":null,"level":"error","message":"Cloud sync failed.","timestamp":"2026-07-25T02:36:22.535Z"}
{"attempts":4,"error":"upload_failed","errorAddress":null,"errorCause":null,"errorCode":null,"errorErrno":null,"errorName":"Error","errorPort":null,"errorRequestId":null,"errorStack":"Error: upload_failed\n    at dispatchCloudMiniBatch (file:///C:/Users/POS/speypos-system/speypos-local/src/services/outbox.dispatchers.js:78:11)\n    at process.processTicksAndRejections (node:internal/process/task_queues:95:5)\n    at async processBatch (file:///C:/Users/POS/speypos-system/speypos-local/src/services/outbox.worker.js:38:7)\n    at async tick (file:///C:/Users/POS/speypos-system/speypos-local/src/services/outbox.worker.js:73:5)","errorStatus":null,"errorSyscall":null,"errorType":null,"eventId":"6c93aa1b-ea39-4aae-88b0-96123bd6a79e","eventType":"cloud.mini_batch","level":"warn","message":"Outbox event dispatch failed","timestamp":"2026-07-25T02:36:22.536Z"}
{"baseUrl":"https://speypos-cloud-api.ryong.net","businessDate":"2026-07-25","level":"info","message":"Cloud sync starting.","orderCount":20,"shiftId":"56ef50c8-9581-4ead-9ea4-2c02d6e15628","storeId":"1","timestamp":"2026-07-25T02:36:28.285Z"}
{"error":"Validation failed","errorAddress":null,"errorCause":null,"errorCode":"invalid_event_batch","errorErrno":null,"errorName":"Error","errorPort":null,"errorRequestId":"4d9d751d-5617-46d9-aadd-c3dd979ee8ea","errorStack":"Error: Validation failed\n    at postJson (file:///C:/Users/POS/speypos-system/speypos-local/src/services/cloudIngest.service.js:119:25)\n    at process.processTicksAndRejections (node:internal/process/task_queues:95:5)\n    at async uploadOrdersBatch (file:///C:/Users/POS/speypos-system/speypos-local/src/services/cloudIngest.service.js:170:60)\n    at async dispatchCloudMiniBatch (file:///C:/Users/POS/speypos-system/speypos-local/src/services/outbox.dispatchers.js:75:18)\n    at async processBatch (file:///C:/Users/POS/speypos-system/speypos-local/src/services/outbox.worker.js:38:7)\n    at async tick (file:///C:/Users/POS/speypos-system/speypos-local/src/services/outbox.worker.js:73:5)","errorStatus":422,"errorSyscall":null,"errorType":null,"level":"error","message":"Cloud sync failed.","timestamp":"2026-07-25T02:36:28.436Z"}
{"attempts":5,"error":"upload_failed","errorAddress":null,"errorCause":null,"errorCode":null,"errorErrno":null,"errorName":"Error","errorPort":null,"errorRequestId":null,"errorStack":"Error: upload_failed\n    at dispatchCloudMiniBatch (file:///C:/Users/POS/speypos-system/speypos-local/src/services/outbox.dispatchers.js:78:11)\n    at process.processTicksAndRejections (node:internal/process/task_queues:95:5)\n    at async processBatch (file:///C:/Users/POS/speypos-system/speypos-local/src/services/outbox.worker.js:38:7)\n    at async tick (file:///C:/Users/POS/speypos-system/speypos-local/src/services/outbox.worker.js:73:5)","errorStatus":null,"errorSyscall":null,"errorType":null,"eventId":"89d73dcb-d21c-4fe7-9178-363256d85f12","eventType":"cloud.mini_batch","level":"warn","message":"Outbox event dispatch failed","timestamp":"2026-07-25T02:36:28.437Z"}
{"level":"info","message":"Starting print job for order ID: fd2e9da0-d9bd-4f17-ab48-34e39ec65e8a.","status":"completed","timestamp":"2026-07-25T02:36:28.442Z"}
{"copies":[{"count":1,"variant":"INTERNAL"}],"engine":"canvas","level":"info","message":"Printing 1 variants for order fd2e9da0-d9bd-4f17-ab48-34e39ec65e8a","timestamp":"2026-07-25T02:36:28.443Z"}
{"level":"info","message":"[canvas] Rendering ESC/POS buffer for variant INTERNAL, order fd2e9da0-d9bd-4f17-ab48-34e39ec65e8a.","timestamp":"2026-07-25T02:36:28.443Z"}
{"level":"info","message":"[canvas] Sending copy 1/1 of variant INTERNAL for order fd2e9da0-d9bd-4f17-ab48-34e39ec65e8a.","timestamp":"2026-07-25T02:36:28.455Z"}
{"bufferBytes":27660,"level":"info","message":"ESC/POS transport: preparing to send buffer to printer","printerName":"\\\\localhost\\XP80","timestamp":"2026-07-25T02:36:28.456Z"}
{"bufferBytes":27660,"level":"info","message":"ESC/POS transport: buffer sent successfully","printerName":"\\\\localhost\\XP80","timestamp":"2026-07-25T02:36:28.719Z"}
{"level":"info","message":"Print job for order fd2e9da0-d9bd-4f17-ab48-34e39ec65e8a completed and marked as printed.","timestamp":"2026-07-25T02:36:28.721Z"}
{"level":"info","message":"Telegram message sent successfully.","timestamp":"2026-07-25T02:36:29.644Z"}
{"level":"info","message":"Successfully sent and marked Telegram notification for order fd2e9da0-d9bd-4f17-ab48-34e39ec65e8a","timestamp":"2026-07-25T02:36:29.646Z"}
{"baseUrl":"https://speypos-cloud-api.ryong.net","businessDate":"2026-07-25","level":"info","message":"Cloud sync starting.","orderCount":20,"shiftId":"56ef50c8-9581-4ead-9ea4-2c02d6e15628","storeId":"1","timestamp":"2026-07-25T02:36:29.706Z"}
{"error":"Validation failed","errorAddress":null,"errorCause":null,"errorCode":"invalid_event_batch","errorErrno":null,"errorName":"Error","errorPort":null,"errorRequestId":"e7b4aa2e-79e8-4f69-9b0a-b8081fd8d482","errorStack":"Error: Validation failed\n    at postJson (file:///C:/Users/POS/speypos-system/speypos-local/src/services/cloudIngest.service.js:119:25)\n    at process.processTicksAndRejections (node:internal/process/task_queues:95:5)\n    at async uploadOrdersBatch (file:///C:/Users/POS/speypos-system/speypos-local/src/services/cloudIngest.service.js:170:60)\n    at async dispatchCloudMiniBatch (file:///C:/Users/POS/speypos-system/speypos-local/src/services/outbox.dispatchers.js:75:18)\n    at async processBatch (file:///C:/Users/POS/speypos-system/speypos-local/src/services/outbox.worker.js:38:7)\n    at async tick (file:///C:/Users/POS/speypos-system/speypos-local/src/services/outbox.worker.js:73:5)","errorStatus":422,"errorSyscall":null,"errorType":null,"level":"error","message":"Cloud sync failed.","timestamp":"2026-07-25T02:36:29.763Z"}
{"attempts":1,"error":"upload_failed","errorAddress":null,"errorCause":null,"errorCode":null,"errorErrno":null,"errorName":"Error","errorPort":null,"errorRequestId":null,"errorStack":"Error: upload_failed\n    at dispatchCloudMiniBatch (file:///C:/Users/POS/speypos-system/speypos-local/src/services/outbox.dispatchers.js:78:11)\n    at process.processTicksAndRejections (node:internal/process/task_queues:95:5)\n    at async processBatch (file:///C:/Users/POS/speypos-system/speypos-local/src/services/outbox.worker.js:38:7)\n    at async tick (file:///C:/Users/POS/speypos-system/speypos-local/src/services/outbox.worker.js:73:5)","errorStatus":null,"errorSyscall":null,"errorType":null,"eventId":"ab380478-c502-4406-bae1-dc6a7a3a7276","eventType":"cloud.mini_batch","level":"warn","message":"Outbox event dispatch failed","timestamp":"2026-07-25T02:36:29.765Z"}
{"baseUrl":"https://speypos-cloud-api.ryong.net","businessDate":"2026-07-25","level":"info","message":"Cloud sync starting.","orderCount":20,"shiftId":"56ef50c8-9581-4ead-9ea4-2c02d6e15628","storeId":"1","timestamp":"2026-07-25T02:36:31.281Z"}
{"error":"Validation failed","errorAddress":null,"errorCause":null,"errorCode":"invalid_event_batch","errorErrno":null,"errorName":"Error","errorPort":null,"errorRequestId":"b3ce2f81-30e2-4c58-a6f8-72a9a16fb56e","errorStack":"Error: Validation failed\n    at postJson (file:///C:/Users/POS/speypos-system/speypos-local/src/services/cloudIngest.service.js:119:25)\n    at process.processTicksAndRejections (node:internal/process/task_queues:95:5)\n    at async uploadOrdersBatch (file:///C:/Users/POS/speypos-system/speypos-local/src/services/cloudIngest.service.js:170:60)\n    at async dispatchCloudMiniBatch (file:///C:/Users/POS/speypos-system/speypos-local/src/services/outbox.dispatchers.js:75:18)\n    at async processBatch (file:///C:/Users/POS/speypos-system/speypos-local/src/services/outbox.worker.js:38:7)\n    at async tick (file:///C:/Users/POS/speypos-system/speypos-local/src/services/outbox.worker.js:73:5)","errorStatus":422,"errorSyscall":null,"errorType":null,"level":"error","message":"Cloud sync failed.","timestamp":"2026-07-25T02:36:31.338Z"}
{"attempts":5,"error":"upload_failed","errorAddress":null,"errorCause":null,"errorCode":null,"errorErrno":null,"errorName":"Error","errorPort":null,"errorRequestId":null,"errorStack":"Error: upload_failed\n    at dispatchCloudMiniBatch (file:///C:/Users/POS/speypos-system/speypos-local/src/services/outbox.dispatchers.js:78:11)\n    at process.processTicksAndRejections (node:internal/process/task_queues:95:5)\n    at async processBatch (file:///C:/Users/POS/speypos-system/speypos-local/src/services/outbox.worker.js:38:7)\n    at async tick (file:///C:/Users/POS/speypos-system/speypos-local/src/services/outbox.worker.js:73:5)","errorStatus":null,"errorSyscall":null,"errorType":null,"eventId":"6c93aa1b-ea39-4aae-88b0-96123bd6a79e","eventType":"cloud.mini_batch","level":"warn","message":"Outbox event dispatch failed","timestamp":"2026-07-25T02:36:31.343Z"}
{"baseUrl":"https://speypos-cloud-api.ryong.net","businessDate":"2026-07-25","level":"info","message":"Cloud sync starting.","orderCount":20,"shiftId":"56ef50c8-9581-4ead-9ea4-2c02d6e15628","storeId":"1","timestamp":"2026-07-25T02:36:31.397Z"}
{"error":"Validation failed","errorAddress":null,"errorCause":null,"errorCode":"invalid_event_batch","errorErrno":null,"errorName":"Error","errorPort":null,"errorRequestId":"bf158f9e-df36-4339-b074-073c4d2bb716","errorStack":"Error: Validation failed\n    at postJson (file:///C:/Users/POS/speypos-system/speypos-local/src/services/cloudIngest.service.js:119:25)\n    at process.processTicksAndRejections (node:internal/process/task_queues:95:5)\n    at async uploadOrdersBatch (file:///C:/Users/POS/speypos-system/speypos-local/src/services/cloudIngest.service.js:170:60)\n    at async dispatchCloudMiniBatch (file:///C:/Users/POS/speypos-system/speypos-local/src/services/outbox.dispatchers.js:75:18)\n    at async processBatch (file:///C:/Users/POS/speypos-system/speypos-local/src/services/outbox.worker.js:38:7)\n    at async tick (file:///C:/Users/POS/speypos-system/speypos-local/src/services/outbox.worker.js:73:5)","errorStatus":422,"errorSyscall":null,"errorType":null,"level":"error","message":"Cloud sync failed.","timestamp":"2026-07-25T02:36:31.556Z"}
{"attempts":2,"error":"upload_failed","errorAddress":null,"errorCause":null,"errorCode":null,"errorErrno":null,"errorName":"Error","errorPort":null,"errorRequestId":null,"errorStack":"Error: upload_failed\n    at dispatchCloudMiniBatch (file:///C:/Users/POS/speypos-system/speypos-local/src/services/outbox.dispatchers.js:78:11)\n    at process.processTicksAndRejections (node:internal/process/task_queues:95:5)\n    at async processBatch (file:///C:/Users/POS/speypos-system/speypos-local/src/services/outbox.worker.js:38:7)\n    at async tick (file:///C:/Users/POS/speypos-system/speypos-local/src/services/outbox.worker.js:73:5)","errorStatus":null,"errorSyscall":null,"errorType":null,"eventId":"ab380478-c502-4406-bae1-dc6a7a3a7276","eventType":"cloud.mini_batch","level":"warn","message":"Outbox event dispatch failed","timestamp":"2026-07-25T02:36:31.561Z"}
{"baseUrl":"https://speypos-cloud-api.ryong.net","businessDate":"2026-07-25","level":"info","message":"Cloud sync starting.","orderCount":20,"shiftId":"56ef50c8-9581-4ead-9ea4-2c02d6e15628","storeId":"1","timestamp":"2026-07-25T02:36:34.304Z"}
{"error":"Validation failed","errorAddress":null,"errorCause":null,"errorCode":"invalid_event_batch","errorErrno":null,"errorName":"Error","errorPort":null,"errorRequestId":"3ef69928-ee3f-4e36-aa8d-0b6c5944cccb","errorStack":"Error: Validation failed\n    at postJson (file:///C:/Users/POS/speypos-system/speypos-local/src/services/cloudIngest.service.js:119:25)\n    at process.processTicksAndRejections (node:internal/process/task_queues:95:5)\n    at async uploadOrdersBatch (file:///C:/Users/POS/speypos-system/speypos-local/src/services/cloudIngest.service.js:170:60)\n    at async dispatchCloudMiniBatch (file:///C:/Users/POS/speypos-system/speypos-local/src/services/outbox.dispatchers.js:75:18)\n    at async processBatch (file:///C:/Users/POS/speypos-system/speypos-local/src/services/outbox.worker.js:38:7)\n    at async tick (file:///C:/Users/POS/speypos-system/speypos-local/src/services/outbox.worker.js:73:5)","errorStatus":422,"errorSyscall":null,"errorType":null,"level":"error","message":"Cloud sync failed.","timestamp":"2026-07-25T02:36:34.366Z"}
{"attempts":6,"error":"upload_failed","errorAddress":null,"errorCause":null,"errorCode":null,"errorErrno":null,"errorName":"Error","errorPort":null,"errorRequestId":null,"errorStack":"Error: upload_failed\n    at dispatchCloudMiniBatch (file:///C:/Users/POS/speypos-system/speypos-local/src/services/outbox.dispatchers.js:78:11)\n    at process.processTicksAndRejections (node:internal/process/task_queues:95:5)\n    at async processBatch (file:///C:/Users/POS/speypos-system/speypos-local/src/services/outbox.worker.js:38:7)\n    at async tick (file:///C:/Users/POS/speypos-system/speypos-local/src/services/outbox.worker.js:73:5)","errorStatus":null,"errorSyscall":null,"errorType":null,"eventId":"dbbb1014-3030-42ac-b3f4-64f34feade8c","eventType":"cloud.mini_batch","level":"warn","message":"Outbox event dispatch failed","timestamp":"2026-07-25T02:36:34.371Z"}
{"baseUrl":"https://speypos-cloud-api.ryong.net","businessDate":"2026-07-25","level":"info","message":"Cloud sync starting.","orderCount":20,"shiftId":"56ef50c8-9581-4ead-9ea4-2c02d6e15628","storeId":"1","timestamp":"2026-07-25T02:36:34.434Z"}
{"error":"Validation failed","errorAddress":null,"errorCause":null,"errorCode":"invalid_event_batch","errorErrno":null,"errorName":"Error","errorPort":null,"errorRequestId":"a638960e-b6cc-45a6-8100-c9c6b5f72583","errorStack":"Error: Validation failed\n    at postJson (file:///C:/Users/POS/speypos-system/speypos-local/src/services/cloudIngest.service.js:119:25)\n    at process.processTicksAndRejections (node:internal/process/task_queues:95:5)\n    at async uploadOrdersBatch (file:///C:/Users/POS/speypos-system/speypos-local/src/services/cloudIngest.service.js:170:60)\n    at async dispatchCloudMiniBatch (file:///C:/Users/POS/speypos-system/speypos-local/src/services/outbox.dispatchers.js:75:18)\n    at async processBatch (file:///C:/Users/POS/speypos-system/speypos-local/src/services/outbox.worker.js:38:7)\n    at async tick (file:///C:/Users/POS/speypos-system/speypos-local/src/services/outbox.worker.js:73:5)","errorStatus":422,"errorSyscall":null,"errorType":null,"level":"error","message":"Cloud sync failed.","timestamp":"2026-07-25T02:36:34.492Z"}
{"attempts":3,"error":"upload_failed","errorAddress":null,"errorCause":null,"errorCode":null,"errorErrno":null,"errorName":"Error","errorPort":null,"errorRequestId":null,"errorStack":"Error: upload_failed\n    at dispatchCloudMiniBatch (file:///C:/Users/POS/speypos-system/speypos-local/src/services/outbox.dispatchers.js:78:11)\n    at process.processTicksAndRejections (node:internal/process/task_queues:95:5)\n    at async processBatch (file:///C:/Users/POS/speypos-system/speypos-local/src/services/outbox.worker.js:38:7)\n    at async tick (file:///C:/Users/POS/speypos-system/speypos-local/src/services/outbox.worker.js:73:5)","errorStatus":null,"errorSyscall":null,"errorType":null,"eventId":"ab380478-c502-4406-bae1-dc6a7a3a7276","eventType":"cloud.mini_batch","level":"warn","message":"Outbox event dispatch failed","timestamp":"2026-07-25T02:36:34.496Z"}
{"baseUrl":"https://speypos-cloud-api.ryong.net","businessDate":"2026-07-25","level":"info","message":"Cloud sync starting.","orderCount":20,"shiftId":"56ef50c8-9581-4ead-9ea4-2c02d6e15628","storeId":"1","timestamp":"2026-07-25T02:36:39.339Z"}
{"error":"Validation failed","errorAddress":null,"errorCause":null,"errorCode":"invalid_event_batch","errorErrno":null,"errorName":"Error","errorPort":null,"errorRequestId":"1ab5e9be-9201-409c-ba3f-c83e736012f1","errorStack":"Error: Validation failed\n    at postJson (file:///C:/Users/POS/speypos-system/speypos-local/src/services/cloudIngest.service.js:119:25)\n    at process.processTicksAndRejections (node:internal/process/task_queues:95:5)\n    at async uploadOrdersBatch (file:///C:/Users/POS/speypos-system/speypos-local/src/services/cloudIngest.service.js:170:60)\n    at async dispatchCloudMiniBatch (file:///C:/Users/POS/speypos-system/speypos-local/src/services/outbox.dispatchers.js:75:18)\n    at async processBatch (file:///C:/Users/POS/speypos-system/speypos-local/src/services/outbox.worker.js:38:7)\n    at async tick (file:///C:/Users/POS/speypos-system/speypos-local/src/services/outbox.worker.js:73:5)","errorStatus":422,"errorSyscall":null,"errorType":null,"level":"error","message":"Cloud sync failed.","timestamp":"2026-07-25T02:36:39.596Z"}
{"attempts":6,"error":"upload_failed","errorAddress":null,"errorCause":null,"errorCode":null,"errorErrno":null,"errorName":"Error","errorPort":null,"errorRequestId":null,"errorStack":"Error: upload_failed\n    at dispatchCloudMiniBatch (file:///C:/Users/POS/speypos-system/speypos-local/src/services/outbox.dispatchers.js:78:11)\n    at process.processTicksAndRejections (node:internal/process/task_queues:95:5)\n    at async processBatch (file:///C:/Users/POS/speypos-system/speypos-local/src/services/outbox.worker.js:38:7)\n    at async tick (file:///C:/Users/POS/speypos-system/speypos-local/src/services/outbox.worker.js:73:5)","errorStatus":null,"errorSyscall":null,"errorType":null,"eventId":"dc05a3ee-d385-4466-a7f2-5227977c3c1e","eventType":"cloud.mini_batch","level":"warn","message":"Outbox event dispatch failed","timestamp":"2026-07-25T02:36:39.598Z"}
{"baseUrl":"https://speypos-cloud-api.ryong.net","businessDate":"2026-07-25","level":"info","message":"Cloud sync starting.","orderCount":20,"shiftId":"56ef50c8-9581-4ead-9ea4-2c02d6e15628","storeId":"1","timestamp":"2026-07-25T02:36:39.658Z"}
{"error":"Validation failed","errorAddress":null,"errorCause":null,"errorCode":"invalid_event_batch","errorErrno":null,"errorName":"Error","errorPort":null,"errorRequestId":"43812a3e-93a6-4552-9ce9-159bb60baf33","errorStack":"Error: Validation failed\n    at postJson (file:///C:/Users/POS/speypos-system/speypos-local/src/services/cloudIngest.service.js:119:25)\n    at process.processTicksAndRejections (node:internal/process/task_queues:95:5)\n    at async uploadOrdersBatch (file:///C:/Users/POS/speypos-system/speypos-local/src/services/cloudIngest.service.js:170:60)\n    at async dispatchCloudMiniBatch (file:///C:/Users/POS/speypos-system/speypos-local/src/services/outbox.dispatchers.js:75:18)\n    at async processBatch (file:///C:/Users/POS/speypos-system/speypos-local/src/services/outbox.worker.js:38:7)\n    at async tick (file:///C:/Users/POS/speypos-system/speypos-local/src/services/outbox.worker.js:73:5)","errorStatus":422,"errorSyscall":null,"errorType":null,"level":"error","message":"Cloud sync failed.","timestamp":"2026-07-25T02:36:39.900Z"}
{"attempts":4,"error":"upload_failed","errorAddress":null,"errorCause":null,"errorCode":null,"errorErrno":null,"errorName":"Error","errorPort":null,"errorRequestId":null,"errorStack":"Error: upload_failed\n    at dispatchCloudMiniBatch (file:///C:/Users/POS/speypos-system/speypos-local/src/services/outbox.dispatchers.js:78:11)\n    at process.processTicksAndRejections (node:internal/process/task_queues:95:5)\n    at async processBatch (file:///C:/Users/POS/speypos-system/speypos-local/src/services/outbox.worker.js:38:7)\n    at async tick (file:///C:/Users/POS/speypos-system/speypos-local/src/services/outbox.worker.js:73:5)","errorStatus":null,"errorSyscall":null,"errorType":null,"eventId":"ab380478-c502-4406-bae1-dc6a7a3a7276","eventType":"cloud.mini_batch","level":"warn","message":"Outbox event dispatch failed","timestamp":"2026-07-25T02:36:39.901Z"}
{"baseUrl":"https://speypos-cloud-api.ryong.net","businessDate":"2026-07-25","level":"info","message":"Cloud sync starting.","orderCount":20,"shiftId":"56ef50c8-9581-4ead-9ea4-2c02d6e15628","storeId":"1","timestamp":"2026-07-25T02:36:45.346Z"}
{"error":"Validation failed","errorAddress":null,"errorCause":null,"errorCode":"invalid_event_batch","errorErrno":null,"errorName":"Error","errorPort":null,"errorRequestId":"8bb65c2a-6e23-4f11-abbe-7782d0c48f0c","errorStack":"Error: Validation failed\n    at postJson (file:///C:/Users/POS/speypos-system/speypos-local/src/services/cloudIngest.service.js:119:25)\n    at process.processTicksAndRejections (node:internal/process/task_queues:95:5)\n    at async uploadOrdersBatch (file:///C:/Users/POS/speypos-system/speypos-local/src/services/cloudIngest.service.js:170:60)\n    at async dispatchCloudMiniBatch (file:///C:/Users/POS/speypos-system/speypos-local/src/services/outbox.dispatchers.js:75:18)\n    at async processBatch (file:///C:/Users/POS/speypos-system/speypos-local/src/services/outbox.worker.js:38:7)\n    at async tick (file:///C:/Users/POS/speypos-system/speypos-local/src/services/outbox.worker.js:73:5)","errorStatus":422,"errorSyscall":null,"errorType":null,"level":"error","message":"Cloud sync failed.","timestamp":"2026-07-25T02:36:45.499Z"}
{"attempts":6,"error":"upload_failed","errorAddress":null,"errorCause":null,"errorCode":null,"errorErrno":null,"errorName":"Error","errorPort":null,"errorRequestId":null,"errorStack":"Error: upload_failed\n    at dispatchCloudMiniBatch (file:///C:/Users/POS/speypos-system/speypos-local/src/services/outbox.dispatchers.js:78:11)\n    at process.processTicksAndRejections (node:internal/process/task_queues:95:5)\n    at async processBatch (file:///C:/Users/POS/speypos-system/speypos-local/src/services/outbox.worker.js:38:7)\n    at async tick (file:///C:/Users/POS/speypos-system/speypos-local/src/services/outbox.worker.js:73:5)","errorStatus":null,"errorSyscall":null,"errorType":null,"eventId":"89d73dcb-d21c-4fe7-9178-363256d85f12","eventType":"cloud.mini_batch","level":"warn","message":"Outbox event dispatch failed","timestamp":"2026-07-25T02:36:45.501Z"}
{"baseUrl":"https://speypos-cloud-api.ryong.net","businessDate":"2026-07-25","level":"info","message":"Cloud sync starting.","orderCount":20,"shiftId":"56ef50c8-9581-4ead-9ea4-2c02d6e15628","storeId":"1","timestamp":"2026-07-25T02:36:48.348Z"}
{"error":"Validation failed","errorAddress":null,"errorCause":null,"errorCode":"invalid_event_batch","errorErrno":null,"errorName":"Error","errorPort":null,"errorRequestId":"85c575d1-bcc1-49c3-980d-d01750c711a1","errorStack":"Error: Validation failed\n    at postJson (file:///C:/Users/POS/speypos-system/speypos-local/src/services/cloudIngest.service.js:119:25)\n    at process.processTicksAndRejections (node:internal/process/task_queues:95:5)\n    at async uploadOrdersBatch (file:///C:/Users/POS/speypos-system/speypos-local/src/services/cloudIngest.service.js:170:60)\n    at async dispatchCloudMiniBatch (file:///C:/Users/POS/speypos-system/speypos-local/src/services/outbox.dispatchers.js:75:18)\n    at async processBatch (file:///C:/Users/POS/speypos-system/speypos-local/src/services/outbox.worker.js:38:7)\n    at async tick (file:///C:/Users/POS/speypos-system/speypos-local/src/services/outbox.worker.js:73:5)","errorStatus":422,"errorSyscall":null,"errorType":null,"level":"error","message":"Cloud sync failed.","timestamp":"2026-07-25T02:36:48.408Z"}
{"attempts":6,"error":"upload_failed","errorAddress":null,"errorCause":null,"errorCode":null,"errorErrno":null,"errorName":"Error","errorPort":null,"errorRequestId":null,"errorStack":"Error: upload_failed\n    at dispatchCloudMiniBatch (file:///C:/Users/POS/speypos-system/speypos-local/src/services/outbox.dispatchers.js:78:11)\n    at process.processTicksAndRejections (node:internal/process/task_queues:95:5)\n    at async processBatch (file:///C:/Users/POS/speypos-system/speypos-local/src/services/outbox.worker.js:38:7)\n    at async tick (file:///C:/Users/POS/speypos-system/speypos-local/src/services/outbox.worker.js:73:5)","errorStatus":null,"errorSyscall":null,"errorType":null,"eventId":"6c93aa1b-ea39-4aae-88b0-96123bd6a79e","eventType":"cloud.mini_batch","level":"warn","message":"Outbox event dispatch failed","timestamp":"2026-07-25T02:36:48.410Z"}
{"baseUrl":"https://speypos-cloud-api.ryong.net","businessDate":"2026-07-25","level":"info","message":"Cloud sync starting.","orderCount":20,"shiftId":"56ef50c8-9581-4ead-9ea4-2c02d6e15628","storeId":"1","timestamp":"2026-07-25T02:36:48.466Z"}
{"error":"Validation failed","errorAddress":null,"errorCause":null,"errorCode":"invalid_event_batch","errorErrno":null,"errorName":"Error","errorPort":null,"errorRequestId":"e9551503-75a2-444e-8f3f-00247a16e16a","errorStack":"Error: Validation failed\n    at postJson (file:///C:/Users/POS/speypos-system/speypos-local/src/services/cloudIngest.service.js:119:25)\n    at process.processTicksAndRejections (node:internal/process/task_queues:95:5)\n    at async uploadOrdersBatch (file:///C:/Users/POS/speypos-system/speypos-local/src/services/cloudIngest.service.js:170:60)\n    at async dispatchCloudMiniBatch (file:///C:/Users/POS/speypos-system/speypos-local/src/services/outbox.dispatchers.js:75:18)\n    at async processBatch (file:///C:/Users/POS/speypos-system/speypos-local/src/services/outbox.worker.js:38:7)\n    at async tick (file:///C:/Users/POS/speypos-system/speypos-local/src/services/outbox.worker.js:73:5)","errorStatus":422,"errorSyscall":null,"errorType":null,"level":"error","message":"Cloud sync failed.","timestamp":"2026-07-25T02:36:48.626Z"}
{"attempts":5,"error":"upload_failed","errorAddress":null,"errorCause":null,"errorCode":null,"errorErrno":null,"errorName":"Error","errorPort":null,"errorRequestId":null,"errorStack":"Error: upload_failed\n    at dispatchCloudMiniBatch (file:///C:/Users/POS/speypos-system/speypos-local/src/services/outbox.dispatchers.js:78:11)\n    at process.processTicksAndRejections (node:internal/process/task_queues:95:5)\n    at async processBatch (file:///C:/Users/POS/speypos-system/speypos-local/src/services/outbox.worker.js:38:7)\n    at async tick (file:///C:/Users/POS/speypos-system/speypos-local/src/services/outbox.worker.js:73:5)","errorStatus":null,"errorSyscall":null,"errorType":null,"eventId":"ab380478-c502-4406-bae1-dc6a7a3a7276","eventType":"cloud.mini_batch","level":"warn","message":"Outbox event dispatch failed","timestamp":"2026-07-25T02:36:48.628Z"}
{"baseUrl":"https://speypos-cloud-api.ryong.net","businessDate":"2026-07-25","level":"info","message":"Cloud sync starting.","orderCount":20,"shiftId":"56ef50c8-9581-4ead-9ea4-2c02d6e15628","storeId":"1","timestamp":"2026-07-25T02:37:05.442Z"}
{"error":"Validation failed","errorAddress":null,"errorCause":null,"errorCode":"invalid_event_batch","errorErrno":null,"errorName":"Error","errorPort":null,"errorRequestId":"1b50cdc3-d9f0-44de-a905-e97a91f2b177","errorStack":"Error: Validation failed\n    at postJson (file:///C:/Users/POS/speypos-system/speypos-local/src/services/cloudIngest.service.js:119:25)\n    at process.processTicksAndRejections (node:internal/process/task_queues:95:5)\n    at async uploadOrdersBatch (file:///C:/Users/POS/speypos-system/speypos-local/src/services/cloudIngest.service.js:170:60)\n    at async dispatchCloudMiniBatch (file:///C:/Users/POS/speypos-system/speypos-local/src/services/outbox.dispatchers.js:75:18)\n    at async processBatch (file:///C:/Users/POS/speypos-system/speypos-local/src/services/outbox.worker.js:38:7)\n    at async tick (file:///C:/Users/POS/speypos-system/speypos-local/src/services/outbox.worker.js:73:5)","errorStatus":422,"errorSyscall":null,"errorType":null,"level":"error","message":"Cloud sync failed.","timestamp":"2026-07-25T02:37:05.598Z"}
{"attempts":6,"error":"upload_failed","errorAddress":null,"errorCause":null,"errorCode":null,"errorErrno":null,"errorName":"Error","errorPort":null,"errorRequestId":null,"errorStack":"Error: upload_failed\n    at dispatchCloudMiniBatch (file:///C:/Users/POS/speypos-system/speypos-local/src/services/outbox.dispatchers.js:78:11)\n    at process.processTicksAndRejections (node:internal/process/task_queues:95:5)\n    at async processBatch (file:///C:/Users/POS/speypos-system/speypos-local/src/services/outbox.worker.js:38:7)\n    at async tick (file:///C:/Users/POS/speypos-system/speypos-local/src/services/outbox.worker.js:73:5)","errorStatus":null,"errorSyscall":null,"errorType":null,"eventId":"ab380478-c502-4406-bae1-dc6a7a3a7276","eventType":"cloud.mini_batch","level":"warn","message":"Outbox event dispatch failed","timestamp":"2026-07-25T02:37:05.600Z"}
{"baseUrl":"https://speypos-cloud-api.ryong.net","businessDate":"2026-07-25","level":"info","message":"Cloud sync starting.","orderCount":20,"shiftId":"56ef50c8-9581-4ead-9ea4-2c02d6e15628","storeId":"1","timestamp":"2026-07-25T02:37:07.427Z"}
{"error":"Validation failed","errorAddress":null,"errorCause":null,"errorCode":"invalid_event_batch","errorErrno":null,"errorName":"Error","errorPort":null,"errorRequestId":"1e016578-b106-44bf-af7c-d56f6c1eac27","errorStack":"Error: Validation failed\n    at postJson (file:///C:/Users/POS/speypos-system/speypos-local/src/services/cloudIngest.service.js:119:25)\n    at process.processTicksAndRejections (node:internal/process/task_queues:95:5)\n    at async uploadOrdersBatch (file:///C:/Users/POS/speypos-system/speypos-local/src/services/cloudIngest.service.js:170:60)\n    at async dispatchCloudMiniBatch (file:///C:/Users/POS/speypos-system/speypos-local/src/services/outbox.dispatchers.js:75:18)\n    at async processBatch (file:///C:/Users/POS/speypos-system/speypos-local/src/services/outbox.worker.js:38:7)\n    at async tick (file:///C:/Users/POS/speypos-system/speypos-local/src/services/outbox.worker.js:73:5)","errorStatus":422,"errorSyscall":null,"errorType":null,"level":"error","message":"Cloud sync failed.","timestamp":"2026-07-25T02:37:07.492Z"}
{"attempts":7,"error":"upload_failed","errorAddress":null,"errorCause":null,"errorCode":null,"errorErrno":null,"errorName":"Error","errorPort":null,"errorRequestId":null,"errorStack":"Error: upload_failed\n    at dispatchCloudMiniBatch (file:///C:/Users/POS/speypos-system/speypos-local/src/services/outbox.dispatchers.js:78:11)\n    at process.processTicksAndRejections (node:internal/process/task_queues:95:5)\n    at async processBatch (file:///C:/Users/POS/speypos-system/speypos-local/src/services/outbox.worker.js:38:7)\n    at async tick (file:///C:/Users/POS/speypos-system/speypos-local/src/services/outbox.worker.js:73:5)","errorStatus":null,"errorSyscall":null,"errorType":null,"eventId":"dbbb1014-3030-42ac-b3f4-64f34feade8c","eventType":"cloud.mini_batch","level":"warn","message":"Outbox event dispatch failed","timestamp":"2026-07-25T02:37:07.494Z"}
{"baseUrl":"https://speypos-cloud-api.ryong.net","businessDate":"2026-07-25","level":"info","message":"Cloud sync starting.","orderCount":20,"shiftId":"56ef50c8-9581-4ead-9ea4-2c02d6e15628","storeId":"1","timestamp":"2026-07-25T02:37:12.458Z"}
{"error":"Validation failed","errorAddress":null,"errorCause":null,"errorCode":"invalid_event_batch","errorErrno":null,"errorName":"Error","errorPort":null,"errorRequestId":"01fde133-ac79-49eb-b06c-607a3efa2c75","errorStack":"Error: Validation failed\n    at postJson (file:///C:/Users/POS/speypos-system/speypos-local/src/services/cloudIngest.service.js:119:25)\n    at process.processTicksAndRejections (node:internal/process/task_queues:95:5)\n    at async uploadOrdersBatch (file:///C:/Users/POS/speypos-system/speypos-local/src/services/cloudIngest.service.js:170:60)\n    at async dispatchCloudMiniBatch (file:///C:/Users/POS/speypos-system/speypos-local/src/services/outbox.dispatchers.js:75:18)\n    at async processBatch (file:///C:/Users/POS/speypos-system/speypos-local/src/services/outbox.worker.js:38:7)\n    at async tick (file:///C:/Users/POS/speypos-system/speypos-local/src/services/outbox.worker.js:73:5)","errorStatus":422,"errorSyscall":null,"errorType":null,"level":"error","message":"Cloud sync failed.","timestamp":"2026-07-25T02:37:12.613Z"}
{"attempts":7,"error":"upload_failed","errorAddress":null,"errorCause":null,"errorCode":null,"errorErrno":null,"errorName":"Error","errorPort":null,"errorRequestId":null,"errorStack":"Error: upload_failed\n    at dispatchCloudMiniBatch (file:///C:/Users/POS/speypos-system/speypos-local/src/services/outbox.dispatchers.js:78:11)\n    at process.processTicksAndRejections (node:internal/process/task_queues:95:5)\n    at async processBatch (file:///C:/Users/POS/speypos-system/speypos-local/src/services/outbox.worker.js:38:7)\n    at async tick (file:///C:/Users/POS/speypos-system/speypos-local/src/services/outbox.worker.js:73:5)","errorStatus":null,"errorSyscall":null,"errorType":null,"eventId":"dc05a3ee-d385-4466-a7f2-5227977c3c1e","eventType":"cloud.mini_batch","level":"warn","message":"Outbox event dispatch failed","timestamp":"2026-07-25T02:37:12.615Z"}
{"baseUrl":"https://speypos-cloud-api.ryong.net","businessDate":"2026-07-25","level":"info","message":"Cloud sync starting.","orderCount":20,"shiftId":"56ef50c8-9581-4ead-9ea4-2c02d6e15628","storeId":"1","timestamp":"2026-07-25T02:37:18.489Z"}
{"error":"Validation failed","errorAddress":null,"errorCause":null,"errorCode":"invalid_event_batch","errorErrno":null,"errorName":"Error","errorPort":null,"errorRequestId":"8832ff34-da40-489a-a50f-a73f257e6ae1","errorStack":"Error: Validation failed\n    at postJson (file:///C:/Users/POS/speypos-system/speypos-local/src/services/cloudIngest.service.js:119:25)\n    at process.processTicksAndRejections (node:internal/process/task_queues:95:5)\n    at async uploadOrdersBatch (file:///C:/Users/POS/speypos-system/speypos-local/src/services/cloudIngest.service.js:170:60)\n    at async dispatchCloudMiniBatch (file:///C:/Users/POS/speypos-system/speypos-local/src/services/outbox.dispatchers.js:75:18)\n    at async processBatch (file:///C:/Users/POS/speypos-system/speypos-local/src/services/outbox.worker.js:38:7)\n    at async tick (file:///C:/Users/POS/speypos-system/speypos-local/src/services/outbox.worker.js:73:5)","errorStatus":422,"errorSyscall":null,"errorType":null,"level":"error","message":"Cloud sync failed.","timestamp":"2026-07-25T02:37:18.651Z"}
{"attempts":7,"error":"upload_failed","errorAddress":null,"errorCause":null,"errorCode":null,"errorErrno":null,"errorName":"Error","errorPort":null,"errorRequestId":null,"errorStack":"Error: upload_failed\n    at dispatchCloudMiniBatch (file:///C:/Users/POS/speypos-system/speypos-local/src/services/outbox.dispatchers.js:78:11)\n    at process.processTicksAndRejections (node:internal/process/task_queues:95:5)\n    at async processBatch (file:///C:/Users/POS/speypos-system/speypos-local/src/services/outbox.worker.js:38:7)\n    at async tick (file:///C:/Users/POS/speypos-system/speypos-local/src/services/outbox.worker.js:73:5)","errorStatus":null,"errorSyscall":null,"errorType":null,"eventId":"89d73dcb-d21c-4fe7-9178-363256d85f12","eventType":"cloud.mini_batch","level":"warn","message":"Outbox event dispatch failed","timestamp":"2026-07-25T02:37:18.659Z"}
{"baseUrl":"https://speypos-cloud-api.ryong.net","businessDate":"2026-07-25","level":"info","message":"Cloud sync starting.","orderCount":20,"shiftId":"56ef50c8-9581-4ead-9ea4-2c02d6e15628","storeId":"1","timestamp":"2026-07-25T02:37:21.525Z"}
{"error":"Validation failed","errorAddress":null,"errorCause":null,"errorCode":"invalid_event_batch","errorErrno":null,"errorName":"Error","errorPort":null,"errorRequestId":"e2e67d7a-0294-40a5-a228-2331de874a2e","errorStack":"Error: Validation failed\n    at postJson (file:///C:/Users/POS/speypos-system/speypos-local/src/services/cloudIngest.service.js:119:25)\n    at process.processTicksAndRejections (node:internal/process/task_queues:95:5)\n    at async uploadOrdersBatch (file:///C:/Users/POS/speypos-system/speypos-local/src/services/cloudIngest.service.js:170:60)\n    at async dispatchCloudMiniBatch (file:///C:/Users/POS/speypos-system/speypos-local/src/services/outbox.dispatchers.js:75:18)\n    at async processBatch (file:///C:/Users/POS/speypos-system/speypos-local/src/services/outbox.worker.js:38:7)\n    at async tick (file:///C:/Users/POS/speypos-system/speypos-local/src/services/outbox.worker.js:73:5)","errorStatus":422,"errorSyscall":null,"errorType":null,"level":"error","message":"Cloud sync failed.","timestamp":"2026-07-25T02:37:21.582Z"}
{"attempts":7,"error":"upload_failed","errorAddress":null,"errorCause":null,"errorCode":null,"errorErrno":null,"errorName":"Error","errorPort":null,"errorRequestId":null,"errorStack":"Error: upload_failed\n    at dispatchCloudMiniBatch (file:///C:/Users/POS/speypos-system/speypos-local/src/services/outbox.dispatchers.js:78:11)\n    at process.processTicksAndRejections (node:internal/process/task_queues:95:5)\n    at async processBatch (file:///C:/Users/POS/speypos-system/speypos-local/src/services/outbox.worker.js:38:7)\n    at async tick (file:///C:/Users/POS/speypos-system/speypos-local/src/services/outbox.worker.js:73:5)","errorStatus":null,"errorSyscall":null,"errorType":null,"eventId":"6c93aa1b-ea39-4aae-88b0-96123bd6a79e","eventType":"cloud.mini_batch","level":"warn","message":"Outbox event dispatch failed","timestamp":"2026-07-25T02:37:21.584Z"}
{"baseUrl":"https://speypos-cloud-api.ryong.net","businessDate":"2026-07-25","level":"info","message":"Cloud sync starting.","orderCount":20,"shiftId":"56ef50c8-9581-4ead-9ea4-2c02d6e15628","storeId":"1","timestamp":"2026-07-25T02:37:38.594Z"}
{"error":"Validation failed","errorAddress":null,"errorCause":null,"errorCode":"invalid_event_batch","errorErrno":null,"errorName":"Error","errorPort":null,"errorRequestId":"f7cd7b29-a00e-45f3-84d9-81ddacad514c","errorStack":"Error: Validation failed\n    at postJson (file:///C:/Users/POS/speypos-system/speypos-local/src/services/cloudIngest.service.js:119:25)\n    at process.processTicksAndRejections (node:internal/process/task_queues:95:5)\n    at async uploadOrdersBatch (file:///C:/Users/POS/speypos-system/speypos-local/src/services/cloudIngest.service.js:170:60)\n    at async dispatchCloudMiniBatch (file:///C:/Users/POS/speypos-system/speypos-local/src/services/outbox.dispatchers.js:75:18)\n    at async processBatch (file:///C:/Users/POS/speypos-system/speypos-local/src/services/outbox.worker.js:38:7)\n    at async tick (file:///C:/Users/POS/speypos-system/speypos-local/src/services/outbox.worker.js:73:5)","errorStatus":422,"errorSyscall":null,"errorType":null,"level":"error","message":"Cloud sync failed.","timestamp":"2026-07-25T02:37:38.755Z"}
{"attempts":7,"error":"upload_failed","errorAddress":null,"errorCause":null,"errorCode":null,"errorErrno":null,"errorName":"Error","errorPort":null,"errorRequestId":null,"errorStack":"Error: upload_failed\n    at dispatchCloudMiniBatch (file:///C:/Users/POS/speypos-system/speypos-local/src/services/outbox.dispatchers.js:78:11)\n    at process.processTicksAndRejections (node:internal/process/task_queues:95:5)\n    at async processBatch (file:///C:/Users/POS/speypos-system/speypos-local/src/services/outbox.worker.js:38:7)\n    at async tick (file:///C:/Users/POS/speypos-system/speypos-local/src/services/outbox.worker.js:73:5)","errorStatus":null,"errorSyscall":null,"errorType":null,"eventId":"ab380478-c502-4406-bae1-dc6a7a3a7276","eventType":"cloud.mini_batch","level":"warn","message":"Outbox event dispatch failed","timestamp":"2026-07-25T02:37:38.757Z"}
{"baseUrl":"https://speypos-cloud-api.ryong.net","businessDate":"2026-07-25","level":"info","message":"Cloud sync starting.","orderCount":20,"shiftId":"56ef50c8-9581-4ead-9ea4-2c02d6e15628","storeId":"1","timestamp":"2026-07-25T02:38:11.721Z"}
{"error":"Validation failed","errorAddress":null,"errorCause":null,"errorCode":"invalid_event_batch","errorErrno":null,"errorName":"Error","errorPort":null,"errorRequestId":"da9ff069-f77f-42c7-a6c4-e5ba2ac8df52","errorStack":"Error: Validation failed\n    at postJson (file:///C:/Users/POS/speypos-system/speypos-local/src/services/cloudIngest.service.js:119:25)\n    at process.processTicksAndRejections (node:internal/process/task_queues:95:5)\n    at async uploadOrdersBatch (file:///C:/Users/POS/speypos-system/speypos-local/src/services/cloudIngest.service.js:170:60)\n    at async dispatchCloudMiniBatch (file:///C:/Users/POS/speypos-system/speypos-local/src/services/outbox.dispatchers.js:75:18)\n    at async processBatch (file:///C:/Users/POS/speypos-system/speypos-local/src/services/outbox.worker.js:38:7)\n    at async tick (file:///C:/Users/POS/speypos-system/speypos-local/src/services/outbox.worker.js:73:5)","errorStatus":422,"errorSyscall":null,"errorType":null,"level":"error","message":"Cloud sync failed.","timestamp":"2026-07-25T02:38:11.912Z"}
{"attempts":8,"error":"upload_failed","errorAddress":null,"errorCause":null,"errorCode":null,"errorErrno":null,"errorName":"Error","errorPort":null,"errorRequestId":null,"errorStack":"Error: upload_failed\n    at dispatchCloudMiniBatch (file:///C:/Users/POS/speypos-system/speypos-local/src/services/outbox.dispatchers.js:78:11)\n    at process.processTicksAndRejections (node:internal/process/task_queues:95:5)\n    at async processBatch (file:///C:/Users/POS/speypos-system/speypos-local/src/services/outbox.worker.js:38:7)\n    at async tick (file:///C:/Users/POS/speypos-system/speypos-local/src/services/outbox.worker.js:73:5)","errorStatus":null,"errorSyscall":null,"errorType":null,"eventId":"dbbb1014-3030-42ac-b3f4-64f34feade8c","eventType":"cloud.mini_batch","level":"warn","message":"Outbox event dispatch failed","timestamp":"2026-07-25T02:38:11.914Z"}
{"baseUrl":"https://speypos-cloud-api.ryong.net","businessDate":"2026-07-25","level":"info","message":"Cloud sync starting.","orderCount":20,"shiftId":"56ef50c8-9581-4ead-9ea4-2c02d6e15628","storeId":"1","timestamp":"2026-07-25T02:38:17.736Z"}
{"error":"Validation failed","errorAddress":null,"errorCause":null,"errorCode":"invalid_event_batch","errorErrno":null,"errorName":"Error","errorPort":null,"errorRequestId":"299c056f-fc31-4cef-ab90-48376e7e85f7","errorStack":"Error: Validation failed\n    at postJson (file:///C:/Users/POS/speypos-system/speypos-local/src/services/cloudIngest.service.js:119:25)\n    at process.processTicksAndRejections (node:internal/process/task_queues:95:5)\n    at async uploadOrdersBatch (file:///C:/Users/POS/speypos-system/speypos-local/src/services/cloudIngest.service.js:170:60)\n    at async dispatchCloudMiniBatch (file:///C:/Users/POS/speypos-system/speypos-local/src/services/outbox.dispatchers.js:75:18)\n    at async processBatch (file:///C:/Users/POS/speypos-system/speypos-local/src/services/outbox.worker.js:38:7)\n    at async tick (file:///C:/Users/POS/speypos-system/speypos-local/src/services/outbox.worker.js:73:5)","errorStatus":422,"errorSyscall":null,"errorType":null,"level":"error","message":"Cloud sync failed.","timestamp":"2026-07-25T02:38:17.913Z"}
{"attempts":8,"error":"upload_failed","errorAddress":null,"errorCause":null,"errorCode":null,"errorErrno":null,"errorName":"Error","errorPort":null,"errorRequestId":null,"errorStack":"Error: upload_failed\n    at dispatchCloudMiniBatch (file:///C:/Users/POS/speypos-system/speypos-local/src/services/outbox.dispatchers.js:78:11)\n    at process.processTicksAndRejections (node:internal/process/task_queues:95:5)\n    at async processBatch (file:///C:/Users/POS/speypos-system/speypos-local/src/services/outbox.worker.js:38:7)\n    at async tick (file:///C:/Users/POS/speypos-system/speypos-local/src/services/outbox.worker.js:73:5)","errorStatus":null,"errorSyscall":null,"errorType":null,"eventId":"dc05a3ee-d385-4466-a7f2-5227977c3c1e","eventType":"cloud.mini_batch","level":"warn","message":"Outbox event dispatch failed","timestamp":"2026-07-25T02:38:17.918Z"}
{"baseUrl":"https://speypos-cloud-api.ryong.net","businessDate":"2026-07-25","level":"info","message":"Cloud sync starting.","orderCount":20,"shiftId":"56ef50c8-9581-4ead-9ea4-2c02d6e15628","storeId":"1","timestamp":"2026-07-25T02:38:23.750Z"}
{"error":"Validation failed","errorAddress":null,"errorCause":null,"errorCode":"invalid_event_batch","errorErrno":null,"errorName":"Error","errorPort":null,"errorRequestId":"ee11ff88-0ddd-478a-8493-96c47839bf0d","errorStack":"Error: Validation failed\n    at postJson (file:///C:/Users/POS/speypos-system/speypos-local/src/services/cloudIngest.service.js:119:25)\n    at process.processTicksAndRejections (node:internal/process/task_queues:95:5)\n    at async uploadOrdersBatch (file:///C:/Users/POS/speypos-system/speypos-local/src/services/cloudIngest.service.js:170:60)\n    at async dispatchCloudMiniBatch (file:///C:/Users/POS/speypos-system/speypos-local/src/services/outbox.dispatchers.js:75:18)\n    at async processBatch (file:///C:/Users/POS/speypos-system/speypos-local/src/services/outbox.worker.js:38:7)\n    at async tick (file:///C:/Users/POS/speypos-system/speypos-local/src/services/outbox.worker.js:73:5)","errorStatus":422,"errorSyscall":null,"errorType":null,"level":"error","message":"Cloud sync failed.","timestamp":"2026-07-25T02:38:23.907Z"}
{"attempts":8,"error":"upload_failed","errorAddress":null,"errorCause":null,"errorCode":null,"errorErrno":null,"errorName":"Error","errorPort":null,"errorRequestId":null,"errorStack":"Error: upload_failed\n    at dispatchCloudMiniBatch (file:///C:/Users/POS/speypos-system/speypos-local/src/services/outbox.dispatchers.js:78:11)\n    at process.processTicksAndRejections (node:internal/process/task_queues:95:5)\n    at async processBatch (file:///C:/Users/POS/speypos-system/speypos-local/src/services/outbox.worker.js:38:7)\n    at async tick (file:///C:/Users/POS/speypos-system/speypos-local/src/services/outbox.worker.js:73:5)","errorStatus":null,"errorSyscall":null,"errorType":null,"eventId":"89d73dcb-d21c-4fe7-9178-363256d85f12","eventType":"cloud.mini_batch","level":"warn","message":"Outbox event dispatch failed","timestamp":"2026-07-25T02:38:23.909Z"}
{"baseUrl":"https://speypos-cloud-api.ryong.net","businessDate":"2026-07-25","level":"info","message":"Cloud sync starting.","orderCount":20,"shiftId":"56ef50c8-9581-4ead-9ea4-2c02d6e15628","storeId":"1","timestamp":"2026-07-25T02:38:26.742Z"}
{"error":"Validation failed","errorAddress":null,"errorCause":null,"errorCode":"invalid_event_batch","errorErrno":null,"errorName":"Error","errorPort":null,"errorRequestId":"14c43797-7f9c-40cc-a84a-c7db83bd23e1","errorStack":"Error: Validation failed\n    at postJson (file:///C:/Users/POS/speypos-system/speypos-local/src/services/cloudIngest.service.js:119:25)\n    at process.processTicksAndRejections (node:internal/process/task_queues:95:5)\n    at async uploadOrdersBatch (file:///C:/Users/POS/speypos-system/speypos-local/src/services/cloudIngest.service.js:170:60)\n    at async dispatchCloudMiniBatch (file:///C:/Users/POS/speypos-system/speypos-local/src/services/outbox.dispatchers.js:75:18)\n    at async processBatch (file:///C:/Users/POS/speypos-system/speypos-local/src/services/outbox.worker.js:38:7)\n    at async tick (file:///C:/Users/POS/speypos-system/speypos-local/src/services/outbox.worker.js:73:5)","errorStatus":422,"errorSyscall":null,"errorType":null,"level":"error","message":"Cloud sync failed.","timestamp":"2026-07-25T02:38:26.803Z"}
{"attempts":8,"error":"upload_failed","errorAddress":null,"errorCause":null,"errorCode":null,"errorErrno":null,"errorName":"Error","errorPort":null,"errorRequestId":null,"errorStack":"Error: upload_failed\n    at dispatchCloudMiniBatch (file:///C:/Users/POS/speypos-system/speypos-local/src/services/outbox.dispatchers.js:78:11)\n    at process.processTicksAndRejections (node:internal/process/task_queues:95:5)\n    at async processBatch (file:///C:/Users/POS/speypos-system/speypos-local/src/services/outbox.worker.js:38:7)\n    at async tick (file:///C:/Users/POS/speypos-system/speypos-local/src/services/outbox.worker.js:73:5)","errorStatus":null,"errorSyscall":null,"errorType":null,"eventId":"6c93aa1b-ea39-4aae-88b0-96123bd6a79e","eventType":"cloud.mini_batch","level":"warn","message":"Outbox event dispatch failed","timestamp":"2026-07-25T02:38:26.804Z"}
{"baseUrl":"https://speypos-cloud-api.ryong.net","businessDate":"2026-07-25","level":"info","message":"Cloud sync starting.","orderCount":20,"shiftId":"56ef50c8-9581-4ead-9ea4-2c02d6e15628","storeId":"1","timestamp":"2026-07-25T02:38:43.808Z"}
{"error":"Validation failed","errorAddress":null,"errorCause":null,"errorCode":"invalid_event_batch","errorErrno":null,"errorName":"Error","errorPort":null,"errorRequestId":"10dd2728-b5ea-45a4-b4bc-a5717941a3ba","errorStack":"Error: Validation failed\n    at postJson (file:///C:/Users/POS/speypos-system/speypos-local/src/services/cloudIngest.service.js:119:25)\n    at process.processTicksAndRejections (node:internal/process/task_queues:95:5)\n    at async uploadOrdersBatch (file:///C:/Users/POS/speypos-system/speypos-local/src/services/cloudIngest.service.js:170:60)\n    at async dispatchCloudMiniBatch (file:///C:/Users/POS/speypos-system/speypos-local/src/services/outbox.dispatchers.js:75:18)\n    at async processBatch (file:///C:/Users/POS/speypos-system/speypos-local/src/services/outbox.worker.js:38:7)\n    at async tick (file:///C:/Users/POS/speypos-system/speypos-local/src/services/outbox.worker.js:73:5)","errorStatus":422,"errorSyscall":null,"errorType":null,"level":"error","message":"Cloud sync failed.","timestamp":"2026-07-25T02:38:43.967Z"}
{"attempts":8,"error":"upload_failed","errorAddress":null,"errorCause":null,"errorCode":null,"errorErrno":null,"errorName":"Error","errorPort":null,"errorRequestId":null,"errorStack":"Error: upload_failed\n    at dispatchCloudMiniBatch (file:///C:/Users/POS/speypos-system/speypos-local/src/services/outbox.dispatchers.js:78:11)\n    at process.processTicksAndRejections (node:internal/process/task_queues:95:5)\n    at async processBatch (file:///C:/Users/POS/speypos-system/speypos-local/src/services/outbox.worker.js:38:7)\n    at async tick (file:///C:/Users/POS/speypos-system/speypos-local/src/services/outbox.worker.js:73:5)","errorStatus":null,"errorSyscall":null,"errorType":null,"eventId":"ab380478-c502-4406-bae1-dc6a7a3a7276","eventType":"cloud.mini_batch","level":"warn","message":"Outbox event dispatch failed","timestamp":"2026-07-25T02:38:43.969Z"}
{"baseUrl":"https://speypos-cloud-api.ryong.net","businessDate":"2026-07-25","level":"info","message":"Cloud sync starting.","orderCount":20,"shiftId":"56ef50c8-9581-4ead-9ea4-2c02d6e15628","storeId":"1","timestamp":"2026-07-25T02:39:16.969Z"}
{"error":"Validation failed","errorAddress":null,"errorCause":null,"errorCode":"invalid_event_batch","errorErrno":null,"errorName":"Error","errorPort":null,"errorRequestId":"ce17eff1-5456-4f41-ba27-d42afe97a2a0","errorStack":"Error: Validation failed\n    at postJson (file:///C:/Users/POS/speypos-system/speypos-local/src/services/cloudIngest.service.js:119:25)\n    at process.processTicksAndRejections (node:internal/process/task_queues:95:5)\n    at async uploadOrdersBatch (file:///C:/Users/POS/speypos-system/speypos-local/src/services/cloudIngest.service.js:170:60)\n    at async dispatchCloudMiniBatch (file:///C:/Users/POS/speypos-system/speypos-local/src/services/outbox.dispatchers.js:75:18)\n    at async processBatch (file:///C:/Users/POS/speypos-system/speypos-local/src/services/outbox.worker.js:38:7)\n    at async tick (file:///C:/Users/POS/speypos-system/speypos-local/src/services/outbox.worker.js:73:5)","errorStatus":422,"errorSyscall":null,"errorType":null,"level":"error","message":"Cloud sync failed.","timestamp":"2026-07-25T02:39:17.136Z"}
{"attempts":9,"error":"upload_failed","errorAddress":null,"errorCause":null,"errorCode":null,"errorErrno":null,"errorName":"Error","errorPort":null,"errorRequestId":null,"errorStack":"Error: upload_failed\n    at dispatchCloudMiniBatch (file:///C:/Users/POS/speypos-system/speypos-local/src/services/outbox.dispatchers.js:78:11)\n    at process.processTicksAndRejections (node:internal/process/task_queues:95:5)\n    at async processBatch (file:///C:/Users/POS/speypos-system/speypos-local/src/services/outbox.worker.js:38:7)\n    at async tick (file:///C:/Users/POS/speypos-system/speypos-local/src/services/outbox.worker.js:73:5)","errorStatus":null,"errorSyscall":null,"errorType":null,"eventId":"dbbb1014-3030-42ac-b3f4-64f34feade8c","eventType":"cloud.mini_batch","level":"warn","message":"Outbox event dispatch failed","timestamp":"2026-07-25T02:39:17.137Z"}
{"baseUrl":"https://speypos-cloud-api.ryong.net","businessDate":"2026-07-25","level":"info","message":"Cloud sync starting.","orderCount":20,"shiftId":"56ef50c8-9581-4ead-9ea4-2c02d6e15628","storeId":"1","timestamp":"2026-07-25T02:39:23.004Z"}
{"error":"Validation failed","errorAddress":null,"errorCause":null,"errorCode":"invalid_event_batch","errorErrno":null,"errorName":"Error","errorPort":null,"errorRequestId":"3865b1d4-e437-4be5-a351-03ead7148d24","errorStack":"Error: Validation failed\n    at postJson (file:///C:/Users/POS/speypos-system/speypos-local/src/services/cloudIngest.service.js:119:25)\n    at process.processTicksAndRejections (node:internal/process/task_queues:95:5)\n    at async uploadOrdersBatch (file:///C:/Users/POS/speypos-system/speypos-local/src/services/cloudIngest.service.js:170:60)\n    at async dispatchCloudMiniBatch (file:///C:/Users/POS/speypos-system/speypos-local/src/services/outbox.dispatchers.js:75:18)\n    at async processBatch (file:///C:/Users/POS/speypos-system/speypos-local/src/services/outbox.worker.js:38:7)\n    at async tick (file:///C:/Users/POS/speypos-system/speypos-local/src/services/outbox.worker.js:73:5)","errorStatus":422,"errorSyscall":null,"errorType":null,"level":"error","message":"Cloud sync failed.","timestamp":"2026-07-25T02:39:23.169Z"}
{"attempts":9,"error":"upload_failed","errorAddress":null,"errorCause":null,"errorCode":null,"errorErrno":null,"errorName":"Error","errorPort":null,"errorRequestId":null,"errorStack":"Error: upload_failed\n    at dispatchCloudMiniBatch (file:///C:/Users/POS/speypos-system/speypos-local/src/services/outbox.dispatchers.js:78:11)\n    at process.processTicksAndRejections (node:internal/process/task_queues:95:5)\n    at async processBatch (file:///C:/Users/POS/speypos-system/speypos-local/src/services/outbox.worker.js:38:7)\n    at async tick (file:///C:/Users/POS/speypos-system/speypos-local/src/services/outbox.worker.js:73:5)","errorStatus":null,"errorSyscall":null,"errorType":null,"eventId":"dc05a3ee-d385-4466-a7f2-5227977c3c1e","eventType":"cloud.mini_batch","level":"warn","message":"Outbox event dispatch failed","timestamp":"2026-07-25T02:39:23.171Z"}
{"baseUrl":"https://speypos-cloud-api.ryong.net","businessDate":"2026-07-25","level":"info","message":"Cloud sync starting.","orderCount":20,"shiftId":"56ef50c8-9581-4ead-9ea4-2c02d6e15628","storeId":"1","timestamp":"2026-07-25T02:39:29.046Z"}
{"error":"Validation failed","errorAddress":null,"errorCause":null,"errorCode":"invalid_event_batch","errorErrno":null,"errorName":"Error","errorPort":null,"errorRequestId":"048fea7b-3833-4922-a8d6-93607f1cc221","errorStack":"Error: Validation failed\n    at postJson (file:///C:/Users/POS/speypos-system/speypos-local/src/services/cloudIngest.service.js:119:25)\n    at process.processTicksAndRejections (node:internal/process/task_queues:95:5)\n    at async uploadOrdersBatch (file:///C:/Users/POS/speypos-system/speypos-local/src/services/cloudIngest.service.js:170:60)\n    at async dispatchCloudMiniBatch (file:///C:/Users/POS/speypos-system/speypos-local/src/services/outbox.dispatchers.js:75:18)\n    at async processBatch (file:///C:/Users/POS/speypos-system/speypos-local/src/services/outbox.worker.js:38:7)\n    at async tick (file:///C:/Users/POS/speypos-system/speypos-local/src/services/outbox.worker.js:73:5)","errorStatus":422,"errorSyscall":null,"errorType":null,"level":"error","message":"Cloud sync failed.","timestamp":"2026-07-25T02:39:29.210Z"}
{"attempts":9,"error":"upload_failed","errorAddress":null,"errorCause":null,"errorCode":null,"errorErrno":null,"errorName":"Error","errorPort":null,"errorRequestId":null,"errorStack":"Error: upload_failed\n    at dispatchCloudMiniBatch (file:///C:/Users/POS/speypos-system/speypos-local/src/services/outbox.dispatchers.js:78:11)\n    at process.processTicksAndRejections (node:internal/process/task_queues:95:5)\n    at async processBatch (file:///C:/Users/POS/speypos-system/speypos-local/src/services/outbox.worker.js:38:7)\n    at async tick (file:///C:/Users/POS/speypos-system/speypos-local/src/services/outbox.worker.js:73:5)","errorStatus":null,"errorSyscall":null,"errorType":null,"eventId":"89d73dcb-d21c-4fe7-9178-363256d85f12","eventType":"cloud.mini_batch","level":"warn","message":"Outbox event dispatch failed","timestamp":"2026-07-25T02:39:29.213Z"}
{"baseUrl":"https://speypos-cloud-api.ryong.net","businessDate":"2026-07-25","level":"info","message":"Cloud sync starting.","orderCount":20,"shiftId":"56ef50c8-9581-4ead-9ea4-2c02d6e15628","storeId":"1","timestamp":"2026-07-25T02:39:31.031Z"}
{"error":"Validation failed","errorAddress":null,"errorCause":null,"errorCode":"invalid_event_batch","errorErrno":null,"errorName":"Error","errorPort":null,"errorRequestId":"548789d2-9ada-4fbe-8405-749204c556b2","errorStack":"Error: Validation failed\n    at postJson (file:///C:/Users/POS/speypos-system/speypos-local/src/services/cloudIngest.service.js:119:25)\n    at process.processTicksAndRejections (node:internal/process/task_queues:95:5)\n    at async uploadOrdersBatch (file:///C:/Users/POS/speypos-system/speypos-local/src/services/cloudIngest.service.js:170:60)\n    at async dispatchCloudMiniBatch (file:///C:/Users/POS/speypos-system/speypos-local/src/services/outbox.dispatchers.js:75:18)\n    at async processBatch (file:///C:/Users/POS/speypos-system/speypos-local/src/services/outbox.worker.js:38:7)\n    at async tick (file:///C:/Users/POS/speypos-system/speypos-local/src/services/outbox.worker.js:73:5)","errorStatus":422,"errorSyscall":null,"errorType":null,"level":"error","message":"Cloud sync failed.","timestamp":"2026-07-25T02:39:31.087Z"}
{"attempts":9,"error":"upload_failed","errorAddress":null,"errorCause":null,"errorCode":null,"errorErrno":null,"errorName":"Error","errorPort":null,"errorRequestId":null,"errorStack":"Error: upload_failed\n    at dispatchCloudMiniBatch (file:///C:/Users/POS/speypos-system/speypos-local/src/services/outbox.dispatchers.js:78:11)\n    at process.processTicksAndRejections (node:internal/process/task_queues:95:5)\n    at async processBatch (file:///C:/Users/POS/speypos-system/speypos-local/src/services/outbox.worker.js:38:7)\n    at async tick (file:///C:/Users/POS/speypos-system/speypos-local/src/services/outbox.worker.js:73:5)","errorStatus":null,"errorSyscall":null,"errorType":null,"eventId":"6c93aa1b-ea39-4aae-88b0-96123bd6a79e","eventType":"cloud.mini_batch","level":"warn","message":"Outbox event dispatch failed","timestamp":"2026-07-25T02:39:31.088Z"}
{"baseUrl":"https://speypos-cloud-api.ryong.net","businessDate":"2026-07-25","level":"info","message":"Cloud sync starting.","orderCount":20,"shiftId":"56ef50c8-9581-4ead-9ea4-2c02d6e15628","storeId":"1","timestamp":"2026-07-25T02:39:49.088Z"}
{"error":"Validation failed","errorAddress":null,"errorCause":null,"errorCode":"invalid_event_batch","errorErrno":null,"errorName":"Error","errorPort":null,"errorRequestId":"7badaa74-4d63-48bf-b21e-1e3d7c6b1d62","errorStack":"Error: Validation failed\n    at postJson (file:///C:/Users/POS/speypos-system/speypos-local/src/services/cloudIngest.service.js:119:25)\n    at process.processTicksAndRejections (node:internal/process/task_queues:95:5)\n    at async uploadOrdersBatch (file:///C:/Users/POS/speypos-system/speypos-local/src/services/cloudIngest.service.js:170:60)\n    at async dispatchCloudMiniBatch (file:///C:/Users/POS/speypos-system/speypos-local/src/services/outbox.dispatchers.js:75:18)\n    at async processBatch (file:///C:/Users/POS/speypos-system/speypos-local/src/services/outbox.worker.js:38:7)\n    at async tick (file:///C:/Users/POS/speypos-system/speypos-local/src/services/outbox.worker.js:73:5)","errorStatus":422,"errorSyscall":null,"errorType":null,"level":"error","message":"Cloud sync failed.","timestamp":"2026-07-25T02:39:49.276Z"}
{"attempts":9,"error":"upload_failed","errorAddress":null,"errorCause":null,"errorCode":null,"errorErrno":null,"errorName":"Error","errorPort":null,"errorRequestId":null,"errorStack":"Error: upload_failed\n    at dispatchCloudMiniBatch (file:///C:/Users/POS/speypos-system/speypos-local/src/services/outbox.dispatchers.js:78:11)\n    at process.processTicksAndRejections (node:internal/process/task_queues:95:5)\n    at async processBatch (file:///C:/Users/POS/speypos-system/speypos-local/src/services/outbox.worker.js:38:7)\n    at async tick (file:///C:/Users/POS/speypos-system/speypos-local/src/services/outbox.worker.js:73:5)","errorStatus":null,"errorSyscall":null,"errorType":null,"eventId":"ab380478-c502-4406-bae1-dc6a7a3a7276","eventType":"cloud.mini_batch","level":"warn","message":"Outbox event dispatch failed","timestamp":"2026-07-25T02:39:49.278Z"}
{"baseUrl":"https://speypos-cloud-api.ryong.net","businessDate":"2026-07-25","level":"info","message":"Cloud sync starting.","orderCount":20,"shiftId":"56ef50c8-9581-4ead-9ea4-2c02d6e15628","storeId":"1","timestamp":"2026-07-25T02:40:21.227Z"}
{"error":"Validation failed","errorAddress":null,"errorCause":null,"errorCode":"invalid_event_batch","errorErrno":null,"errorName":"Error","errorPort":null,"errorRequestId":"ae6bd9fd-2a4a-4754-a8f6-82988c40f9ce","errorStack":"Error: Validation failed\n    at postJson (file:///C:/Users/POS/speypos-system/speypos-local/src/services/cloudIngest.service.js:119:25)\n    at process.processTicksAndRejections (node:internal/process/task_queues:95:5)\n    at async uploadOrdersBatch (file:///C:/Users/POS/speypos-system/speypos-local/src/services/cloudIngest.service.js:170:60)\n    at async dispatchCloudMiniBatch (file:///C:/Users/POS/speypos-system/speypos-local/src/services/outbox.dispatchers.js:75:18)\n    at async processBatch (file:///C:/Users/POS/speypos-system/speypos-local/src/services/outbox.worker.js:38:7)\n    at async tick (file:///C:/Users/POS/speypos-system/speypos-local/src/services/outbox.worker.js:73:5)","errorStatus":422,"errorSyscall":null,"errorType":null,"level":"error","message":"Cloud sync failed.","timestamp":"2026-07-25T02:40:21.418Z"}
{"attempts":10,"error":"upload_failed","errorAddress":null,"errorCause":null,"errorCode":null,"errorErrno":null,"errorName":"Error","errorPort":null,"errorRequestId":null,"errorStack":"Error: upload_failed\n    at dispatchCloudMiniBatch (file:///C:/Users/POS/speypos-system/speypos-local/src/services/outbox.dispatchers.js:78:11)\n    at process.processTicksAndRejections (node:internal/process/task_queues:95:5)\n    at async processBatch (file:///C:/Users/POS/speypos-system/speypos-local/src/services/outbox.worker.js:38:7)\n    at async tick (file:///C:/Users/POS/speypos-system/speypos-local/src/services/outbox.worker.js:73:5)","errorStatus":null,"errorSyscall":null,"errorType":null,"eventId":"dbbb1014-3030-42ac-b3f4-64f34feade8c","eventType":"cloud.mini_batch","level":"warn","message":"Outbox event dispatch failed","timestamp":"2026-07-25T02:40:21.424Z"}
{"baseUrl":"https://speypos-cloud-api.ryong.net","businessDate":"2026-07-25","level":"info","message":"Cloud sync starting.","orderCount":20,"shiftId":"56ef50c8-9581-4ead-9ea4-2c02d6e15628","storeId":"1","timestamp":"2026-07-25T02:40:28.275Z"}
{"error":"Validation failed","errorAddress":null,"errorCause":null,"errorCode":"invalid_event_batch","errorErrno":null,"errorName":"Error","errorPort":null,"errorRequestId":"1f14ae62-4f63-42a5-9d81-f0df7ed679b8","errorStack":"Error: Validation failed\n    at postJson (file:///C:/Users/POS/speypos-system/speypos-local/src/services/cloudIngest.service.js:119:25)\n    at process.processTicksAndRejections (node:internal/process/task_queues:95:5)\n    at async uploadOrdersBatch (file:///C:/Users/POS/speypos-system/speypos-local/src/services/cloudIngest.service.js:170:60)\n    at async dispatchCloudMiniBatch (file:///C:/Users/POS/speypos-system/speypos-local/src/services/outbox.dispatchers.js:75:18)\n    at async processBatch (file:///C:/Users/POS/speypos-system/speypos-local/src/services/outbox.worker.js:38:7)\n    at async tick (file:///C:/Users/POS/speypos-system/speypos-local/src/services/outbox.worker.js:73:5)","errorStatus":422,"errorSyscall":null,"errorType":null,"level":"error","message":"Cloud sync failed.","timestamp":"2026-07-25T02:40:28.432Z"}
{"attempts":10,"error":"upload_failed","errorAddress":null,"errorCause":null,"errorCode":null,"errorErrno":null,"errorName":"Error","errorPort":null,"errorRequestId":null,"errorStack":"Error: upload_failed\n    at dispatchCloudMiniBatch (file:///C:/Users/POS/speypos-system/speypos-local/src/services/outbox.dispatchers.js:78:11)\n    at process.processTicksAndRejections (node:internal/process/task_queues:95:5)\n    at async processBatch (file:///C:/Users/POS/speypos-system/speypos-local/src/services/outbox.worker.js:38:7)\n    at async tick (file:///C:/Users/POS/speypos-system/speypos-local/src/services/outbox.worker.js:73:5)","errorStatus":null,"errorSyscall":null,"errorType":null,"eventId":"dc05a3ee-d385-4466-a7f2-5227977c3c1e","eventType":"cloud.mini_batch","level":"warn","message":"Outbox event dispatch failed","timestamp":"2026-07-25T02:40:28.434Z"}
{"baseUrl":"https://speypos-cloud-api.ryong.net","businessDate":"2026-07-25","level":"info","message":"Cloud sync starting.","orderCount":20,"shiftId":"56ef50c8-9581-4ead-9ea4-2c02d6e15628","storeId":"1","timestamp":"2026-07-25T02:40:34.282Z"}
{"error":"Validation failed","errorAddress":null,"errorCause":null,"errorCode":"invalid_event_batch","errorErrno":null,"errorName":"Error","errorPort":null,"errorRequestId":"2744e752-8ff9-46de-9c99-dcc32319a3b2","errorStack":"Error: Validation failed\n    at postJson (file:///C:/Users/POS/speypos-system/speypos-local/src/services/cloudIngest.service.js:119:25)\n    at process.processTicksAndRejections (node:internal/process/task_queues:95:5)\n    at async uploadOrdersBatch (file:///C:/Users/POS/speypos-system/speypos-local/src/services/cloudIngest.service.js:170:60)\n    at async dispatchCloudMiniBatch (file:///C:/Users/POS/speypos-system/speypos-local/src/services/outbox.dispatchers.js:75:18)\n    at async processBatch (file:///C:/Users/POS/speypos-system/speypos-local/src/services/outbox.worker.js:38:7)\n    at async tick (file:///C:/Users/POS/speypos-system/speypos-local/src/services/outbox.worker.js:73:5)","errorStatus":422,"errorSyscall":null,"errorType":null,"level":"error","message":"Cloud sync failed.","timestamp":"2026-07-25T02:40:34.447Z"}
{"attempts":10,"error":"upload_failed","errorAddress":null,"errorCause":null,"errorCode":null,"errorErrno":null,"errorName":"Error","errorPort":null,"errorRequestId":null,"errorStack":"Error: upload_failed\n    at dispatchCloudMiniBatch (file:///C:/Users/POS/speypos-system/speypos-local/src/services/outbox.dispatchers.js:78:11)\n    at process.processTicksAndRejections (node:internal/process/task_queues:95:5)\n    at async processBatch (file:///C:/Users/POS/speypos-system/speypos-local/src/services/outbox.worker.js:38:7)\n    at async tick (file:///C:/Users/POS/speypos-system/speypos-local/src/services/outbox.worker.js:73:5)","errorStatus":null,"errorSyscall":null,"errorType":null,"eventId":"89d73dcb-d21c-4fe7-9178-363256d85f12","eventType":"cloud.mini_batch","level":"warn","message":"Outbox event dispatch failed","timestamp":"2026-07-25T02:40:34.449Z"}
{"baseUrl":"https://speypos-cloud-api.ryong.net","businessDate":"2026-07-25","level":"info","message":"Cloud sync starting.","orderCount":20,"shiftId":"56ef50c8-9581-4ead-9ea4-2c02d6e15628","storeId":"1","timestamp":"2026-07-25T02:40:36.307Z"}
{"error":"Validation failed","errorAddress":null,"errorCause":null,"errorCode":"invalid_event_batch","errorErrno":null,"errorName":"Error","errorPort":null,"errorRequestId":"c1b91c9a-06c8-4935-b8f6-26285668640b","errorStack":"Error: Validation failed\n    at postJson (file:///C:/Users/POS/speypos-system/speypos-local/src/services/cloudIngest.service.js:119:25)\n    at process.processTicksAndRejections (node:internal/process/task_queues:95:5)\n    at async uploadOrdersBatch (file:///C:/Users/POS/speypos-system/speypos-local/src/services/cloudIngest.service.js:170:60)\n    at async dispatchCloudMiniBatch (file:///C:/Users/POS/speypos-system/speypos-local/src/services/outbox.dispatchers.js:75:18)\n    at async processBatch (file:///C:/Users/POS/speypos-system/speypos-local/src/services/outbox.worker.js:38:7)\n    at async tick (file:///C:/Users/POS/speypos-system/speypos-local/src/services/outbox.worker.js:73:5)","errorStatus":422,"errorSyscall":null,"errorType":null,"level":"error","message":"Cloud sync failed.","timestamp":"2026-07-25T02:40:36.376Z"}
{"attempts":10,"error":"upload_failed","errorAddress":null,"errorCause":null,"errorCode":null,"errorErrno":null,"errorName":"Error","errorPort":null,"errorRequestId":null,"errorStack":"Error: upload_failed\n    at dispatchCloudMiniBatch (file:///C:/Users/POS/speypos-system/speypos-local/src/services/outbox.dispatchers.js:78:11)\n    at process.processTicksAndRejections (node:internal/process/task_queues:95:5)\n    at async processBatch (file:///C:/Users/POS/speypos-system/speypos-local/src/services/outbox.worker.js:38:7)\n    at async tick (file:///C:/Users/POS/speypos-system/speypos-local/src/services/outbox.worker.js:73:5)","errorStatus":null,"errorSyscall":null,"errorType":null,"eventId":"6c93aa1b-ea39-4aae-88b0-96123bd6a79e","eventType":"cloud.mini_batch","level":"warn","message":"Outbox event dispatch failed","timestamp":"2026-07-25T02:40:36.378Z"}
{"baseUrl":"https://speypos-cloud-api.ryong.net","businessDate":"2026-07-25","level":"info","message":"Cloud sync starting.","orderCount":20,"shiftId":"56ef50c8-9581-4ead-9ea4-2c02d6e15628","storeId":"1","timestamp":"2026-07-25T02:40:54.381Z"}
{"error":"Validation failed","errorAddress":null,"errorCause":null,"errorCode":"invalid_event_batch","errorErrno":null,"errorName":"Error","errorPort":null,"errorRequestId":"fb2a89d8-dc02-4b30-862a-d505c171386a","errorStack":"Error: Validation failed\n    at postJson (file:///C:/Users/POS/speypos-system/speypos-local/src/services/cloudIngest.service.js:119:25)\n    at process.processTicksAndRejections (node:internal/process/task_queues:95:5)\n    at async uploadOrdersBatch (file:///C:/Users/POS/speypos-system/speypos-local/src/services/cloudIngest.service.js:170:60)\n    at async dispatchCloudMiniBatch (file:///C:/Users/POS/speypos-system/speypos-local/src/services/outbox.dispatchers.js:75:18)\n    at async processBatch (file:///C:/Users/POS/speypos-system/speypos-local/src/services/outbox.worker.js:38:7)\n    at async tick (file:///C:/Users/POS/speypos-system/speypos-local/src/services/outbox.worker.js:73:5)","errorStatus":422,"errorSyscall":null,"errorType":null,"level":"error","message":"Cloud sync failed.","timestamp":"2026-07-25T02:40:54.545Z"}
{"attempts":10,"error":"upload_failed","errorAddress":null,"errorCause":null,"errorCode":null,"errorErrno":null,"errorName":"Error","errorPort":null,"errorRequestId":null,"errorStack":"Error: upload_failed\n    at dispatchCloudMiniBatch (file:///C:/Users/POS/speypos-system/speypos-local/src/services/outbox.dispatchers.js:78:11)\n    at process.processTicksAndRejections (node:internal/process/task_queues:95:5)\n    at async processBatch (file:///C:/Users/POS/speypos-system/speypos-local/src/services/outbox.worker.js:38:7)\n    at async tick (file:///C:/Users/POS/speypos-system/speypos-local/src/services/outbox.worker.js:73:5)","errorStatus":null,"errorSyscall":null,"errorType":null,"eventId":"ab380478-c502-4406-bae1-dc6a7a3a7276","eventType":"cloud.mini_batch","level":"warn","message":"Outbox event dispatch failed","timestamp":"2026-07-25T02:40:54.547Z"}
{"level":"info","message":"Starting print job for order ID: 82359a6b-9cd8-4606-8cbd-643338646743.","status":"completed","timestamp":"2026-07-25T02:54:34.703Z"}
{"copies":[{"count":1,"variant":"INTERNAL"}],"engine":"canvas","level":"info","message":"Printing 1 variants for order 82359a6b-9cd8-4606-8cbd-643338646743","timestamp":"2026-07-25T02:54:34.704Z"}
{"level":"info","message":"[canvas] Rendering ESC/POS buffer for variant INTERNAL, order 82359a6b-9cd8-4606-8cbd-643338646743.","timestamp":"2026-07-25T02:54:34.705Z"}
{"level":"info","message":"[canvas] Sending copy 1/1 of variant INTERNAL for order 82359a6b-9cd8-4606-8cbd-643338646743.","timestamp":"2026-07-25T02:54:34.725Z"}
{"bufferBytes":23340,"level":"info","message":"ESC/POS transport: preparing to send buffer to printer","printerName":"\\\\localhost\\XP80","timestamp":"2026-07-25T02:54:34.725Z"}
{"bufferBytes":23340,"level":"info","message":"ESC/POS transport: buffer sent successfully","printerName":"\\\\localhost\\XP80","timestamp":"2026-07-25T02:54:35.013Z"}
{"level":"info","message":"Print job for order 82359a6b-9cd8-4606-8cbd-643338646743 completed and marked as printed.","timestamp":"2026-07-25T02:54:35.015Z"}
{"level":"info","message":"Telegram message sent successfully.","timestamp":"2026-07-25T02:54:35.959Z"}
{"level":"info","message":"Successfully sent and marked Telegram notification for order 82359a6b-9cd8-4606-8cbd-643338646743","timestamp":"2026-07-25T02:54:35.961Z"}
{"baseUrl":"https://speypos-cloud-api.ryong.net","businessDate":"2026-07-25","level":"info","message":"Cloud sync starting.","orderCount":20,"shiftId":"56ef50c8-9581-4ead-9ea4-2c02d6e15628","storeId":"1","timestamp":"2026-07-25T02:54:36.010Z"}
{"error":"Validation failed","errorAddress":null,"errorCause":null,"errorCode":"invalid_event_batch","errorErrno":null,"errorName":"Error","errorPort":null,"errorRequestId":"3aa4653b-b684-4307-bcb1-88f480905f42","errorStack":"Error: Validation failed\n    at postJson (file:///C:/Users/POS/speypos-system/speypos-local/src/services/cloudIngest.service.js:119:25)\n    at process.processTicksAndRejections (node:internal/process/task_queues:95:5)\n    at async uploadOrdersBatch (file:///C:/Users/POS/speypos-system/speypos-local/src/services/cloudIngest.service.js:170:60)\n    at async dispatchCloudMiniBatch (file:///C:/Users/POS/speypos-system/speypos-local/src/services/outbox.dispatchers.js:75:18)\n    at async processBatch (file:///C:/Users/POS/speypos-system/speypos-local/src/services/outbox.worker.js:38:7)\n    at async tick (file:///C:/Users/POS/speypos-system/speypos-local/src/services/outbox.worker.js:73:5)","errorStatus":422,"errorSyscall":null,"errorType":null,"level":"error","message":"Cloud sync failed.","timestamp":"2026-07-25T02:54:36.254Z"}
{"attempts":1,"error":"upload_failed","errorAddress":null,"errorCause":null,"errorCode":null,"errorErrno":null,"errorName":"Error","errorPort":null,"errorRequestId":null,"errorStack":"Error: upload_failed\n    at dispatchCloudMiniBatch (file:///C:/Users/POS/speypos-system/speypos-local/src/services/outbox.dispatchers.js:78:11)\n    at process.processTicksAndRejections (node:internal/process/task_queues:95:5)\n    at async processBatch (file:///C:/Users/POS/speypos-system/speypos-local/src/services/outbox.worker.js:38:7)\n    at async tick (file:///C:/Users/POS/speypos-system/speypos-local/src/services/outbox.worker.js:73:5)","errorStatus":null,"errorSyscall":null,"errorType":null,"eventId":"d155c7f7-6ac0-4767-8169-e726e7aa4291","eventType":"cloud.mini_batch","level":"warn","message":"Outbox event dispatch failed","timestamp":"2026-07-25T02:54:36.256Z"}
{"baseUrl":"https://speypos-cloud-api.ryong.net","businessDate":"2026-07-25","level":"info","message":"Cloud sync starting.","orderCount":20,"shiftId":"56ef50c8-9581-4ead-9ea4-2c02d6e15628","storeId":"1","timestamp":"2026-07-25T02:54:37.781Z"}
{"error":"Validation failed","errorAddress":null,"errorCause":null,"errorCode":"invalid_event_batch","errorErrno":null,"errorName":"Error","errorPort":null,"errorRequestId":"7b2dc3e9-074b-4010-80eb-4aec7600c713","errorStack":"Error: Validation failed\n    at postJson (file:///C:/Users/POS/speypos-system/speypos-local/src/services/cloudIngest.service.js:119:25)\n    at process.processTicksAndRejections (node:internal/process/task_queues:95:5)\n    at async uploadOrdersBatch (file:///C:/Users/POS/speypos-system/speypos-local/src/services/cloudIngest.service.js:170:60)\n    at async dispatchCloudMiniBatch (file:///C:/Users/POS/speypos-system/speypos-local/src/services/outbox.dispatchers.js:75:18)\n    at async processBatch (file:///C:/Users/POS/speypos-system/speypos-local/src/services/outbox.worker.js:38:7)\n    at async tick (file:///C:/Users/POS/speypos-system/speypos-local/src/services/outbox.worker.js:73:5)","errorStatus":422,"errorSyscall":null,"errorType":null,"level":"error","message":"Cloud sync failed.","timestamp":"2026-07-25T02:54:37.849Z"}
{"attempts":2,"error":"upload_failed","errorAddress":null,"errorCause":null,"errorCode":null,"errorErrno":null,"errorName":"Error","errorPort":null,"errorRequestId":null,"errorStack":"Error: upload_failed\n    at dispatchCloudMiniBatch (file:///C:/Users/POS/speypos-system/speypos-local/src/services/outbox.dispatchers.js:78:11)\n    at process.processTicksAndRejections (node:internal/process/task_queues:95:5)\n    at async processBatch (file:///C:/Users/POS/speypos-system/speypos-local/src/services/outbox.worker.js:38:7)\n    at async tick (file:///C:/Users/POS/speypos-system/speypos-local/src/services/outbox.worker.js:73:5)","errorStatus":null,"errorSyscall":null,"errorType":null,"eventId":"d155c7f7-6ac0-4767-8169-e726e7aa4291","eventType":"cloud.mini_batch","level":"warn","message":"Outbox event dispatch failed","timestamp":"2026-07-25T02:54:37.851Z"}
{"baseUrl":"https://speypos-cloud-api.ryong.net","businessDate":"2026-07-25","level":"info","message":"Cloud sync starting.","orderCount":20,"shiftId":"56ef50c8-9581-4ead-9ea4-2c02d6e15628","storeId":"1","timestamp":"2026-07-25T02:54:40.785Z"}
{"error":"Validation failed","errorAddress":null,"errorCause":null,"errorCode":"invalid_event_batch","errorErrno":null,"errorName":"Error","errorPort":null,"errorRequestId":"04857c15-324e-40b3-8eb7-d460425de4cb","errorStack":"Error: Validation failed\n    at postJson (file:///C:/Users/POS/speypos-system/speypos-local/src/services/cloudIngest.service.js:119:25)\n    at process.processTicksAndRejections (node:internal/process/task_queues:95:5)\n    at async uploadOrdersBatch (file:///C:/Users/POS/speypos-system/speypos-local/src/services/cloudIngest.service.js:170:60)\n    at async dispatchCloudMiniBatch (file:///C:/Users/POS/speypos-system/speypos-local/src/services/outbox.dispatchers.js:75:18)\n    at async processBatch (file:///C:/Users/POS/speypos-system/speypos-local/src/services/outbox.worker.js:38:7)\n    at async tick (file:///C:/Users/POS/speypos-system/speypos-local/src/services/outbox.worker.js:73:5)","errorStatus":422,"errorSyscall":null,"errorType":null,"level":"error","message":"Cloud sync failed.","timestamp":"2026-07-25T02:54:40.851Z"}
{"attempts":3,"error":"upload_failed","errorAddress":null,"errorCause":null,"errorCode":null,"errorErrno":null,"errorName":"Error","errorPort":null,"errorRequestId":null,"errorStack":"Error: upload_failed\n    at dispatchCloudMiniBatch (file:///C:/Users/POS/speypos-system/speypos-local/src/services/outbox.dispatchers.js:78:11)\n    at process.processTicksAndRejections (node:internal/process/task_queues:95:5)\n    at async processBatch (file:///C:/Users/POS/speypos-system/speypos-local/src/services/outbox.worker.js:38:7)\n    at async tick (file:///C:/Users/POS/speypos-system/speypos-local/src/services/outbox.worker.js:73:5)","errorStatus":null,"errorSyscall":null,"errorType":null,"eventId":"d155c7f7-6ac0-4767-8169-e726e7aa4291","eventType":"cloud.mini_batch","level":"warn","message":"Outbox event dispatch failed","timestamp":"2026-07-25T02:54:40.853Z"}
{"baseUrl":"https://speypos-cloud-api.ryong.net","businessDate":"2026-07-25","level":"info","message":"Cloud sync starting.","orderCount":20,"shiftId":"56ef50c8-9581-4ead-9ea4-2c02d6e15628","storeId":"1","timestamp":"2026-07-25T02:54:45.818Z"}
{"error":"Validation failed","errorAddress":null,"errorCause":null,"errorCode":"invalid_event_batch","errorErrno":null,"errorName":"Error","errorPort":null,"errorRequestId":"3322ab91-85a8-4c17-9c37-2882bc78b7b5","errorStack":"Error: Validation failed\n    at postJson (file:///C:/Users/POS/speypos-system/speypos-local/src/services/cloudIngest.service.js:119:25)\n    at process.processTicksAndRejections (node:internal/process/task_queues:95:5)\n    at async uploadOrdersBatch (file:///C:/Users/POS/speypos-system/speypos-local/src/services/cloudIngest.service.js:170:60)\n    at async dispatchCloudMiniBatch (file:///C:/Users/POS/speypos-system/speypos-local/src/services/outbox.dispatchers.js:75:18)\n    at async processBatch (file:///C:/Users/POS/speypos-system/speypos-local/src/services/outbox.worker.js:38:7)\n    at async tick (file:///C:/Users/POS/speypos-system/speypos-local/src/services/outbox.worker.js:73:5)","errorStatus":422,"errorSyscall":null,"errorType":null,"level":"error","message":"Cloud sync failed.","timestamp":"2026-07-25T02:54:45.982Z"}
{"attempts":4,"error":"upload_failed","errorAddress":null,"errorCause":null,"errorCode":null,"errorErrno":null,"errorName":"Error","errorPort":null,"errorRequestId":null,"errorStack":"Error: upload_failed\n    at dispatchCloudMiniBatch (file:///C:/Users/POS/speypos-system/speypos-local/src/services/outbox.dispatchers.js:78:11)\n    at process.processTicksAndRejections (node:internal/process/task_queues:95:5)\n    at async processBatch (file:///C:/Users/POS/speypos-system/speypos-local/src/services/outbox.worker.js:38:7)\n    at async tick (file:///C:/Users/POS/speypos-system/speypos-local/src/services/outbox.worker.js:73:5)","errorStatus":null,"errorSyscall":null,"errorType":null,"eventId":"d155c7f7-6ac0-4767-8169-e726e7aa4291","eventType":"cloud.mini_batch","level":"warn","message":"Outbox event dispatch failed","timestamp":"2026-07-25T02:54:45.984Z"}
{"baseUrl":"https://speypos-cloud-api.ryong.net","businessDate":"2026-07-25","level":"info","message":"Cloud sync starting.","orderCount":20,"shiftId":"56ef50c8-9581-4ead-9ea4-2c02d6e15628","storeId":"1","timestamp":"2026-07-25T02:54:54.853Z"}
{"error":"Validation failed","errorAddress":null,"errorCause":null,"errorCode":"invalid_event_batch","errorErrno":null,"errorName":"Error","errorPort":null,"errorRequestId":"83002ef7-5a56-45ab-9c0c-d976291205cf","errorStack":"Error: Validation failed\n    at postJson (file:///C:/Users/POS/speypos-system/speypos-local/src/services/cloudIngest.service.js:119:25)\n    at process.processTicksAndRejections (node:internal/process/task_queues:95:5)\n    at async uploadOrdersBatch (file:///C:/Users/POS/speypos-system/speypos-local/src/services/cloudIngest.service.js:170:60)\n    at async dispatchCloudMiniBatch (file:///C:/Users/POS/speypos-system/speypos-local/src/services/outbox.dispatchers.js:75:18)\n    at async processBatch (file:///C:/Users/POS/speypos-system/speypos-local/src/services/outbox.worker.js:38:7)\n    at async tick (file:///C:/Users/POS/speypos-system/speypos-local/src/services/outbox.worker.js:73:5)","errorStatus":422,"errorSyscall":null,"errorType":null,"level":"error","message":"Cloud sync failed.","timestamp":"2026-07-25T02:54:55.006Z"}
{"attempts":5,"error":"upload_failed","errorAddress":null,"errorCause":null,"errorCode":null,"errorErrno":null,"errorName":"Error","errorPort":null,"errorRequestId":null,"errorStack":"Error: upload_failed\n    at dispatchCloudMiniBatch (file:///C:/Users/POS/speypos-system/speypos-local/src/services/outbox.dispatchers.js:78:11)\n    at process.processTicksAndRejections (node:internal/process/task_queues:95:5)\n    at async processBatch (file:///C:/Users/POS/speypos-system/speypos-local/src/services/outbox.worker.js:38:7)\n    at async tick (file:///C:/Users/POS/speypos-system/speypos-local/src/services/outbox.worker.js:73:5)","errorStatus":null,"errorSyscall":null,"errorType":null,"eventId":"d155c7f7-6ac0-4767-8169-e726e7aa4291","eventType":"cloud.mini_batch","level":"warn","message":"Outbox event dispatch failed","timestamp":"2026-07-25T02:54:55.008Z"}
{"baseUrl":"https://speypos-cloud-api.ryong.net","businessDate":"2026-07-25","level":"info","message":"Cloud sync starting.","orderCount":20,"shiftId":"56ef50c8-9581-4ead-9ea4-2c02d6e15628","storeId":"1","timestamp":"2026-07-25T02:55:11.920Z"}
{"error":"Validation failed","errorAddress":null,"errorCause":null,"errorCode":"invalid_event_batch","errorErrno":null,"errorName":"Error","errorPort":null,"errorRequestId":"fbe5c295-2df8-4076-ae0b-7f232940bd6c","errorStack":"Error: Validation failed\n    at postJson (file:///C:/Users/POS/speypos-system/speypos-local/src/services/cloudIngest.service.js:119:25)\n    at process.processTicksAndRejections (node:internal/process/task_queues:95:5)\n    at async uploadOrdersBatch (file:///C:/Users/POS/speypos-system/speypos-local/src/services/cloudIngest.service.js:170:60)\n    at async dispatchCloudMiniBatch (file:///C:/Users/POS/speypos-system/speypos-local/src/services/outbox.dispatchers.js:75:18)\n    at async processBatch (file:///C:/Users/POS/speypos-system/speypos-local/src/services/outbox.worker.js:38:7)\n    at async tick (file:///C:/Users/POS/speypos-system/speypos-local/src/services/outbox.worker.js:73:5)","errorStatus":422,"errorSyscall":null,"errorType":null,"level":"error","message":"Cloud sync failed.","timestamp":"2026-07-25T02:55:12.081Z"}
{"attempts":6,"error":"upload_failed","errorAddress":null,"errorCause":null,"errorCode":null,"errorErrno":null,"errorName":"Error","errorPort":null,"errorRequestId":null,"errorStack":"Error: upload_failed\n    at dispatchCloudMiniBatch (file:///C:/Users/POS/speypos-system/speypos-local/src/services/outbox.dispatchers.js:78:11)\n    at process.processTicksAndRejections (node:internal/process/task_queues:95:5)\n    at async processBatch (file:///C:/Users/POS/speypos-system/speypos-local/src/services/outbox.worker.js:38:7)\n    at async tick (file:///C:/Users/POS/speypos-system/speypos-local/src/services/outbox.worker.js:73:5)","errorStatus":null,"errorSyscall":null,"errorType":null,"eventId":"d155c7f7-6ac0-4767-8169-e726e7aa4291","eventType":"cloud.mini_batch","level":"warn","message":"Outbox event dispatch failed","timestamp":"2026-07-25T02:55:12.083Z"}
{"baseUrl":"https://speypos-cloud-api.ryong.net","businessDate":"2026-07-25","level":"info","message":"Cloud sync starting.","orderCount":20,"shiftId":"56ef50c8-9581-4ead-9ea4-2c02d6e15628","storeId":"1","timestamp":"2026-07-25T02:55:45.079Z"}
{"error":"Validation failed","errorAddress":null,"errorCause":null,"errorCode":"invalid_event_batch","errorErrno":null,"errorName":"Error","errorPort":null,"errorRequestId":"d3e196af-5473-4322-9833-f441ea652f93","errorStack":"Error: Validation failed\n    at postJson (file:///C:/Users/POS/speypos-system/speypos-local/src/services/cloudIngest.service.js:119:25)\n    at process.processTicksAndRejections (node:internal/process/task_queues:95:5)\n    at async uploadOrdersBatch (file:///C:/Users/POS/speypos-system/speypos-local/src/services/cloudIngest.service.js:170:60)\n    at async dispatchCloudMiniBatch (file:///C:/Users/POS/speypos-system/speypos-local/src/services/outbox.dispatchers.js:75:18)\n    at async processBatch (file:///C:/Users/POS/speypos-system/speypos-local/src/services/outbox.worker.js:38:7)\n    at async tick (file:///C:/Users/POS/speypos-system/speypos-local/src/services/outbox.worker.js:73:5)","errorStatus":422,"errorSyscall":null,"errorType":null,"level":"error","message":"Cloud sync failed.","timestamp":"2026-07-25T02:55:45.234Z"}
{"attempts":7,"error":"upload_failed","errorAddress":null,"errorCause":null,"errorCode":null,"errorErrno":null,"errorName":"Error","errorPort":null,"errorRequestId":null,"errorStack":"Error: upload_failed\n    at dispatchCloudMiniBatch (file:///C:/Users/POS/speypos-system/speypos-local/src/services/outbox.dispatchers.js:78:11)\n    at process.processTicksAndRejections (node:internal/process/task_queues:95:5)\n    at async processBatch (file:///C:/Users/POS/speypos-system/speypos-local/src/services/outbox.worker.js:38:7)\n    at async tick (file:///C:/Users/POS/speypos-system/speypos-local/src/services/outbox.worker.js:73:5)","errorStatus":null,"errorSyscall":null,"errorType":null,"eventId":"d155c7f7-6ac0-4767-8169-e726e7aa4291","eventType":"cloud.mini_batch","level":"warn","message":"Outbox event dispatch failed","timestamp":"2026-07-25T02:55:45.236Z"}
{"level":"info","message":"Starting print job for order ID: 08547a5e-f124-432e-b79f-d0fa4fc489f1.","status":"completed","timestamp":"2026-07-25T02:56:33.212Z"}
{"copies":[{"count":1,"variant":"INTERNAL"}],"engine":"canvas","level":"info","message":"Printing 1 variants for order 08547a5e-f124-432e-b79f-d0fa4fc489f1","timestamp":"2026-07-25T02:56:33.214Z"}
{"level":"info","message":"[canvas] Rendering ESC/POS buffer for variant INTERNAL, order 08547a5e-f124-432e-b79f-d0fa4fc489f1.","timestamp":"2026-07-25T02:56:33.214Z"}
{"level":"info","message":"[canvas] Sending copy 1/1 of variant INTERNAL for order 08547a5e-f124-432e-b79f-d0fa4fc489f1.","timestamp":"2026-07-25T02:56:33.230Z"}
{"bufferBytes":23340,"level":"info","message":"ESC/POS transport: preparing to send buffer to printer","printerName":"\\\\localhost\\XP80","timestamp":"2026-07-25T02:56:33.231Z"}
{"bufferBytes":23340,"level":"info","message":"ESC/POS transport: buffer sent successfully","printerName":"\\\\localhost\\XP80","timestamp":"2026-07-25T02:56:33.526Z"}
{"level":"info","message":"Print job for order 08547a5e-f124-432e-b79f-d0fa4fc489f1 completed and marked as printed.","timestamp":"2026-07-25T02:56:33.527Z"}
{"level":"info","message":"Telegram message sent successfully.","timestamp":"2026-07-25T02:56:34.739Z"}
{"level":"info","message":"Successfully sent and marked Telegram notification for order 08547a5e-f124-432e-b79f-d0fa4fc489f1","timestamp":"2026-07-25T02:56:34.740Z"}
{"baseUrl":"https://speypos-cloud-api.ryong.net","businessDate":"2026-07-25","level":"info","message":"Cloud sync starting.","orderCount":20,"shiftId":"56ef50c8-9581-4ead-9ea4-2c02d6e15628","storeId":"1","timestamp":"2026-07-25T02:56:34.788Z"}
{"error":"Validation failed","errorAddress":null,"errorCause":null,"errorCode":"invalid_event_batch","errorErrno":null,"errorName":"Error","errorPort":null,"errorRequestId":"74066d4f-33ec-479c-91d1-96652ede6d1a","errorStack":"Error: Validation failed\n    at postJson (file:///C:/Users/POS/speypos-system/speypos-local/src/services/cloudIngest.service.js:119:25)\n    at process.processTicksAndRejections (node:internal/process/task_queues:95:5)\n    at async uploadOrdersBatch (file:///C:/Users/POS/speypos-system/speypos-local/src/services/cloudIngest.service.js:170:60)\n    at async dispatchCloudMiniBatch (file:///C:/Users/POS/speypos-system/speypos-local/src/services/outbox.dispatchers.js:75:18)\n    at async processBatch (file:///C:/Users/POS/speypos-system/speypos-local/src/services/outbox.worker.js:38:7)\n    at async tick (file:///C:/Users/POS/speypos-system/speypos-local/src/services/outbox.worker.js:73:5)","errorStatus":422,"errorSyscall":null,"errorType":null,"level":"error","message":"Cloud sync failed.","timestamp":"2026-07-25T02:56:34.965Z"}
{"attempts":1,"error":"upload_failed","errorAddress":null,"errorCause":null,"errorCode":null,"errorErrno":null,"errorName":"Error","errorPort":null,"errorRequestId":null,"errorStack":"Error: upload_failed\n    at dispatchCloudMiniBatch (file:///C:/Users/POS/speypos-system/speypos-local/src/services/outbox.dispatchers.js:78:11)\n    at process.processTicksAndRejections (node:internal/process/task_queues:95:5)\n    at async processBatch (file:///C:/Users/POS/speypos-system/speypos-local/src/services/outbox.worker.js:38:7)\n    at async tick (file:///C:/Users/POS/speypos-system/speypos-local/src/services/outbox.worker.js:73:5)","errorStatus":null,"errorSyscall":null,"errorType":null,"eventId":"dbf4b010-0c4d-42ca-89cb-503f3c617204","eventType":"cloud.mini_batch","level":"warn","message":"Outbox event dispatch failed","timestamp":"2026-07-25T02:56:34.968Z"}
{"baseUrl":"https://speypos-cloud-api.ryong.net","businessDate":"2026-07-25","level":"info","message":"Cloud sync starting.","orderCount":20,"shiftId":"56ef50c8-9581-4ead-9ea4-2c02d6e15628","storeId":"1","timestamp":"2026-07-25T02:56:36.302Z"}
{"error":"Validation failed","errorAddress":null,"errorCause":null,"errorCode":"invalid_event_batch","errorErrno":null,"errorName":"Error","errorPort":null,"errorRequestId":"71013a29-b092-4281-b977-127b21aaef5b","errorStack":"Error: Validation failed\n    at postJson (file:///C:/Users/POS/speypos-system/speypos-local/src/services/cloudIngest.service.js:119:25)\n    at process.processTicksAndRejections (node:internal/process/task_queues:95:5)\n    at async uploadOrdersBatch (file:///C:/Users/POS/speypos-system/speypos-local/src/services/cloudIngest.service.js:170:60)\n    at async dispatchCloudMiniBatch (file:///C:/Users/POS/speypos-system/speypos-local/src/services/outbox.dispatchers.js:75:18)\n    at async processBatch (file:///C:/Users/POS/speypos-system/speypos-local/src/services/outbox.worker.js:38:7)\n    at async tick (file:///C:/Users/POS/speypos-system/speypos-local/src/services/outbox.worker.js:73:5)","errorStatus":422,"errorSyscall":null,"errorType":null,"level":"error","message":"Cloud sync failed.","timestamp":"2026-07-25T02:56:36.363Z"}
{"attempts":2,"error":"upload_failed","errorAddress":null,"errorCause":null,"errorCode":null,"errorErrno":null,"errorName":"Error","errorPort":null,"errorRequestId":null,"errorStack":"Error: upload_failed\n    at dispatchCloudMiniBatch (file:///C:/Users/POS/speypos-system/speypos-local/src/services/outbox.dispatchers.js:78:11)\n    at process.processTicksAndRejections (node:internal/process/task_queues:95:5)\n    at async processBatch (file:///C:/Users/POS/speypos-system/speypos-local/src/services/outbox.worker.js:38:7)\n    at async tick (file:///C:/Users/POS/speypos-system/speypos-local/src/services/outbox.worker.js:73:5)","errorStatus":null,"errorSyscall":null,"errorType":null,"eventId":"dbf4b010-0c4d-42ca-89cb-503f3c617204","eventType":"cloud.mini_batch","level":"warn","message":"Outbox event dispatch failed","timestamp":"2026-07-25T02:56:36.364Z"}
{"baseUrl":"https://speypos-cloud-api.ryong.net","businessDate":"2026-07-25","level":"info","message":"Cloud sync starting.","orderCount":20,"shiftId":"56ef50c8-9581-4ead-9ea4-2c02d6e15628","storeId":"1","timestamp":"2026-07-25T02:56:39.323Z"}
{"error":"Validation failed","errorAddress":null,"errorCause":null,"errorCode":"invalid_event_batch","errorErrno":null,"errorName":"Error","errorPort":null,"errorRequestId":"033d53c9-8587-45d8-bd3b-a2a7e65beb73","errorStack":"Error: Validation failed\n    at postJson (file:///C:/Users/POS/speypos-system/speypos-local/src/services/cloudIngest.service.js:119:25)\n    at process.processTicksAndRejections (node:internal/process/task_queues:95:5)\n    at async uploadOrdersBatch (file:///C:/Users/POS/speypos-system/speypos-local/src/services/cloudIngest.service.js:170:60)\n    at async dispatchCloudMiniBatch (file:///C:/Users/POS/speypos-system/speypos-local/src/services/outbox.dispatchers.js:75:18)\n    at async processBatch (file:///C:/Users/POS/speypos-system/speypos-local/src/services/outbox.worker.js:38:7)\n    at async tick (file:///C:/Users/POS/speypos-system/speypos-local/src/services/outbox.worker.js:73:5)","errorStatus":422,"errorSyscall":null,"errorType":null,"level":"error","message":"Cloud sync failed.","timestamp":"2026-07-25T02:56:39.379Z"}
{"attempts":3,"error":"upload_failed","errorAddress":null,"errorCause":null,"errorCode":null,"errorErrno":null,"errorName":"Error","errorPort":null,"errorRequestId":null,"errorStack":"Error: upload_failed\n    at dispatchCloudMiniBatch (file:///C:/Users/POS/speypos-system/speypos-local/src/services/outbox.dispatchers.js:78:11)\n    at process.processTicksAndRejections (node:internal/process/task_queues:95:5)\n    at async processBatch (file:///C:/Users/POS/speypos-system/speypos-local/src/services/outbox.worker.js:38:7)\n    at async tick (file:///C:/Users/POS/speypos-system/speypos-local/src/services/outbox.worker.js:73:5)","errorStatus":null,"errorSyscall":null,"errorType":null,"eventId":"dbf4b010-0c4d-42ca-89cb-503f3c617204","eventType":"cloud.mini_batch","level":"warn","message":"Outbox event dispatch failed","timestamp":"2026-07-25T02:56:39.379Z"}
{"baseUrl":"https://speypos-cloud-api.ryong.net","businessDate":"2026-07-25","level":"info","message":"Cloud sync starting.","orderCount":20,"shiftId":"56ef50c8-9581-4ead-9ea4-2c02d6e15628","storeId":"1","timestamp":"2026-07-25T02:56:44.324Z"}
{"error":"Validation failed","errorAddress":null,"errorCause":null,"errorCode":"invalid_event_batch","errorErrno":null,"errorName":"Error","errorPort":null,"errorRequestId":"82d9ad64-7462-47ee-8e39-6daa5d514086","errorStack":"Error: Validation failed\n    at postJson (file:///C:/Users/POS/speypos-system/speypos-local/src/services/cloudIngest.service.js:119:25)\n    at process.processTicksAndRejections (node:internal/process/task_queues:95:5)\n    at async uploadOrdersBatch (file:///C:/Users/POS/speypos-system/speypos-local/src/services/cloudIngest.service.js:170:60)\n    at async dispatchCloudMiniBatch (file:///C:/Users/POS/speypos-system/speypos-local/src/services/outbox.dispatchers.js:75:18)\n    at async processBatch (file:///C:/Users/POS/speypos-system/speypos-local/src/services/outbox.worker.js:38:7)\n    at async tick (file:///C:/Users/POS/speypos-system/speypos-local/src/services/outbox.worker.js:73:5)","errorStatus":422,"errorSyscall":null,"errorType":null,"level":"error","message":"Cloud sync failed.","timestamp":"2026-07-25T02:56:44.386Z"}
{"attempts":4,"error":"upload_failed","errorAddress":null,"errorCause":null,"errorCode":null,"errorErrno":null,"errorName":"Error","errorPort":null,"errorRequestId":null,"errorStack":"Error: upload_failed\n    at dispatchCloudMiniBatch (file:///C:/Users/POS/speypos-system/speypos-local/src/services/outbox.dispatchers.js:78:11)\n    at process.processTicksAndRejections (node:internal/process/task_queues:95:5)\n    at async processBatch (file:///C:/Users/POS/speypos-system/speypos-local/src/services/outbox.worker.js:38:7)\n    at async tick (file:///C:/Users/POS/speypos-system/speypos-local/src/services/outbox.worker.js:73:5)","errorStatus":null,"errorSyscall":null,"errorType":null,"eventId":"dbf4b010-0c4d-42ca-89cb-503f3c617204","eventType":"cloud.mini_batch","level":"warn","message":"Outbox event dispatch failed","timestamp":"2026-07-25T02:56:44.388Z"}
{"baseUrl":"https://speypos-cloud-api.ryong.net","businessDate":"2026-07-25","level":"info","message":"Cloud sync starting.","orderCount":20,"shiftId":"56ef50c8-9581-4ead-9ea4-2c02d6e15628","storeId":"1","timestamp":"2026-07-25T02:56:50.343Z"}
{"error":"Validation failed","errorAddress":null,"errorCause":null,"errorCode":"invalid_event_batch","errorErrno":null,"errorName":"Error","errorPort":null,"errorRequestId":"0954f332-e2a4-4ff6-bf6d-c35415c337e2","errorStack":"Error: Validation failed\n    at postJson (file:///C:/Users/POS/speypos-system/speypos-local/src/services/cloudIngest.service.js:119:25)\n    at process.processTicksAndRejections (node:internal/process/task_queues:95:5)\n    at async uploadOrdersBatch (file:///C:/Users/POS/speypos-system/speypos-local/src/services/cloudIngest.service.js:170:60)\n    at async dispatchCloudMiniBatch (file:///C:/Users/POS/speypos-system/speypos-local/src/services/outbox.dispatchers.js:75:18)\n    at async processBatch (file:///C:/Users/POS/speypos-system/speypos-local/src/services/outbox.worker.js:38:7)\n    at async tick (file:///C:/Users/POS/speypos-system/speypos-local/src/services/outbox.worker.js:73:5)","errorStatus":422,"errorSyscall":null,"errorType":null,"level":"error","message":"Cloud sync failed.","timestamp":"2026-07-25T02:56:50.508Z"}
{"attempts":8,"error":"upload_failed","errorAddress":null,"errorCause":null,"errorCode":null,"errorErrno":null,"errorName":"Error","errorPort":null,"errorRequestId":null,"errorStack":"Error: upload_failed\n    at dispatchCloudMiniBatch (file:///C:/Users/POS/speypos-system/speypos-local/src/services/outbox.dispatchers.js:78:11)\n    at process.processTicksAndRejections (node:internal/process/task_queues:95:5)\n    at async processBatch (file:///C:/Users/POS/speypos-system/speypos-local/src/services/outbox.worker.js:38:7)\n    at async tick (file:///C:/Users/POS/speypos-system/speypos-local/src/services/outbox.worker.js:73:5)","errorStatus":null,"errorSyscall":null,"errorType":null,"eventId":"d155c7f7-6ac0-4767-8169-e726e7aa4291","eventType":"cloud.mini_batch","level":"warn","message":"Outbox event dispatch failed","timestamp":"2026-07-25T02:56:50.510Z"}
{"baseUrl":"https://speypos-cloud-api.ryong.net","businessDate":"2026-07-25","level":"info","message":"Cloud sync starting.","orderCount":20,"shiftId":"56ef50c8-9581-4ead-9ea4-2c02d6e15628","storeId":"1","timestamp":"2026-07-25T02:56:53.352Z"}
{"error":"Validation failed","errorAddress":null,"errorCause":null,"errorCode":"invalid_event_batch","errorErrno":null,"errorName":"Error","errorPort":null,"errorRequestId":"fbd05f77-777c-4ae6-8028-d2d6cfb1fe37","errorStack":"Error: Validation failed\n    at postJson (file:///C:/Users/POS/speypos-system/speypos-local/src/services/cloudIngest.service.js:119:25)\n    at process.processTicksAndRejections (node:internal/process/task_queues:95:5)\n    at async uploadOrdersBatch (file:///C:/Users/POS/speypos-system/speypos-local/src/services/cloudIngest.service.js:170:60)\n    at async dispatchCloudMiniBatch (file:///C:/Users/POS/speypos-system/speypos-local/src/services/outbox.dispatchers.js:75:18)\n    at async processBatch (file:///C:/Users/POS/speypos-system/speypos-local/src/services/outbox.worker.js:38:7)\n    at async tick (file:///C:/Users/POS/speypos-system/speypos-local/src/services/outbox.worker.js:73:5)","errorStatus":422,"errorSyscall":null,"errorType":null,"level":"error","message":"Cloud sync failed.","timestamp":"2026-07-25T02:56:53.411Z"}
{"attempts":5,"error":"upload_failed","errorAddress":null,"errorCause":null,"errorCode":null,"errorErrno":null,"errorName":"Error","errorPort":null,"errorRequestId":null,"errorStack":"Error: upload_failed\n    at dispatchCloudMiniBatch (file:///C:/Users/POS/speypos-system/speypos-local/src/services/outbox.dispatchers.js:78:11)\n    at process.processTicksAndRejections (node:internal/process/task_queues:95:5)\n    at async processBatch (file:///C:/Users/POS/speypos-system/speypos-local/src/services/outbox.worker.js:38:7)\n    at async tick (file:///C:/Users/POS/speypos-system/speypos-local/src/services/outbox.worker.js:73:5)","errorStatus":null,"errorSyscall":null,"errorType":null,"eventId":"dbf4b010-0c4d-42ca-89cb-503f3c617204","eventType":"cloud.mini_batch","level":"warn","message":"Outbox event dispatch failed","timestamp":"2026-07-25T02:56:53.413Z"}
{"baseUrl":"https://speypos-cloud-api.ryong.net","businessDate":"2026-07-25","level":"info","message":"Cloud sync starting.","orderCount":20,"shiftId":"56ef50c8-9581-4ead-9ea4-2c02d6e15628","storeId":"1","timestamp":"2026-07-25T02:57:10.419Z"}
{"error":"Validation failed","errorAddress":null,"errorCause":null,"errorCode":"invalid_event_batch","errorErrno":null,"errorName":"Error","errorPort":null,"errorRequestId":"c1766099-a0b8-48b4-a13e-08e935494e61","errorStack":"Error: Validation failed\n    at postJson (file:///C:/Users/POS/speypos-system/speypos-local/src/services/cloudIngest.service.js:119:25)\n    at process.processTicksAndRejections (node:internal/process/task_queues:95:5)\n    at async uploadOrdersBatch (file:///C:/Users/POS/speypos-system/speypos-local/src/services/cloudIngest.service.js:170:60)\n    at async dispatchCloudMiniBatch (file:///C:/Users/POS/speypos-system/speypos-local/src/services/outbox.dispatchers.js:75:18)\n    at async processBatch (file:///C:/Users/POS/speypos-system/speypos-local/src/services/outbox.worker.js:38:7)\n    at async tick (file:///C:/Users/POS/speypos-system/speypos-local/src/services/outbox.worker.js:73:5)","errorStatus":422,"errorSyscall":null,"errorType":null,"level":"error","message":"Cloud sync failed.","timestamp":"2026-07-25T02:57:10.585Z"}
{"attempts":6,"error":"upload_failed","errorAddress":null,"errorCause":null,"errorCode":null,"errorErrno":null,"errorName":"Error","errorPort":null,"errorRequestId":null,"errorStack":"Error: upload_failed\n    at dispatchCloudMiniBatch (file:///C:/Users/POS/speypos-system/speypos-local/src/services/outbox.dispatchers.js:78:11)\n    at process.processTicksAndRejections (node:internal/process/task_queues:95:5)\n    at async processBatch (file:///C:/Users/POS/speypos-system/speypos-local/src/services/outbox.worker.js:38:7)\n    at async tick (file:///C:/Users/POS/speypos-system/speypos-local/src/services/outbox.worker.js:73:5)","errorStatus":null,"errorSyscall":null,"errorType":null,"eventId":"dbf4b010-0c4d-42ca-89cb-503f3c617204","eventType":"cloud.mini_batch","level":"warn","message":"Outbox event dispatch failed","timestamp":"2026-07-25T02:57:10.587Z"}
{"baseUrl":"https://speypos-cloud-api.ryong.net","businessDate":"2026-07-25","level":"info","message":"Cloud sync starting.","orderCount":20,"shiftId":"56ef50c8-9581-4ead-9ea4-2c02d6e15628","storeId":"1","timestamp":"2026-07-25T02:57:43.569Z"}
{"error":"Validation failed","errorAddress":null,"errorCause":null,"errorCode":"invalid_event_batch","errorErrno":null,"errorName":"Error","errorPort":null,"errorRequestId":"6f688cbd-1338-45b7-a43a-bffd949c3cbf","errorStack":"Error: Validation failed\n    at postJson (file:///C:/Users/POS/speypos-system/speypos-local/src/services/cloudIngest.service.js:119:25)\n    at process.processTicksAndRejections (node:internal/process/task_queues:95:5)\n    at async uploadOrdersBatch (file:///C:/Users/POS/speypos-system/speypos-local/src/services/cloudIngest.service.js:170:60)\n    at async dispatchCloudMiniBatch (file:///C:/Users/POS/speypos-system/speypos-local/src/services/outbox.dispatchers.js:75:18)\n    at async processBatch (file:///C:/Users/POS/speypos-system/speypos-local/src/services/outbox.worker.js:38:7)\n    at async tick (file:///C:/Users/POS/speypos-system/speypos-local/src/services/outbox.worker.js:73:5)","errorStatus":422,"errorSyscall":null,"errorType":null,"level":"error","message":"Cloud sync failed.","timestamp":"2026-07-25T02:57:43.727Z"}
{"attempts":7,"error":"upload_failed","errorAddress":null,"errorCause":null,"errorCode":null,"errorErrno":null,"errorName":"Error","errorPort":null,"errorRequestId":null,"errorStack":"Error: upload_failed\n    at dispatchCloudMiniBatch (file:///C:/Users/POS/speypos-system/speypos-local/src/services/outbox.dispatchers.js:78:11)\n    at process.processTicksAndRejections (node:internal/process/task_queues:95:5)\n    at async processBatch (file:///C:/Users/POS/speypos-system/speypos-local/src/services/outbox.worker.js:38:7)\n    at async tick (file:///C:/Users/POS/speypos-system/speypos-local/src/services/outbox.worker.js:73:5)","errorStatus":null,"errorSyscall":null,"errorType":null,"eventId":"dbf4b010-0c4d-42ca-89cb-503f3c617204","eventType":"cloud.mini_batch","level":"warn","message":"Outbox event dispatch failed","timestamp":"2026-07-25T02:57:43.732Z"}
{"baseUrl":"https://speypos-cloud-api.ryong.net","businessDate":"2026-07-25","level":"info","message":"Cloud sync starting.","orderCount":20,"shiftId":"56ef50c8-9581-4ead-9ea4-2c02d6e15628","storeId":"1","timestamp":"2026-07-25T02:57:55.580Z"}
{"error":"Validation failed","errorAddress":null,"errorCause":null,"errorCode":"invalid_event_batch","errorErrno":null,"errorName":"Error","errorPort":null,"errorRequestId":"fdc40f6c-4c24-4eef-b898-9405de079066","errorStack":"Error: Validation failed\n    at postJson (file:///C:/Users/POS/speypos-system/speypos-local/src/services/cloudIngest.service.js:119:25)\n    at process.processTicksAndRejections (node:internal/process/task_queues:95:5)\n    at async uploadOrdersBatch (file:///C:/Users/POS/speypos-system/speypos-local/src/services/cloudIngest.service.js:170:60)\n    at async dispatchCloudMiniBatch (file:///C:/Users/POS/speypos-system/speypos-local/src/services/outbox.dispatchers.js:75:18)\n    at async processBatch (file:///C:/Users/POS/speypos-system/speypos-local/src/services/outbox.worker.js:38:7)\n    at async tick (file:///C:/Users/POS/speypos-system/speypos-local/src/services/outbox.worker.js:73:5)","errorStatus":422,"errorSyscall":null,"errorType":null,"level":"error","message":"Cloud sync failed.","timestamp":"2026-07-25T02:57:55.737Z"}
{"attempts":9,"error":"upload_failed","errorAddress":null,"errorCause":null,"errorCode":null,"errorErrno":null,"errorName":"Error","errorPort":null,"errorRequestId":null,"errorStack":"Error: upload_failed\n    at dispatchCloudMiniBatch (file:///C:/Users/POS/speypos-system/speypos-local/src/services/outbox.dispatchers.js:78:11)\n    at process.processTicksAndRejections (node:internal/process/task_queues:95:5)\n    at async processBatch (file:///C:/Users/POS/speypos-system/speypos-local/src/services/outbox.worker.js:38:7)\n    at async tick (file:///C:/Users/POS/speypos-system/speypos-local/src/services/outbox.worker.js:73:5)","errorStatus":null,"errorSyscall":null,"errorType":null,"eventId":"d155c7f7-6ac0-4767-8169-e726e7aa4291","eventType":"cloud.mini_batch","level":"warn","message":"Outbox event dispatch failed","timestamp":"2026-07-25T02:57:55.739Z"}
{"baseUrl":"https://speypos-cloud-api.ryong.net","businessDate":"2026-07-25","level":"info","message":"Cloud sync starting.","orderCount":20,"shiftId":"56ef50c8-9581-4ead-9ea4-2c02d6e15628","storeId":"1","timestamp":"2026-07-25T02:58:48.820Z"}
{"error":"Validation failed","errorAddress":null,"errorCause":null,"errorCode":"invalid_event_batch","errorErrno":null,"errorName":"Error","errorPort":null,"errorRequestId":"21be2726-66d4-453b-a429-c8ec20163f54","errorStack":"Error: Validation failed\n    at postJson (file:///C:/Users/POS/speypos-system/speypos-local/src/services/cloudIngest.service.js:119:25)\n    at process.processTicksAndRejections (node:internal/process/task_queues:95:5)\n    at async uploadOrdersBatch (file:///C:/Users/POS/speypos-system/speypos-local/src/services/cloudIngest.service.js:170:60)\n    at async dispatchCloudMiniBatch (file:///C:/Users/POS/speypos-system/speypos-local/src/services/outbox.dispatchers.js:75:18)\n    at async processBatch (file:///C:/Users/POS/speypos-system/speypos-local/src/services/outbox.worker.js:38:7)\n    at async tick (file:///C:/Users/POS/speypos-system/speypos-local/src/services/outbox.worker.js:73:5)","errorStatus":422,"errorSyscall":null,"errorType":null,"level":"error","message":"Cloud sync failed.","timestamp":"2026-07-25T02:58:48.984Z"}
{"attempts":8,"error":"upload_failed","errorAddress":null,"errorCause":null,"errorCode":null,"errorErrno":null,"errorName":"Error","errorPort":null,"errorRequestId":null,"errorStack":"Error: upload_failed\n    at dispatchCloudMiniBatch (file:///C:/Users/POS/speypos-system/speypos-local/src/services/outbox.dispatchers.js:78:11)\n    at process.processTicksAndRejections (node:internal/process/task_queues:95:5)\n    at async processBatch (file:///C:/Users/POS/speypos-system/speypos-local/src/services/outbox.worker.js:38:7)\n    at async tick (file:///C:/Users/POS/speypos-system/speypos-local/src/services/outbox.worker.js:73:5)","errorStatus":null,"errorSyscall":null,"errorType":null,"eventId":"dbf4b010-0c4d-42ca-89cb-503f3c617204","eventType":"cloud.mini_batch","level":"warn","message":"Outbox event dispatch failed","timestamp":"2026-07-25T02:58:49.010Z"}
{"baseUrl":"https://speypos-cloud-api.ryong.net","businessDate":"2026-07-25","level":"info","message":"Cloud sync starting.","orderCount":20,"shiftId":"56ef50c8-9581-4ead-9ea4-2c02d6e15628","storeId":"1","timestamp":"2026-07-25T02:58:59.869Z"}
{"error":"Validation failed","errorAddress":null,"errorCause":null,"errorCode":"invalid_event_batch","errorErrno":null,"errorName":"Error","errorPort":null,"errorRequestId":"ac577e9e-9055-4f40-a72a-d217864996c2","errorStack":"Error: Validation failed\n    at postJson (file:///C:/Users/POS/speypos-system/speypos-local/src/services/cloudIngest.service.js:119:25)\n    at process.processTicksAndRejections (node:internal/process/task_queues:95:5)\n    at async uploadOrdersBatch (file:///C:/Users/POS/speypos-system/speypos-local/src/services/cloudIngest.service.js:170:60)\n    at async dispatchCloudMiniBatch (file:///C:/Users/POS/speypos-system/speypos-local/src/services/outbox.dispatchers.js:75:18)\n    at async processBatch (file:///C:/Users/POS/speypos-system/speypos-local/src/services/outbox.worker.js:38:7)\n    at async tick (file:///C:/Users/POS/speypos-system/speypos-local/src/services/outbox.worker.js:73:5)","errorStatus":422,"errorSyscall":null,"errorType":null,"level":"error","message":"Cloud sync failed.","timestamp":"2026-07-25T02:59:00.030Z"}
{"attempts":10,"error":"upload_failed","errorAddress":null,"errorCause":null,"errorCode":null,"errorErrno":null,"errorName":"Error","errorPort":null,"errorRequestId":null,"errorStack":"Error: upload_failed\n    at dispatchCloudMiniBatch (file:///C:/Users/POS/speypos-system/speypos-local/src/services/outbox.dispatchers.js:78:11)\n    at process.processTicksAndRejections (node:internal/process/task_queues:95:5)\n    at async processBatch (file:///C:/Users/POS/speypos-system/speypos-local/src/services/outbox.worker.js:38:7)\n    at async tick (file:///C:/Users/POS/speypos-system/speypos-local/src/services/outbox.worker.js:73:5)","errorStatus":null,"errorSyscall":null,"errorType":null,"eventId":"d155c7f7-6ac0-4767-8169-e726e7aa4291","eventType":"cloud.mini_batch","level":"warn","message":"Outbox event dispatch failed","timestamp":"2026-07-25T02:59:00.032Z"}
{"baseUrl":"https://speypos-cloud-api.ryong.net","businessDate":"2026-07-25","level":"info","message":"Cloud sync starting.","orderCount":20,"shiftId":"56ef50c8-9581-4ead-9ea4-2c02d6e15628","storeId":"1","timestamp":"2026-07-25T02:59:54.055Z"}
{"error":"Validation failed","errorAddress":null,"errorCause":null,"errorCode":"invalid_event_batch","errorErrno":null,"errorName":"Error","errorPort":null,"errorRequestId":"03a7ed03-b5cd-4366-9e06-08ef5c21d099","errorStack":"Error: Validation failed\n    at postJson (file:///C:/Users/POS/speypos-system/speypos-local/src/services/cloudIngest.service.js:119:25)\n    at process.processTicksAndRejections (node:internal/process/task_queues:95:5)\n    at async uploadOrdersBatch (file:///C:/Users/POS/speypos-system/speypos-local/src/services/cloudIngest.service.js:170:60)\n    at async dispatchCloudMiniBatch (file:///C:/Users/POS/speypos-system/speypos-local/src/services/outbox.dispatchers.js:75:18)\n    at async processBatch (file:///C:/Users/POS/speypos-system/speypos-local/src/services/outbox.worker.js:38:7)\n    at async tick (file:///C:/Users/POS/speypos-system/speypos-local/src/services/outbox.worker.js:73:5)","errorStatus":422,"errorSyscall":null,"errorType":null,"level":"error","message":"Cloud sync failed.","timestamp":"2026-07-25T02:59:54.276Z"}
{"attempts":9,"error":"upload_failed","errorAddress":null,"errorCause":null,"errorCode":null,"errorErrno":null,"errorName":"Error","errorPort":null,"errorRequestId":null,"errorStack":"Error: upload_failed\n    at dispatchCloudMiniBatch (file:///C:/Users/POS/speypos-system/speypos-local/src/services/outbox.dispatchers.js:78:11)\n    at process.processTicksAndRejections (node:internal/process/task_queues:95:5)\n    at async processBatch (file:///C:/Users/POS/speypos-system/speypos-local/src/services/outbox.worker.js:38:7)\n    at async tick (file:///C:/Users/POS/speypos-system/speypos-local/src/services/outbox.worker.js:73:5)","errorStatus":null,"errorSyscall":null,"errorType":null,"eventId":"dbf4b010-0c4d-42ca-89cb-503f3c617204","eventType":"cloud.mini_batch","level":"warn","message":"Outbox event dispatch failed","timestamp":"2026-07-25T02:59:54.278Z"}
{"baseUrl":"https://speypos-cloud-api.ryong.net","businessDate":"2026-07-25","level":"info","message":"Cloud sync starting.","orderCount":20,"shiftId":"56ef50c8-9581-4ead-9ea4-2c02d6e15628","storeId":"1","timestamp":"2026-07-25T03:00:59.290Z"}
{"error":"Validation failed","errorAddress":null,"errorCause":null,"errorCode":"invalid_event_batch","errorErrno":null,"errorName":"Error","errorPort":null,"errorRequestId":"f4f05820-7f70-4eff-a04a-d6b8a32fc769","errorStack":"Error: Validation failed\n    at postJson (file:///C:/Users/POS/speypos-system/speypos-local/src/services/cloudIngest.service.js:119:25)\n    at process.processTicksAndRejections (node:internal/process/task_queues:95:5)\n    at async uploadOrdersBatch (file:///C:/Users/POS/speypos-system/speypos-local/src/services/cloudIngest.service.js:170:60)\n    at async dispatchCloudMiniBatch (file:///C:/Users/POS/speypos-system/speypos-local/src/services/outbox.dispatchers.js:75:18)\n    at async processBatch (file:///C:/Users/POS/speypos-system/speypos-local/src/services/outbox.worker.js:38:7)\n    at async tick (file:///C:/Users/POS/speypos-system/speypos-local/src/services/outbox.worker.js:73:5)","errorStatus":422,"errorSyscall":null,"errorType":null,"level":"error","message":"Cloud sync failed.","timestamp":"2026-07-25T03:00:59.448Z"}
{"attempts":10,"error":"upload_failed","errorAddress":null,"errorCause":null,"errorCode":null,"errorErrno":null,"errorName":"Error","errorPort":null,"errorRequestId":null,"errorStack":"Error: upload_failed\n    at dispatchCloudMiniBatch (file:///C:/Users/POS/speypos-system/speypos-local/src/services/outbox.dispatchers.js:78:11)\n    at process.processTicksAndRejections (node:internal/process/task_queues:95:5)\n    at async processBatch (file:///C:/Users/POS/speypos-system/speypos-local/src/services/outbox.worker.js:38:7)\n    at async tick (file:///C:/Users/POS/speypos-system/speypos-local/src/services/outbox.worker.js:73:5)","errorStatus":null,"errorSyscall":null,"errorType":null,"eventId":"dbf4b010-0c4d-42ca-89cb-503f3c617204","eventType":"cloud.mini_batch","level":"warn","message":"Outbox event dispatch failed","timestamp":"2026-07-25T03:00:59.449Z"}
{"level":"info","message":"Starting print job for order ID: 12d0621f-8d96-47b7-af7e-ccdad5b30154.","status":"completed","timestamp":"2026-07-25T03:40:53.963Z"}
{"copies":[{"count":1,"variant":"INTERNAL"}],"engine":"canvas","level":"info","message":"Printing 1 variants for order 12d0621f-8d96-47b7-af7e-ccdad5b30154","timestamp":"2026-07-25T03:40:53.965Z"}
{"level":"info","message":"[canvas] Rendering ESC/POS buffer for variant INTERNAL, order 12d0621f-8d96-47b7-af7e-ccdad5b30154.","timestamp":"2026-07-25T03:40:53.965Z"}
{"level":"info","message":"[canvas] Sending copy 1/1 of variant INTERNAL for order 12d0621f-8d96-47b7-af7e-ccdad5b30154.","timestamp":"2026-07-25T03:40:53.982Z"}
{"bufferBytes":27660,"level":"info","message":"ESC/POS transport: preparing to send buffer to printer","printerName":"\\\\localhost\\XP80","timestamp":"2026-07-25T03:40:53.983Z"}
{"bufferBytes":27660,"level":"info","message":"ESC/POS transport: buffer sent successfully","printerName":"\\\\localhost\\XP80","timestamp":"2026-07-25T03:40:54.260Z"}
{"level":"info","message":"Print job for order 12d0621f-8d96-47b7-af7e-ccdad5b30154 completed and marked as printed.","timestamp":"2026-07-25T03:40:54.262Z"}
{"baseUrl":"https://speypos-cloud-api.ryong.net","businessDate":"2026-07-25","level":"info","message":"Cloud sync starting.","orderCount":20,"shiftId":"56ef50c8-9581-4ead-9ea4-2c02d6e15628","storeId":"1","timestamp":"2026-07-25T03:40:54.313Z"}
{"error":"Validation failed","errorAddress":null,"errorCause":null,"errorCode":"invalid_event_batch","errorErrno":null,"errorName":"Error","errorPort":null,"errorRequestId":"06d7909e-4a6a-436c-8883-110706238aa5","errorStack":"Error: Validation failed\n    at postJson (file:///C:/Users/POS/speypos-system/speypos-local/src/services/cloudIngest.service.js:119:25)\n    at process.processTicksAndRejections (node:internal/process/task_queues:95:5)\n    at async uploadOrdersBatch (file:///C:/Users/POS/speypos-system/speypos-local/src/services/cloudIngest.service.js:170:60)\n    at async dispatchCloudMiniBatch (file:///C:/Users/POS/speypos-system/speypos-local/src/services/outbox.dispatchers.js:75:18)\n    at async processBatch (file:///C:/Users/POS/speypos-system/speypos-local/src/services/outbox.worker.js:38:7)\n    at async tick (file:///C:/Users/POS/speypos-system/speypos-local/src/services/outbox.worker.js:73:5)","errorStatus":422,"errorSyscall":null,"errorType":null,"level":"error","message":"Cloud sync failed.","timestamp":"2026-07-25T03:40:54.658Z"}
{"attempts":1,"error":"upload_failed","errorAddress":null,"errorCause":null,"errorCode":null,"errorErrno":null,"errorName":"Error","errorPort":null,"errorRequestId":null,"errorStack":"Error: upload_failed\n    at dispatchCloudMiniBatch (file:///C:/Users/POS/speypos-system/speypos-local/src/services/outbox.dispatchers.js:78:11)\n    at process.processTicksAndRejections (node:internal/process/task_queues:95:5)\n    at async processBatch (file:///C:/Users/POS/speypos-system/speypos-local/src/services/outbox.worker.js:38:7)\n    at async tick (file:///C:/Users/POS/speypos-system/speypos-local/src/services/outbox.worker.js:73:5)","errorStatus":null,"errorSyscall":null,"errorType":null,"eventId":"8af7fdc3-eb15-48e4-8f72-ba621170d4e7","eventType":"cloud.mini_batch","level":"warn","message":"Outbox event dispatch failed","timestamp":"2026-07-25T03:40:54.659Z"}
{"level":"info","message":"Telegram message sent successfully.","timestamp":"2026-07-25T03:40:55.608Z"}
{"level":"info","message":"Successfully sent and marked Telegram notification for order 12d0621f-8d96-47b7-af7e-ccdad5b30154","timestamp":"2026-07-25T03:40:55.609Z"}
{"baseUrl":"https://speypos-cloud-api.ryong.net","businessDate":"2026-07-25","level":"info","message":"Cloud sync starting.","orderCount":20,"shiftId":"56ef50c8-9581-4ead-9ea4-2c02d6e15628","storeId":"1","timestamp":"2026-07-25T03:40:56.039Z"}
{"error":"Validation failed","errorAddress":null,"errorCause":null,"errorCode":"invalid_event_batch","errorErrno":null,"errorName":"Error","errorPort":null,"errorRequestId":"6e40aa12-720b-4279-aa9a-ed22dfbe65ac","errorStack":"Error: Validation failed\n    at postJson (file:///C:/Users/POS/speypos-system/speypos-local/src/services/cloudIngest.service.js:119:25)\n    at process.processTicksAndRejections (node:internal/process/task_queues:95:5)\n    at async uploadOrdersBatch (file:///C:/Users/POS/speypos-system/speypos-local/src/services/cloudIngest.service.js:170:60)\n    at async dispatchCloudMiniBatch (file:///C:/Users/POS/speypos-system/speypos-local/src/services/outbox.dispatchers.js:75:18)\n    at async processBatch (file:///C:/Users/POS/speypos-system/speypos-local/src/services/outbox.worker.js:38:7)\n    at async tick (file:///C:/Users/POS/speypos-system/speypos-local/src/services/outbox.worker.js:73:5)","errorStatus":422,"errorSyscall":null,"errorType":null,"level":"error","message":"Cloud sync failed.","timestamp":"2026-07-25T03:40:56.094Z"}
{"attempts":2,"error":"upload_failed","errorAddress":null,"errorCause":null,"errorCode":null,"errorErrno":null,"errorName":"Error","errorPort":null,"errorRequestId":null,"errorStack":"Error: upload_failed\n    at dispatchCloudMiniBatch (file:///C:/Users/POS/speypos-system/speypos-local/src/services/outbox.dispatchers.js:78:11)\n    at process.processTicksAndRejections (node:internal/process/task_queues:95:5)\n    at async processBatch (file:///C:/Users/POS/speypos-system/speypos-local/src/services/outbox.worker.js:38:7)\n    at async tick (file:///C:/Users/POS/speypos-system/speypos-local/src/services/outbox.worker.js:73:5)","errorStatus":null,"errorSyscall":null,"errorType":null,"eventId":"8af7fdc3-eb15-48e4-8f72-ba621170d4e7","eventType":"cloud.mini_batch","level":"warn","message":"Outbox event dispatch failed","timestamp":"2026-07-25T03:40:56.095Z"}
{"baseUrl":"https://speypos-cloud-api.ryong.net","businessDate":"2026-07-25","level":"info","message":"Cloud sync starting.","orderCount":20,"shiftId":"56ef50c8-9581-4ead-9ea4-2c02d6e15628","storeId":"1","timestamp":"2026-07-25T03:40:59.046Z"}
{"error":"Validation failed","errorAddress":null,"errorCause":null,"errorCode":"invalid_event_batch","errorErrno":null,"errorName":"Error","errorPort":null,"errorRequestId":"1b244d92-56e1-4e8e-b150-1a8de618b50d","errorStack":"Error: Validation failed\n    at postJson (file:///C:/Users/POS/speypos-system/speypos-local/src/services/cloudIngest.service.js:119:25)\n    at process.processTicksAndRejections (node:internal/process/task_queues:95:5)\n    at async uploadOrdersBatch (file:///C:/Users/POS/speypos-system/speypos-local/src/services/cloudIngest.service.js:170:60)\n    at async dispatchCloudMiniBatch (file:///C:/Users/POS/speypos-system/speypos-local/src/services/outbox.dispatchers.js:75:18)\n    at async processBatch (file:///C:/Users/POS/speypos-system/speypos-local/src/services/outbox.worker.js:38:7)\n    at async tick (file:///C:/Users/POS/speypos-system/speypos-local/src/services/outbox.worker.js:73:5)","errorStatus":422,"errorSyscall":null,"errorType":null,"level":"error","message":"Cloud sync failed.","timestamp":"2026-07-25T03:40:59.109Z"}
{"attempts":3,"error":"upload_failed","errorAddress":null,"errorCause":null,"errorCode":null,"errorErrno":null,"errorName":"Error","errorPort":null,"errorRequestId":null,"errorStack":"Error: upload_failed\n    at dispatchCloudMiniBatch (file:///C:/Users/POS/speypos-system/speypos-local/src/services/outbox.dispatchers.js:78:11)\n    at process.processTicksAndRejections (node:internal/process/task_queues:95:5)\n    at async processBatch (file:///C:/Users/POS/speypos-system/speypos-local/src/services/outbox.worker.js:38:7)\n    at async tick (file:///C:/Users/POS/speypos-system/speypos-local/src/services/outbox.worker.js:73:5)","errorStatus":null,"errorSyscall":null,"errorType":null,"eventId":"8af7fdc3-eb15-48e4-8f72-ba621170d4e7","eventType":"cloud.mini_batch","level":"warn","message":"Outbox event dispatch failed","timestamp":"2026-07-25T03:40:59.111Z"}
{"baseUrl":"https://speypos-cloud-api.ryong.net","businessDate":"2026-07-25","level":"info","message":"Cloud sync starting.","orderCount":20,"shiftId":"56ef50c8-9581-4ead-9ea4-2c02d6e15628","storeId":"1","timestamp":"2026-07-25T03:41:04.112Z"}
{"error":"Validation failed","errorAddress":null,"errorCause":null,"errorCode":"invalid_event_batch","errorErrno":null,"errorName":"Error","errorPort":null,"errorRequestId":"3633b047-8ee8-4d5a-8ed8-883c634798b9","errorStack":"Error: Validation failed\n    at postJson (file:///C:/Users/POS/speypos-system/speypos-local/src/services/cloudIngest.service.js:119:25)\n    at process.processTicksAndRejections (node:internal/process/task_queues:95:5)\n    at async uploadOrdersBatch (file:///C:/Users/POS/speypos-system/speypos-local/src/services/cloudIngest.service.js:170:60)\n    at async dispatchCloudMiniBatch (file:///C:/Users/POS/speypos-system/speypos-local/src/services/outbox.dispatchers.js:75:18)\n    at async processBatch (file:///C:/Users/POS/speypos-system/speypos-local/src/services/outbox.worker.js:38:7)\n    at async tick (file:///C:/Users/POS/speypos-system/speypos-local/src/services/outbox.worker.js:73:5)","errorStatus":422,"errorSyscall":null,"errorType":null,"level":"error","message":"Cloud sync failed.","timestamp":"2026-07-25T03:41:04.275Z"}
{"attempts":4,"error":"upload_failed","errorAddress":null,"errorCause":null,"errorCode":null,"errorErrno":null,"errorName":"Error","errorPort":null,"errorRequestId":null,"errorStack":"Error: upload_failed\n    at dispatchCloudMiniBatch (file:///C:/Users/POS/speypos-system/speypos-local/src/services/outbox.dispatchers.js:78:11)\n    at process.processTicksAndRejections (node:internal/process/task_queues:95:5)\n    at async processBatch (file:///C:/Users/POS/speypos-system/speypos-local/src/services/outbox.worker.js:38:7)\n    at async tick (file:///C:/Users/POS/speypos-system/speypos-local/src/services/outbox.worker.js:73:5)","errorStatus":null,"errorSyscall":null,"errorType":null,"eventId":"8af7fdc3-eb15-48e4-8f72-ba621170d4e7","eventType":"cloud.mini_batch","level":"warn","message":"Outbox event dispatch failed","timestamp":"2026-07-25T03:41:04.277Z"}
{"baseUrl":"https://speypos-cloud-api.ryong.net","businessDate":"2026-07-25","level":"info","message":"Cloud sync starting.","orderCount":20,"shiftId":"56ef50c8-9581-4ead-9ea4-2c02d6e15628","storeId":"1","timestamp":"2026-07-25T03:41:13.157Z"}
{"error":"Validation failed","errorAddress":null,"errorCause":null,"errorCode":"invalid_event_batch","errorErrno":null,"errorName":"Error","errorPort":null,"errorRequestId":"54db5060-8f57-4df1-b9b0-024be0bcc1e9","errorStack":"Error: Validation failed\n    at postJson (file:///C:/Users/POS/speypos-system/speypos-local/src/services/cloudIngest.service.js:119:25)\n    at process.processTicksAndRejections (node:internal/process/task_queues:95:5)\n    at async uploadOrdersBatch (file:///C:/Users/POS/speypos-system/speypos-local/src/services/cloudIngest.service.js:170:60)\n    at async dispatchCloudMiniBatch (file:///C:/Users/POS/speypos-system/speypos-local/src/services/outbox.dispatchers.js:75:18)\n    at async processBatch (file:///C:/Users/POS/speypos-system/speypos-local/src/services/outbox.worker.js:38:7)\n    at async tick (file:///C:/Users/POS/speypos-system/speypos-local/src/services/outbox.worker.js:73:5)","errorStatus":422,"errorSyscall":null,"errorType":null,"level":"error","message":"Cloud sync failed.","timestamp":"2026-07-25T03:41:13.314Z"}
{"attempts":5,"error":"upload_failed","errorAddress":null,"errorCause":null,"errorCode":null,"errorErrno":null,"errorName":"Error","errorPort":null,"errorRequestId":null,"errorStack":"Error: upload_failed\n    at dispatchCloudMiniBatch (file:///C:/Users/POS/speypos-system/speypos-local/src/services/outbox.dispatchers.js:78:11)\n    at process.processTicksAndRejections (node:internal/process/task_queues:95:5)\n    at async processBatch (file:///C:/Users/POS/speypos-system/speypos-local/src/services/outbox.worker.js:38:7)\n    at async tick (file:///C:/Users/POS/speypos-system/speypos-local/src/services/outbox.worker.js:73:5)","errorStatus":null,"errorSyscall":null,"errorType":null,"eventId":"8af7fdc3-eb15-48e4-8f72-ba621170d4e7","eventType":"cloud.mini_batch","level":"warn","message":"Outbox event dispatch failed","timestamp":"2026-07-25T03:41:13.316Z"}
{"baseUrl":"https://speypos-cloud-api.ryong.net","businessDate":"2026-07-25","level":"info","message":"Cloud sync starting.","orderCount":20,"shiftId":"56ef50c8-9581-4ead-9ea4-2c02d6e15628","storeId":"1","timestamp":"2026-07-25T03:41:30.243Z"}
{"error":"Validation failed","errorAddress":null,"errorCause":null,"errorCode":"invalid_event_batch","errorErrno":null,"errorName":"Error","errorPort":null,"errorRequestId":"dc054ef5-ccf6-4e4a-9b5d-8cb1db719c8e","errorStack":"Error: Validation failed\n    at postJson (file:///C:/Users/POS/speypos-system/speypos-local/src/services/cloudIngest.service.js:119:25)\n    at process.processTicksAndRejections (node:internal/process/task_queues:95:5)\n    at async uploadOrdersBatch (file:///C:/Users/POS/speypos-system/speypos-local/src/services/cloudIngest.service.js:170:60)\n    at async dispatchCloudMiniBatch (file:///C:/Users/POS/speypos-system/speypos-local/src/services/outbox.dispatchers.js:75:18)\n    at async processBatch (file:///C:/Users/POS/speypos-system/speypos-local/src/services/outbox.worker.js:38:7)\n    at async tick (file:///C:/Users/POS/speypos-system/speypos-local/src/services/outbox.worker.js:73:5)","errorStatus":422,"errorSyscall":null,"errorType":null,"level":"error","message":"Cloud sync failed.","timestamp":"2026-07-25T03:41:30.407Z"}
{"attempts":6,"error":"upload_failed","errorAddress":null,"errorCause":null,"errorCode":null,"errorErrno":null,"errorName":"Error","errorPort":null,"errorRequestId":null,"errorStack":"Error: upload_failed\n    at dispatchCloudMiniBatch (file:///C:/Users/POS/speypos-system/speypos-local/src/services/outbox.dispatchers.js:78:11)\n    at process.processTicksAndRejections (node:internal/process/task_queues:95:5)\n    at async processBatch (file:///C:/Users/POS/speypos-system/speypos-local/src/services/outbox.worker.js:38:7)\n    at async tick (file:///C:/Users/POS/speypos-system/speypos-local/src/services/outbox.worker.js:73:5)","errorStatus":null,"errorSyscall":null,"errorType":null,"eventId":"8af7fdc3-eb15-48e4-8f72-ba621170d4e7","eventType":"cloud.mini_batch","level":"warn","message":"Outbox event dispatch failed","timestamp":"2026-07-25T03:41:30.409Z"}
{"baseUrl":"https://speypos-cloud-api.ryong.net","businessDate":"2026-07-25","level":"info","message":"Cloud sync starting.","orderCount":20,"shiftId":"56ef50c8-9581-4ead-9ea4-2c02d6e15628","storeId":"1","timestamp":"2026-07-25T03:42:03.478Z"}
{"error":"Validation failed","errorAddress":null,"errorCause":null,"errorCode":"invalid_event_batch","errorErrno":null,"errorName":"Error","errorPort":null,"errorRequestId":"96f46eaa-4cfa-4ae8-9589-484d90e17714","errorStack":"Error: Validation failed\n    at postJson (file:///C:/Users/POS/speypos-system/speypos-local/src/services/cloudIngest.service.js:119:25)\n    at process.processTicksAndRejections (node:internal/process/task_queues:95:5)\n    at async uploadOrdersBatch (file:///C:/Users/POS/speypos-system/speypos-local/src/services/cloudIngest.service.js:170:60)\n    at async dispatchCloudMiniBatch (file:///C:/Users/POS/speypos-system/speypos-local/src/services/outbox.dispatchers.js:75:18)\n    at async processBatch (file:///C:/Users/POS/speypos-system/speypos-local/src/services/outbox.worker.js:38:7)\n    at async tick (file:///C:/Users/POS/speypos-system/speypos-local/src/services/outbox.worker.js:73:5)","errorStatus":422,"errorSyscall":null,"errorType":null,"level":"error","message":"Cloud sync failed.","timestamp":"2026-07-25T03:42:03.636Z"}
{"attempts":7,"error":"upload_failed","errorAddress":null,"errorCause":null,"errorCode":null,"errorErrno":null,"errorName":"Error","errorPort":null,"errorRequestId":null,"errorStack":"Error: upload_failed\n    at dispatchCloudMiniBatch (file:///C:/Users/POS/speypos-system/speypos-local/src/services/outbox.dispatchers.js:78:11)\n    at process.processTicksAndRejections (node:internal/process/task_queues:95:5)\n    at async processBatch (file:///C:/Users/POS/speypos-system/speypos-local/src/services/outbox.worker.js:38:7)\n    at async tick (file:///C:/Users/POS/speypos-system/speypos-local/src/services/outbox.worker.js:73:5)","errorStatus":null,"errorSyscall":null,"errorType":null,"eventId":"8af7fdc3-eb15-48e4-8f72-ba621170d4e7","eventType":"cloud.mini_batch","level":"warn","message":"Outbox event dispatch failed","timestamp":"2026-07-25T03:42:03.638Z"}
{"baseUrl":"https://speypos-cloud-api.ryong.net","businessDate":"2026-07-25","level":"info","message":"Cloud sync starting.","orderCount":20,"shiftId":"56ef50c8-9581-4ead-9ea4-2c02d6e15628","storeId":"1","timestamp":"2026-07-25T03:43:08.921Z"}
{"error":"Validation failed","errorAddress":null,"errorCause":null,"errorCode":"invalid_event_batch","errorErrno":null,"errorName":"Error","errorPort":null,"errorRequestId":"a1cd6535-1014-4063-b108-a2ca9f4ef797","errorStack":"Error: Validation failed\n    at postJson (file:///C:/Users/POS/speypos-system/speypos-local/src/services/cloudIngest.service.js:119:25)\n    at process.processTicksAndRejections (node:internal/process/task_queues:95:5)\n    at async uploadOrdersBatch (file:///C:/Users/POS/speypos-system/speypos-local/src/services/cloudIngest.service.js:170:60)\n    at async dispatchCloudMiniBatch (file:///C:/Users/POS/speypos-system/speypos-local/src/services/outbox.dispatchers.js:75:18)\n    at async processBatch (file:///C:/Users/POS/speypos-system/speypos-local/src/services/outbox.worker.js:38:7)\n    at async tick (file:///C:/Users/POS/speypos-system/speypos-local/src/services/outbox.worker.js:73:5)","errorStatus":422,"errorSyscall":null,"errorType":null,"level":"error","message":"Cloud sync failed.","timestamp":"2026-07-25T03:43:09.085Z"}
{"attempts":8,"error":"upload_failed","errorAddress":null,"errorCause":null,"errorCode":null,"errorErrno":null,"errorName":"Error","errorPort":null,"errorRequestId":null,"errorStack":"Error: upload_failed\n    at dispatchCloudMiniBatch (file:///C:/Users/POS/speypos-system/speypos-local/src/services/outbox.dispatchers.js:78:11)\n    at process.processTicksAndRejections (node:internal/process/task_queues:95:5)\n    at async processBatch (file:///C:/Users/POS/speypos-system/speypos-local/src/services/outbox.worker.js:38:7)\n    at async tick (file:///C:/Users/POS/speypos-system/speypos-local/src/services/outbox.worker.js:73:5)","errorStatus":null,"errorSyscall":null,"errorType":null,"eventId":"8af7fdc3-eb15-48e4-8f72-ba621170d4e7","eventType":"cloud.mini_batch","level":"warn","message":"Outbox event dispatch failed","timestamp":"2026-07-25T03:43:09.087Z"}
{"baseUrl":"https://speypos-cloud-api.ryong.net","businessDate":"2026-07-25","level":"info","message":"Cloud sync starting.","orderCount":20,"shiftId":"56ef50c8-9581-4ead-9ea4-2c02d6e15628","storeId":"1","timestamp":"2026-07-25T03:44:13.300Z"}
{"error":"Validation failed","errorAddress":null,"errorCause":null,"errorCode":"invalid_event_batch","errorErrno":null,"errorName":"Error","errorPort":null,"errorRequestId":"25e23cc3-20d0-49a6-bc79-e05b96188a31","errorStack":"Error: Validation failed\n    at postJson (file:///C:/Users/POS/speypos-system/speypos-local/src/services/cloudIngest.service.js:119:25)\n    at process.processTicksAndRejections (node:internal/process/task_queues:95:5)\n    at async uploadOrdersBatch (file:///C:/Users/POS/speypos-system/speypos-local/src/services/cloudIngest.service.js:170:60)\n    at async dispatchCloudMiniBatch (file:///C:/Users/POS/speypos-system/speypos-local/src/services/outbox.dispatchers.js:75:18)\n    at async processBatch (file:///C:/Users/POS/speypos-system/speypos-local/src/services/outbox.worker.js:38:7)\n    at async tick (file:///C:/Users/POS/speypos-system/speypos-local/src/services/outbox.worker.js:73:5)","errorStatus":422,"errorSyscall":null,"errorType":null,"level":"error","message":"Cloud sync failed.","timestamp":"2026-07-25T03:44:13.492Z"}
{"attempts":9,"error":"upload_failed","errorAddress":null,"errorCause":null,"errorCode":null,"errorErrno":null,"errorName":"Error","errorPort":null,"errorRequestId":null,"errorStack":"Error: upload_failed\n    at dispatchCloudMiniBatch (file:///C:/Users/POS/speypos-system/speypos-local/src/services/outbox.dispatchers.js:78:11)\n    at process.processTicksAndRejections (node:internal/process/task_queues:95:5)\n    at async processBatch (file:///C:/Users/POS/speypos-system/speypos-local/src/services/outbox.worker.js:38:7)\n    at async tick (file:///C:/Users/POS/speypos-system/speypos-local/src/services/outbox.worker.js:73:5)","errorStatus":null,"errorSyscall":null,"errorType":null,"eventId":"8af7fdc3-eb15-48e4-8f72-ba621170d4e7","eventType":"cloud.mini_batch","level":"warn","message":"Outbox event dispatch failed","timestamp":"2026-07-25T03:44:13.494Z"}
{"baseUrl":"https://speypos-cloud-api.ryong.net","businessDate":"2026-07-25","level":"info","message":"Cloud sync starting.","orderCount":20,"shiftId":"56ef50c8-9581-4ead-9ea4-2c02d6e15628","storeId":"1","timestamp":"2026-07-25T03:45:18.715Z"}
{"error":"Validation failed","errorAddress":null,"errorCause":null,"errorCode":"invalid_event_batch","errorErrno":null,"errorName":"Error","errorPort":null,"errorRequestId":"f896d1eb-382f-4793-a895-c2ced5d5d480","errorStack":"Error: Validation failed\n    at postJson (file:///C:/Users/POS/speypos-system/speypos-local/src/services/cloudIngest.service.js:119:25)\n    at process.processTicksAndRejections (node:internal/process/task_queues:95:5)\n    at async uploadOrdersBatch (file:///C:/Users/POS/speypos-system/speypos-local/src/services/cloudIngest.service.js:170:60)\n    at async dispatchCloudMiniBatch (file:///C:/Users/POS/speypos-system/speypos-local/src/services/outbox.dispatchers.js:75:18)\n    at async processBatch (file:///C:/Users/POS/speypos-system/speypos-local/src/services/outbox.worker.js:38:7)\n    at async tick (file:///C:/Users/POS/speypos-system/speypos-local/src/services/outbox.worker.js:73:5)","errorStatus":422,"errorSyscall":null,"errorType":null,"level":"error","message":"Cloud sync failed.","timestamp":"2026-07-25T03:45:18.958Z"}
{"attempts":10,"error":"upload_failed","errorAddress":null,"errorCause":null,"errorCode":null,"errorErrno":null,"errorName":"Error","errorPort":null,"errorRequestId":null,"errorStack":"Error: upload_failed\n    at dispatchCloudMiniBatch (file:///C:/Users/POS/speypos-system/speypos-local/src/services/outbox.dispatchers.js:78:11)\n    at process.processTicksAndRejections (node:internal/process/task_queues:95:5)\n    at async processBatch (file:///C:/Users/POS/speypos-system/speypos-local/src/services/outbox.worker.js:38:7)\n    at async tick (file:///C:/Users/POS/speypos-system/speypos-local/src/services/outbox.worker.js:73:5)","errorStatus":null,"errorSyscall":null,"errorType":null,"eventId":"8af7fdc3-eb15-48e4-8f72-ba621170d4e7","eventType":"cloud.mini_batch","level":"warn","message":"Outbox event dispatch failed","timestamp":"2026-07-25T03:45:18.960Z"}
{"level":"info","message":"Starting print job for order ID: 6d32b47c-1054-4e22-bd57-7cb475bd663c.","status":"completed","timestamp":"2026-07-25T04:16:11.760Z"}
{"copies":[{"count":1,"variant":"INTERNAL"}],"engine":"canvas","level":"info","message":"Printing 1 variants for order 6d32b47c-1054-4e22-bd57-7cb475bd663c","timestamp":"2026-07-25T04:16:11.761Z"}
{"level":"info","message":"[canvas] Rendering ESC/POS buffer for variant INTERNAL, order 6d32b47c-1054-4e22-bd57-7cb475bd663c.","timestamp":"2026-07-25T04:16:11.762Z"}
{"level":"info","message":"[canvas] Sending copy 1/1 of variant INTERNAL for order 6d32b47c-1054-4e22-bd57-7cb475bd663c.","timestamp":"2026-07-25T04:16:11.792Z"}
{"bufferBytes":23340,"level":"info","message":"ESC/POS transport: preparing to send buffer to printer","printerName":"\\\\localhost\\XP80","timestamp":"2026-07-25T04:16:11.793Z"}
{"bufferBytes":23340,"level":"info","message":"ESC/POS transport: buffer sent successfully","printerName":"\\\\localhost\\XP80","timestamp":"2026-07-25T04:16:12.094Z"}
{"level":"info","message":"Print job for order 6d32b47c-1054-4e22-bd57-7cb475bd663c completed and marked as printed.","timestamp":"2026-07-25T04:16:12.095Z"}
{"level":"info","message":"Telegram message sent successfully.","timestamp":"2026-07-25T04:16:13.050Z"}
{"level":"info","message":"Successfully sent and marked Telegram notification for order 6d32b47c-1054-4e22-bd57-7cb475bd663c","timestamp":"2026-07-25T04:16:13.052Z"}
{"baseUrl":"https://speypos-cloud-api.ryong.net","businessDate":"2026-07-25","level":"info","message":"Cloud sync starting.","orderCount":20,"shiftId":"56ef50c8-9581-4ead-9ea4-2c02d6e15628","storeId":"1","timestamp":"2026-07-25T04:16:13.107Z"}
{"error":"Validation failed","errorAddress":null,"errorCause":null,"errorCode":"invalid_event_batch","errorErrno":null,"errorName":"Error","errorPort":null,"errorRequestId":"f4b7b62e-633f-47e2-9215-c4c7a5faa3ee","errorStack":"Error: Validation failed\n    at postJson (file:///C:/Users/POS/speypos-system/speypos-local/src/services/cloudIngest.service.js:119:25)\n    at process.processTicksAndRejections (node:internal/process/task_queues:95:5)\n    at async uploadOrdersBatch (file:///C:/Users/POS/speypos-system/speypos-local/src/services/cloudIngest.service.js:170:60)\n    at async dispatchCloudMiniBatch (file:///C:/Users/POS/speypos-system/speypos-local/src/services/outbox.dispatchers.js:75:18)\n    at async processBatch (file:///C:/Users/POS/speypos-system/speypos-local/src/services/outbox.worker.js:38:7)\n    at async tick (file:///C:/Users/POS/speypos-system/speypos-local/src/services/outbox.worker.js:73:5)","errorStatus":422,"errorSyscall":null,"errorType":null,"level":"error","message":"Cloud sync failed.","timestamp":"2026-07-25T04:16:13.357Z"}
{"attempts":1,"error":"upload_failed","errorAddress":null,"errorCause":null,"errorCode":null,"errorErrno":null,"errorName":"Error","errorPort":null,"errorRequestId":null,"errorStack":"Error: upload_failed\n    at dispatchCloudMiniBatch (file:///C:/Users/POS/speypos-system/speypos-local/src/services/outbox.dispatchers.js:78:11)\n    at process.processTicksAndRejections (node:internal/process/task_queues:95:5)\n    at async processBatch (file:///C:/Users/POS/speypos-system/speypos-local/src/services/outbox.worker.js:38:7)\n    at async tick (file:///C:/Users/POS/speypos-system/speypos-local/src/services/outbox.worker.js:73:5)","errorStatus":null,"errorSyscall":null,"errorType":null,"eventId":"d82fc76d-9084-4aa5-baa8-0ec26880f3cf","eventType":"cloud.mini_batch","level":"warn","message":"Outbox event dispatch failed","timestamp":"2026-07-25T04:16:13.359Z"}
{"baseUrl":"https://speypos-cloud-api.ryong.net","businessDate":"2026-07-25","level":"info","message":"Cloud sync starting.","orderCount":20,"shiftId":"56ef50c8-9581-4ead-9ea4-2c02d6e15628","storeId":"1","timestamp":"2026-07-25T04:16:14.836Z"}
{"error":"Validation failed","errorAddress":null,"errorCause":null,"errorCode":"invalid_event_batch","errorErrno":null,"errorName":"Error","errorPort":null,"errorRequestId":"df82e771-e7e6-4484-bd64-514294d050cc","errorStack":"Error: Validation failed\n    at postJson (file:///C:/Users/POS/speypos-system/speypos-local/src/services/cloudIngest.service.js:119:25)\n    at process.processTicksAndRejections (node:internal/process/task_queues:95:5)\n    at async uploadOrdersBatch (file:///C:/Users/POS/speypos-system/speypos-local/src/services/cloudIngest.service.js:170:60)\n    at async dispatchCloudMiniBatch (file:///C:/Users/POS/speypos-system/speypos-local/src/services/outbox.dispatchers.js:75:18)\n    at async processBatch (file:///C:/Users/POS/speypos-system/speypos-local/src/services/outbox.worker.js:38:7)\n    at async tick (file:///C:/Users/POS/speypos-system/speypos-local/src/services/outbox.worker.js:73:5)","errorStatus":422,"errorSyscall":null,"errorType":null,"level":"error","message":"Cloud sync failed.","timestamp":"2026-07-25T04:16:14.894Z"}
{"attempts":2,"error":"upload_failed","errorAddress":null,"errorCause":null,"errorCode":null,"errorErrno":null,"errorName":"Error","errorPort":null,"errorRequestId":null,"errorStack":"Error: upload_failed\n    at dispatchCloudMiniBatch (file:///C:/Users/POS/speypos-system/speypos-local/src/services/outbox.dispatchers.js:78:11)\n    at process.processTicksAndRejections (node:internal/process/task_queues:95:5)\n    at async processBatch (file:///C:/Users/POS/speypos-system/speypos-local/src/services/outbox.worker.js:38:7)\n    at async tick (file:///C:/Users/POS/speypos-system/speypos-local/src/services/outbox.worker.js:73:5)","errorStatus":null,"errorSyscall":null,"errorType":null,"eventId":"d82fc76d-9084-4aa5-baa8-0ec26880f3cf","eventType":"cloud.mini_batch","level":"warn","message":"Outbox event dispatch failed","timestamp":"2026-07-25T04:16:14.895Z"}
{"baseUrl":"https://speypos-cloud-api.ryong.net","businessDate":"2026-07-25","level":"info","message":"Cloud sync starting.","orderCount":20,"shiftId":"56ef50c8-9581-4ead-9ea4-2c02d6e15628","storeId":"1","timestamp":"2026-07-25T04:16:17.864Z"}
{"error":"Validation failed","errorAddress":null,"errorCause":null,"errorCode":"invalid_event_batch","errorErrno":null,"errorName":"Error","errorPort":null,"errorRequestId":"20793ae6-b3e3-4d28-bd3b-511c6753ab84","errorStack":"Error: Validation failed\n    at postJson (file:///C:/Users/POS/speypos-system/speypos-local/src/services/cloudIngest.service.js:119:25)\n    at process.processTicksAndRejections (node:internal/process/task_queues:95:5)\n    at async uploadOrdersBatch (file:///C:/Users/POS/speypos-system/speypos-local/src/services/cloudIngest.service.js:170:60)\n    at async dispatchCloudMiniBatch (file:///C:/Users/POS/speypos-system/speypos-local/src/services/outbox.dispatchers.js:75:18)\n    at async processBatch (file:///C:/Users/POS/speypos-system/speypos-local/src/services/outbox.worker.js:38:7)\n    at async tick (file:///C:/Users/POS/speypos-system/speypos-local/src/services/outbox.worker.js:73:5)","errorStatus":422,"errorSyscall":null,"errorType":null,"level":"error","message":"Cloud sync failed.","timestamp":"2026-07-25T04:16:17.922Z"}
{"attempts":3,"error":"upload_failed","errorAddress":null,"errorCause":null,"errorCode":null,"errorErrno":null,"errorName":"Error","errorPort":null,"errorRequestId":null,"errorStack":"Error: upload_failed\n    at dispatchCloudMiniBatch (file:///C:/Users/POS/speypos-system/speypos-local/src/services/outbox.dispatchers.js:78:11)\n    at process.processTicksAndRejections (node:internal/process/task_queues:95:5)\n    at async processBatch (file:///C:/Users/POS/speypos-system/speypos-local/src/services/outbox.worker.js:38:7)\n    at async tick (file:///C:/Users/POS/speypos-system/speypos-local/src/services/outbox.worker.js:73:5)","errorStatus":null,"errorSyscall":null,"errorType":null,"eventId":"d82fc76d-9084-4aa5-baa8-0ec26880f3cf","eventType":"cloud.mini_batch","level":"warn","message":"Outbox event dispatch failed","timestamp":"2026-07-25T04:16:17.924Z"}
{"baseUrl":"https://speypos-cloud-api.ryong.net","businessDate":"2026-07-25","level":"info","message":"Cloud sync starting.","orderCount":20,"shiftId":"56ef50c8-9581-4ead-9ea4-2c02d6e15628","storeId":"1","timestamp":"2026-07-25T04:16:22.925Z"}
{"error":"Validation failed","errorAddress":null,"errorCause":null,"errorCode":"invalid_event_batch","errorErrno":null,"errorName":"Error","errorPort":null,"errorRequestId":"894a30e1-8505-4e0f-a9df-4845f1ae38ee","errorStack":"Error: Validation failed\n    at postJson (file:///C:/Users/POS/speypos-system/speypos-local/src/services/cloudIngest.service.js:119:25)\n    at process.processTicksAndRejections (node:internal/process/task_queues:95:5)\n    at async uploadOrdersBatch (file:///C:/Users/POS/speypos-system/speypos-local/src/services/cloudIngest.service.js:170:60)\n    at async dispatchCloudMiniBatch (file:///C:/Users/POS/speypos-system/speypos-local/src/services/outbox.dispatchers.js:75:18)\n    at async processBatch (file:///C:/Users/POS/speypos-system/speypos-local/src/services/outbox.worker.js:38:7)\n    at async tick (file:///C:/Users/POS/speypos-system/speypos-local/src/services/outbox.worker.js:73:5)","errorStatus":422,"errorSyscall":null,"errorType":null,"level":"error","message":"Cloud sync failed.","timestamp":"2026-07-25T04:16:23.081Z"}
{"attempts":4,"error":"upload_failed","errorAddress":null,"errorCause":null,"errorCode":null,"errorErrno":null,"errorName":"Error","errorPort":null,"errorRequestId":null,"errorStack":"Error: upload_failed\n    at dispatchCloudMiniBatch (file:///C:/Users/POS/speypos-system/speypos-local/src/services/outbox.dispatchers.js:78:11)\n    at process.processTicksAndRejections (node:internal/process/task_queues:95:5)\n    at async processBatch (file:///C:/Users/POS/speypos-system/speypos-local/src/services/outbox.worker.js:38:7)\n    at async tick (file:///C:/Users/POS/speypos-system/speypos-local/src/services/outbox.worker.js:73:5)","errorStatus":null,"errorSyscall":null,"errorType":null,"eventId":"d82fc76d-9084-4aa5-baa8-0ec26880f3cf","eventType":"cloud.mini_batch","level":"warn","message":"Outbox event dispatch failed","timestamp":"2026-07-25T04:16:23.086Z"}
{"baseUrl":"https://speypos-cloud-api.ryong.net","businessDate":"2026-07-25","level":"info","message":"Cloud sync starting.","orderCount":20,"shiftId":"56ef50c8-9581-4ead-9ea4-2c02d6e15628","storeId":"1","timestamp":"2026-07-25T04:16:32.021Z"}
{"error":"Validation failed","errorAddress":null,"errorCause":null,"errorCode":"invalid_event_batch","errorErrno":null,"errorName":"Error","errorPort":null,"errorRequestId":"5070d250-3fa4-4fe4-b342-8a24d6229b7d","errorStack":"Error: Validation failed\n    at postJson (file:///C:/Users/POS/speypos-system/speypos-local/src/services/cloudIngest.service.js:119:25)\n    at process.processTicksAndRejections (node:internal/process/task_queues:95:5)\n    at async uploadOrdersBatch (file:///C:/Users/POS/speypos-system/speypos-local/src/services/cloudIngest.service.js:170:60)\n    at async dispatchCloudMiniBatch (file:///C:/Users/POS/speypos-system/speypos-local/src/services/outbox.dispatchers.js:75:18)\n    at async processBatch (file:///C:/Users/POS/speypos-system/speypos-local/src/services/outbox.worker.js:38:7)\n    at async tick (file:///C:/Users/POS/speypos-system/speypos-local/src/services/outbox.worker.js:73:5)","errorStatus":422,"errorSyscall":null,"errorType":null,"level":"error","message":"Cloud sync failed.","timestamp":"2026-07-25T04:16:32.180Z"}
{"attempts":5,"error":"upload_failed","errorAddress":null,"errorCause":null,"errorCode":null,"errorErrno":null,"errorName":"Error","errorPort":null,"errorRequestId":null,"errorStack":"Error: upload_failed\n    at dispatchCloudMiniBatch (file:///C:/Users/POS/speypos-system/speypos-local/src/services/outbox.dispatchers.js:78:11)\n    at process.processTicksAndRejections (node:internal/process/task_queues:95:5)\n    at async processBatch (file:///C:/Users/POS/speypos-system/speypos-local/src/services/outbox.worker.js:38:7)\n    at async tick (file:///C:/Users/POS/speypos-system/speypos-local/src/services/outbox.worker.js:73:5)","errorStatus":null,"errorSyscall":null,"errorType":null,"eventId":"d82fc76d-9084-4aa5-baa8-0ec26880f3cf","eventType":"cloud.mini_batch","level":"warn","message":"Outbox event dispatch failed","timestamp":"2026-07-25T04:16:32.186Z"}
{"baseUrl":"https://speypos-cloud-api.ryong.net","businessDate":"2026-07-25","level":"info","message":"Cloud sync starting.","orderCount":20,"shiftId":"56ef50c8-9581-4ead-9ea4-2c02d6e15628","storeId":"1","timestamp":"2026-07-25T04:16:49.142Z"}
{"error":"Validation failed","errorAddress":null,"errorCause":null,"errorCode":"invalid_event_batch","errorErrno":null,"errorName":"Error","errorPort":null,"errorRequestId":"54c1a704-8b9b-48f4-8196-98ca1f4afd85","errorStack":"Error: Validation failed\n    at postJson (file:///C:/Users/POS/speypos-system/speypos-local/src/services/cloudIngest.service.js:119:25)\n    at process.processTicksAndRejections (node:internal/process/task_queues:95:5)\n    at async uploadOrdersBatch (file:///C:/Users/POS/speypos-system/speypos-local/src/services/cloudIngest.service.js:170:60)\n    at async dispatchCloudMiniBatch (file:///C:/Users/POS/speypos-system/speypos-local/src/services/outbox.dispatchers.js:75:18)\n    at async processBatch (file:///C:/Users/POS/speypos-system/speypos-local/src/services/outbox.worker.js:38:7)\n    at async tick (file:///C:/Users/POS/speypos-system/speypos-local/src/services/outbox.worker.js:73:5)","errorStatus":422,"errorSyscall":null,"errorType":null,"level":"error","message":"Cloud sync failed.","timestamp":"2026-07-25T04:16:49.306Z"}
{"attempts":6,"error":"upload_failed","errorAddress":null,"errorCause":null,"errorCode":null,"errorErrno":null,"errorName":"Error","errorPort":null,"errorRequestId":null,"errorStack":"Error: upload_failed\n    at dispatchCloudMiniBatch (file:///C:/Users/POS/speypos-system/speypos-local/src/services/outbox.dispatchers.js:78:11)\n    at process.processTicksAndRejections (node:internal/process/task_queues:95:5)\n    at async processBatch (file:///C:/Users/POS/speypos-system/speypos-local/src/services/outbox.worker.js:38:7)\n    at async tick (file:///C:/Users/POS/speypos-system/speypos-local/src/services/outbox.worker.js:73:5)","errorStatus":null,"errorSyscall":null,"errorType":null,"eventId":"d82fc76d-9084-4aa5-baa8-0ec26880f3cf","eventType":"cloud.mini_batch","level":"warn","message":"Outbox event dispatch failed","timestamp":"2026-07-25T04:16:49.308Z"}
{"baseUrl":"https://speypos-cloud-api.ryong.net","businessDate":"2026-07-25","level":"info","message":"Cloud sync starting.","orderCount":20,"shiftId":"56ef50c8-9581-4ead-9ea4-2c02d6e15628","storeId":"1","timestamp":"2026-07-25T04:17:22.221Z"}
{"error":"Validation failed","errorAddress":null,"errorCause":null,"errorCode":"invalid_event_batch","errorErrno":null,"errorName":"Error","errorPort":null,"errorRequestId":"d46d0207-fbbc-4d89-ab4c-8bdd9197d8e1","errorStack":"Error: Validation failed\n    at postJson (file:///C:/Users/POS/speypos-system/speypos-local/src/services/cloudIngest.service.js:119:25)\n    at process.processTicksAndRejections (node:internal/process/task_queues:95:5)\n    at async uploadOrdersBatch (file:///C:/Users/POS/speypos-system/speypos-local/src/services/cloudIngest.service.js:170:60)\n    at async dispatchCloudMiniBatch (file:///C:/Users/POS/speypos-system/speypos-local/src/services/outbox.dispatchers.js:75:18)\n    at async processBatch (file:///C:/Users/POS/speypos-system/speypos-local/src/services/outbox.worker.js:38:7)\n    at async tick (file:///C:/Users/POS/speypos-system/speypos-local/src/services/outbox.worker.js:73:5)","errorStatus":422,"errorSyscall":null,"errorType":null,"level":"error","message":"Cloud sync failed.","timestamp":"2026-07-25T04:17:22.381Z"}
{"attempts":7,"error":"upload_failed","errorAddress":null,"errorCause":null,"errorCode":null,"errorErrno":null,"errorName":"Error","errorPort":null,"errorRequestId":null,"errorStack":"Error: upload_failed\n    at dispatchCloudMiniBatch (file:///C:/Users/POS/speypos-system/speypos-local/src/services/outbox.dispatchers.js:78:11)\n    at process.processTicksAndRejections (node:internal/process/task_queues:95:5)\n    at async processBatch (file:///C:/Users/POS/speypos-system/speypos-local/src/services/outbox.worker.js:38:7)\n    at async tick (file:///C:/Users/POS/speypos-system/speypos-local/src/services/outbox.worker.js:73:5)","errorStatus":null,"errorSyscall":null,"errorType":null,"eventId":"d82fc76d-9084-4aa5-baa8-0ec26880f3cf","eventType":"cloud.mini_batch","level":"warn","message":"Outbox event dispatch failed","timestamp":"2026-07-25T04:17:22.383Z"}
{"baseUrl":"https://speypos-cloud-api.ryong.net","businessDate":"2026-07-25","level":"info","message":"Cloud sync starting.","orderCount":20,"shiftId":"56ef50c8-9581-4ead-9ea4-2c02d6e15628","storeId":"1","timestamp":"2026-07-25T04:18:26.879Z"}
{"error":"Validation failed","errorAddress":null,"errorCause":null,"errorCode":"invalid_event_batch","errorErrno":null,"errorName":"Error","errorPort":null,"errorRequestId":"a5efa1b3-eb1f-4e09-8b4d-407331be9f66","errorStack":"Error: Validation failed\n    at postJson (file:///C:/Users/POS/speypos-system/speypos-local/src/services/cloudIngest.service.js:119:25)\n    at process.processTicksAndRejections (node:internal/process/task_queues:95:5)\n    at async uploadOrdersBatch (file:///C:/Users/POS/speypos-system/speypos-local/src/services/cloudIngest.service.js:170:60)\n    at async dispatchCloudMiniBatch (file:///C:/Users/POS/speypos-system/speypos-local/src/services/outbox.dispatchers.js:75:18)\n    at async processBatch (file:///C:/Users/POS/speypos-system/speypos-local/src/services/outbox.worker.js:38:7)\n    at async tick (file:///C:/Users/POS/speypos-system/speypos-local/src/services/outbox.worker.js:73:5)","errorStatus":422,"errorSyscall":null,"errorType":null,"level":"error","message":"Cloud sync failed.","timestamp":"2026-07-25T04:18:27.052Z"}
{"attempts":8,"error":"upload_failed","errorAddress":null,"errorCause":null,"errorCode":null,"errorErrno":null,"errorName":"Error","errorPort":null,"errorRequestId":null,"errorStack":"Error: upload_failed\n    at dispatchCloudMiniBatch (file:///C:/Users/POS/speypos-system/speypos-local/src/services/outbox.dispatchers.js:78:11)\n    at process.processTicksAndRejections (node:internal/process/task_queues:95:5)\n    at async processBatch (file:///C:/Users/POS/speypos-system/speypos-local/src/services/outbox.worker.js:38:7)\n    at async tick (file:///C:/Users/POS/speypos-system/speypos-local/src/services/outbox.worker.js:73:5)","errorStatus":null,"errorSyscall":null,"errorType":null,"eventId":"d82fc76d-9084-4aa5-baa8-0ec26880f3cf","eventType":"cloud.mini_batch","level":"warn","message":"Outbox event dispatch failed","timestamp":"2026-07-25T04:18:27.058Z"}
{"baseUrl":"https://speypos-cloud-api.ryong.net","businessDate":"2026-07-25","level":"info","message":"Cloud sync starting.","orderCount":20,"shiftId":"56ef50c8-9581-4ead-9ea4-2c02d6e15628","storeId":"1","timestamp":"2026-07-25T04:19:31.294Z"}
{"error":"Validation failed","errorAddress":null,"errorCause":null,"errorCode":"invalid_event_batch","errorErrno":null,"errorName":"Error","errorPort":null,"errorRequestId":"a45d04d7-2413-4b7f-b52b-329ce7475741","errorStack":"Error: Validation failed\n    at postJson (file:///C:/Users/POS/speypos-system/speypos-local/src/services/cloudIngest.service.js:119:25)\n    at process.processTicksAndRejections (node:internal/process/task_queues:95:5)\n    at async uploadOrdersBatch (file:///C:/Users/POS/speypos-system/speypos-local/src/services/cloudIngest.service.js:170:60)\n    at async dispatchCloudMiniBatch (file:///C:/Users/POS/speypos-system/speypos-local/src/services/outbox.dispatchers.js:75:18)\n    at async processBatch (file:///C:/Users/POS/speypos-system/speypos-local/src/services/outbox.worker.js:38:7)\n    at async tick (file:///C:/Users/POS/speypos-system/speypos-local/src/services/outbox.worker.js:73:5)","errorStatus":422,"errorSyscall":null,"errorType":null,"level":"error","message":"Cloud sync failed.","timestamp":"2026-07-25T04:19:31.460Z"}
{"attempts":9,"error":"upload_failed","errorAddress":null,"errorCause":null,"errorCode":null,"errorErrno":null,"errorName":"Error","errorPort":null,"errorRequestId":null,"errorStack":"Error: upload_failed\n    at dispatchCloudMiniBatch (file:///C:/Users/POS/speypos-system/speypos-local/src/services/outbox.dispatchers.js:78:11)\n    at process.processTicksAndRejections (node:internal/process/task_queues:95:5)\n    at async processBatch (file:///C:/Users/POS/speypos-system/speypos-local/src/services/outbox.worker.js:38:7)\n    at async tick (file:///C:/Users/POS/speypos-system/speypos-local/src/services/outbox.worker.js:73:5)","errorStatus":null,"errorSyscall":null,"errorType":null,"eventId":"d82fc76d-9084-4aa5-baa8-0ec26880f3cf","eventType":"cloud.mini_batch","level":"warn","message":"Outbox event dispatch failed","timestamp":"2026-07-25T04:19:31.462Z"}
{"baseUrl":"https://speypos-cloud-api.ryong.net","businessDate":"2026-07-25","level":"info","message":"Cloud sync starting.","orderCount":20,"shiftId":"56ef50c8-9581-4ead-9ea4-2c02d6e15628","storeId":"1","timestamp":"2026-07-25T04:20:36.667Z"}
{"error":"Validation failed","errorAddress":null,"errorCause":null,"errorCode":"invalid_event_batch","errorErrno":null,"errorName":"Error","errorPort":null,"errorRequestId":"9f5c6ce8-6f6d-41da-87fe-73910e5ec49e","errorStack":"Error: Validation failed\n    at postJson (file:///C:/Users/POS/speypos-system/speypos-local/src/services/cloudIngest.service.js:119:25)\n    at process.processTicksAndRejections (node:internal/process/task_queues:95:5)\n    at async uploadOrdersBatch (file:///C:/Users/POS/speypos-system/speypos-local/src/services/cloudIngest.service.js:170:60)\n    at async dispatchCloudMiniBatch (file:///C:/Users/POS/speypos-system/speypos-local/src/services/outbox.dispatchers.js:75:18)\n    at async processBatch (file:///C:/Users/POS/speypos-system/speypos-local/src/services/outbox.worker.js:38:7)\n    at async tick (file:///C:/Users/POS/speypos-system/speypos-local/src/services/outbox.worker.js:73:5)","errorStatus":422,"errorSyscall":null,"errorType":null,"level":"error","message":"Cloud sync failed.","timestamp":"2026-07-25T04:20:36.832Z"}
{"attempts":10,"error":"upload_failed","errorAddress":null,"errorCause":null,"errorCode":null,"errorErrno":null,"errorName":"Error","errorPort":null,"errorRequestId":null,"errorStack":"Error: upload_failed\n    at dispatchCloudMiniBatch (file:///C:/Users/POS/speypos-system/speypos-local/src/services/outbox.dispatchers.js:78:11)\n    at process.processTicksAndRejections (node:internal/process/task_queues:95:5)\n    at async processBatch (file:///C:/Users/POS/speypos-system/speypos-local/src/services/outbox.worker.js:38:7)\n    at async tick (file:///C:/Users/POS/speypos-system/speypos-local/src/services/outbox.worker.js:73:5)","errorStatus":null,"errorSyscall":null,"errorType":null,"eventId":"d82fc76d-9084-4aa5-baa8-0ec26880f3cf","eventType":"cloud.mini_batch","level":"warn","message":"Outbox event dispatch failed","timestamp":"2026-07-25T04:20:36.834Z"}
{"level":"info","message":"Telegram message sent successfully.","timestamp":"2026-07-25T04:49:30.020Z"}
{"level":"info","message":"Successfully sent and marked Telegram notification for order 116174d3-e554-49e6-a3f0-29c6f07c067e","timestamp":"2026-07-25T04:49:30.021Z"}
{"baseUrl":"https://speypos-cloud-api.ryong.net","businessDate":"2026-07-25","level":"info","message":"Cloud sync starting.","orderCount":20,"shiftId":"56ef50c8-9581-4ead-9ea4-2c02d6e15628","storeId":"1","timestamp":"2026-07-25T04:49:30.073Z"}
{"error":"Validation failed","errorAddress":null,"errorCause":null,"errorCode":"invalid_event_batch","errorErrno":null,"errorName":"Error","errorPort":null,"errorRequestId":"3f4e1d7e-15ae-4e7e-a229-44cfc3271e73","errorStack":"Error: Validation failed\n    at postJson (file:///C:/Users/POS/speypos-system/speypos-local/src/services/cloudIngest.service.js:119:25)\n    at process.processTicksAndRejections (node:internal/process/task_queues:95:5)\n    at async uploadOrdersBatch (file:///C:/Users/POS/speypos-system/speypos-local/src/services/cloudIngest.service.js:170:60)\n    at async dispatchCloudMiniBatch (file:///C:/Users/POS/speypos-system/speypos-local/src/services/outbox.dispatchers.js:75:18)\n    at async processBatch (file:///C:/Users/POS/speypos-system/speypos-local/src/services/outbox.worker.js:38:7)\n    at async tick (file:///C:/Users/POS/speypos-system/speypos-local/src/services/outbox.worker.js:73:5)","errorStatus":422,"errorSyscall":null,"errorType":null,"level":"error","message":"Cloud sync failed.","timestamp":"2026-07-25T04:49:30.402Z"}
{"attempts":1,"error":"upload_failed","errorAddress":null,"errorCause":null,"errorCode":null,"errorErrno":null,"errorName":"Error","errorPort":null,"errorRequestId":null,"errorStack":"Error: upload_failed\n    at dispatchCloudMiniBatch (file:///C:/Users/POS/speypos-system/speypos-local/src/services/outbox.dispatchers.js:78:11)\n    at process.processTicksAndRejections (node:internal/process/task_queues:95:5)\n    at async processBatch (file:///C:/Users/POS/speypos-system/speypos-local/src/services/outbox.worker.js:38:7)\n    at async tick (file:///C:/Users/POS/speypos-system/speypos-local/src/services/outbox.worker.js:73:5)","errorStatus":null,"errorSyscall":null,"errorType":null,"eventId":"70a46b98-7840-4bd7-9a13-f280198f2b88","eventType":"cloud.mini_batch","level":"warn","message":"Outbox event dispatch failed","timestamp":"2026-07-25T04:49:30.404Z"}
{"level":"info","message":"Starting print job for order ID: 116174d3-e554-49e6-a3f0-29c6f07c067e.","status":"completed","timestamp":"2026-07-25T04:49:30.409Z"}
{"copies":[{"count":1,"variant":"INTERNAL"}],"engine":"canvas","level":"info","message":"Printing 1 variants for order 116174d3-e554-49e6-a3f0-29c6f07c067e","timestamp":"2026-07-25T04:49:30.409Z"}
{"level":"info","message":"[canvas] Rendering ESC/POS buffer for variant INTERNAL, order 116174d3-e554-49e6-a3f0-29c6f07c067e.","timestamp":"2026-07-25T04:49:30.410Z"}
{"level":"info","message":"[canvas] Sending copy 1/1 of variant INTERNAL for order 116174d3-e554-49e6-a3f0-29c6f07c067e.","timestamp":"2026-07-25T04:49:30.426Z"}
{"bufferBytes":23340,"level":"info","message":"ESC/POS transport: preparing to send buffer to printer","printerName":"\\\\localhost\\XP80","timestamp":"2026-07-25T04:49:30.426Z"}
{"bufferBytes":23340,"level":"info","message":"ESC/POS transport: buffer sent successfully","printerName":"\\\\localhost\\XP80","timestamp":"2026-07-25T04:49:30.694Z"}
{"level":"info","message":"Print job for order 116174d3-e554-49e6-a3f0-29c6f07c067e completed and marked as printed.","timestamp":"2026-07-25T04:49:30.694Z"}
{"baseUrl":"https://speypos-cloud-api.ryong.net","businessDate":"2026-07-25","level":"info","message":"Cloud sync starting.","orderCount":20,"shiftId":"56ef50c8-9581-4ead-9ea4-2c02d6e15628","storeId":"1","timestamp":"2026-07-25T04:49:32.125Z"}
{"error":"Validation failed","errorAddress":null,"errorCause":null,"errorCode":"invalid_event_batch","errorErrno":null,"errorName":"Error","errorPort":null,"errorRequestId":"4c7e69a7-4840-4850-be86-f563adb5a8f2","errorStack":"Error: Validation failed\n    at postJson (file:///C:/Users/POS/speypos-system/speypos-local/src/services/cloudIngest.service.js:119:25)\n    at process.processTicksAndRejections (node:internal/process/task_queues:95:5)\n    at async uploadOrdersBatch (file:///C:/Users/POS/speypos-system/speypos-local/src/services/cloudIngest.service.js:170:60)\n    at async dispatchCloudMiniBatch (file:///C:/Users/POS/speypos-system/speypos-local/src/services/outbox.dispatchers.js:75:18)\n    at async processBatch (file:///C:/Users/POS/speypos-system/speypos-local/src/services/outbox.worker.js:38:7)\n    at async tick (file:///C:/Users/POS/speypos-system/speypos-local/src/services/outbox.worker.js:73:5)","errorStatus":422,"errorSyscall":null,"errorType":null,"level":"error","message":"Cloud sync failed.","timestamp":"2026-07-25T04:49:32.182Z"}
{"attempts":2,"error":"upload_failed","errorAddress":null,"errorCause":null,"errorCode":null,"errorErrno":null,"errorName":"Error","errorPort":null,"errorRequestId":null,"errorStack":"Error: upload_failed\n    at dispatchCloudMiniBatch (file:///C:/Users/POS/speypos-system/speypos-local/src/services/outbox.dispatchers.js:78:11)\n    at process.processTicksAndRejections (node:internal/process/task_queues:95:5)\n    at async processBatch (file:///C:/Users/POS/speypos-system/speypos-local/src/services/outbox.worker.js:38:7)\n    at async tick (file:///C:/Users/POS/speypos-system/speypos-local/src/services/outbox.worker.js:73:5)","errorStatus":null,"errorSyscall":null,"errorType":null,"eventId":"70a46b98-7840-4bd7-9a13-f280198f2b88","eventType":"cloud.mini_batch","level":"warn","message":"Outbox event dispatch failed","timestamp":"2026-07-25T04:49:32.184Z"}
{"baseUrl":"https://speypos-cloud-api.ryong.net","businessDate":"2026-07-25","level":"info","message":"Cloud sync starting.","orderCount":20,"shiftId":"56ef50c8-9581-4ead-9ea4-2c02d6e15628","storeId":"1","timestamp":"2026-07-25T04:49:35.162Z"}
{"error":"Validation failed","errorAddress":null,"errorCause":null,"errorCode":"invalid_event_batch","errorErrno":null,"errorName":"Error","errorPort":null,"errorRequestId":"8fbcd005-97ae-4acb-b614-f2a6c775d503","errorStack":"Error: Validation failed\n    at postJson (file:///C:/Users/POS/speypos-system/speypos-local/src/services/cloudIngest.service.js:119:25)\n    at process.processTicksAndRejections (node:internal/process/task_queues:95:5)\n    at async uploadOrdersBatch (file:///C:/Users/POS/speypos-system/speypos-local/src/services/cloudIngest.service.js:170:60)\n    at async dispatchCloudMiniBatch (file:///C:/Users/POS/speypos-system/speypos-local/src/services/outbox.dispatchers.js:75:18)\n    at async processBatch (file:///C:/Users/POS/speypos-system/speypos-local/src/services/outbox.worker.js:38:7)\n    at async tick (file:///C:/Users/POS/speypos-system/speypos-local/src/services/outbox.worker.js:73:5)","errorStatus":422,"errorSyscall":null,"errorType":null,"level":"error","message":"Cloud sync failed.","timestamp":"2026-07-25T04:49:35.221Z"}
{"attempts":3,"error":"upload_failed","errorAddress":null,"errorCause":null,"errorCode":null,"errorErrno":null,"errorName":"Error","errorPort":null,"errorRequestId":null,"errorStack":"Error: upload_failed\n    at dispatchCloudMiniBatch (file:///C:/Users/POS/speypos-system/speypos-local/src/services/outbox.dispatchers.js:78:11)\n    at process.processTicksAndRejections (node:internal/process/task_queues:95:5)\n    at async processBatch (file:///C:/Users/POS/speypos-system/speypos-local/src/services/outbox.worker.js:38:7)\n    at async tick (file:///C:/Users/POS/speypos-system/speypos-local/src/services/outbox.worker.js:73:5)","errorStatus":null,"errorSyscall":null,"errorType":null,"eventId":"70a46b98-7840-4bd7-9a13-f280198f2b88","eventType":"cloud.mini_batch","level":"warn","message":"Outbox event dispatch failed","timestamp":"2026-07-25T04:49:35.222Z"}
{"baseUrl":"https://speypos-cloud-api.ryong.net","businessDate":"2026-07-25","level":"info","message":"Cloud sync starting.","orderCount":20,"shiftId":"56ef50c8-9581-4ead-9ea4-2c02d6e15628","storeId":"1","timestamp":"2026-07-25T04:49:40.204Z"}
{"error":"Validation failed","errorAddress":null,"errorCause":null,"errorCode":"invalid_event_batch","errorErrno":null,"errorName":"Error","errorPort":null,"errorRequestId":"9ab1d978-3e13-4c2a-9883-e3d77592e409","errorStack":"Error: Validation failed\n    at postJson (file:///C:/Users/POS/speypos-system/speypos-local/src/services/cloudIngest.service.js:119:25)\n    at process.processTicksAndRejections (node:internal/process/task_queues:95:5)\n    at async uploadOrdersBatch (file:///C:/Users/POS/speypos-system/speypos-local/src/services/cloudIngest.service.js:170:60)\n    at async dispatchCloudMiniBatch (file:///C:/Users/POS/speypos-system/speypos-local/src/services/outbox.dispatchers.js:75:18)\n    at async processBatch (file:///C:/Users/POS/speypos-system/speypos-local/src/services/outbox.worker.js:38:7)\n    at async tick (file:///C:/Users/POS/speypos-system/speypos-local/src/services/outbox.worker.js:73:5)","errorStatus":422,"errorSyscall":null,"errorType":null,"level":"error","message":"Cloud sync failed.","timestamp":"2026-07-25T04:49:40.371Z"}
{"attempts":4,"error":"upload_failed","errorAddress":null,"errorCause":null,"errorCode":null,"errorErrno":null,"errorName":"Error","errorPort":null,"errorRequestId":null,"errorStack":"Error: upload_failed\n    at dispatchCloudMiniBatch (file:///C:/Users/POS/speypos-system/speypos-local/src/services/outbox.dispatchers.js:78:11)\n    at process.processTicksAndRejections (node:internal/process/task_queues:95:5)\n    at async processBatch (file:///C:/Users/POS/speypos-system/speypos-local/src/services/outbox.worker.js:38:7)\n    at async tick (file:///C:/Users/POS/speypos-system/speypos-local/src/services/outbox.worker.js:73:5)","errorStatus":null,"errorSyscall":null,"errorType":null,"eventId":"70a46b98-7840-4bd7-9a13-f280198f2b88","eventType":"cloud.mini_batch","level":"warn","message":"Outbox event dispatch failed","timestamp":"2026-07-25T04:49:40.376Z"}
{"baseUrl":"https://speypos-cloud-api.ryong.net","businessDate":"2026-07-25","level":"info","message":"Cloud sync starting.","orderCount":20,"shiftId":"56ef50c8-9581-4ead-9ea4-2c02d6e15628","storeId":"1","timestamp":"2026-07-25T04:49:49.326Z"}
{"error":"Validation failed","errorAddress":null,"errorCause":null,"errorCode":"invalid_event_batch","errorErrno":null,"errorName":"Error","errorPort":null,"errorRequestId":"ac10786c-3e0c-490e-be05-bebb38754647","errorStack":"Error: Validation failed\n    at postJson (file:///C:/Users/POS/speypos-system/speypos-local/src/services/cloudIngest.service.js:119:25)\n    at process.processTicksAndRejections (node:internal/process/task_queues:95:5)\n    at async uploadOrdersBatch (file:///C:/Users/POS/speypos-system/speypos-local/src/services/cloudIngest.service.js:170:60)\n    at async dispatchCloudMiniBatch (file:///C:/Users/POS/speypos-system/speypos-local/src/services/outbox.dispatchers.js:75:18)\n    at async processBatch (file:///C:/Users/POS/speypos-system/speypos-local/src/services/outbox.worker.js:38:7)\n    at async tick (file:///C:/Users/POS/speypos-system/speypos-local/src/services/outbox.worker.js:73:5)","errorStatus":422,"errorSyscall":null,"errorType":null,"level":"error","message":"Cloud sync failed.","timestamp":"2026-07-25T04:49:49.500Z"}
{"attempts":5,"error":"upload_failed","errorAddress":null,"errorCause":null,"errorCode":null,"errorErrno":null,"errorName":"Error","errorPort":null,"errorRequestId":null,"errorStack":"Error: upload_failed\n    at dispatchCloudMiniBatch (file:///C:/Users/POS/speypos-system/speypos-local/src/services/outbox.dispatchers.js:78:11)\n    at process.processTicksAndRejections (node:internal/process/task_queues:95:5)\n    at async processBatch (file:///C:/Users/POS/speypos-system/speypos-local/src/services/outbox.worker.js:38:7)\n    at async tick (file:///C:/Users/POS/speypos-system/speypos-local/src/services/outbox.worker.js:73:5)","errorStatus":null,"errorSyscall":null,"errorType":null,"eventId":"70a46b98-7840-4bd7-9a13-f280198f2b88","eventType":"cloud.mini_batch","level":"warn","message":"Outbox event dispatch failed","timestamp":"2026-07-25T04:49:49.501Z"}
{"baseUrl":"https://speypos-cloud-api.ryong.net","businessDate":"2026-07-25","level":"info","message":"Cloud sync starting.","orderCount":20,"shiftId":"56ef50c8-9581-4ead-9ea4-2c02d6e15628","storeId":"1","timestamp":"2026-07-25T04:50:06.340Z"}
{"error":"Validation failed","errorAddress":null,"errorCause":null,"errorCode":"invalid_event_batch","errorErrno":null,"errorName":"Error","errorPort":null,"errorRequestId":"4262c2ba-b87f-434b-bc7f-687b50f4b20e","errorStack":"Error: Validation failed\n    at postJson (file:///C:/Users/POS/speypos-system/speypos-local/src/services/cloudIngest.service.js:119:25)\n    at process.processTicksAndRejections (node:internal/process/task_queues:95:5)\n    at async uploadOrdersBatch (file:///C:/Users/POS/speypos-system/speypos-local/src/services/cloudIngest.service.js:170:60)\n    at async dispatchCloudMiniBatch (file:///C:/Users/POS/speypos-system/speypos-local/src/services/outbox.dispatchers.js:75:18)\n    at async processBatch (file:///C:/Users/POS/speypos-system/speypos-local/src/services/outbox.worker.js:38:7)\n    at async tick (file:///C:/Users/POS/speypos-system/speypos-local/src/services/outbox.worker.js:73:5)","errorStatus":422,"errorSyscall":null,"errorType":null,"level":"error","message":"Cloud sync failed.","timestamp":"2026-07-25T04:50:06.497Z"}
{"attempts":6,"error":"upload_failed","errorAddress":null,"errorCause":null,"errorCode":null,"errorErrno":null,"errorName":"Error","errorPort":null,"errorRequestId":null,"errorStack":"Error: upload_failed\n    at dispatchCloudMiniBatch (file:///C:/Users/POS/speypos-system/speypos-local/src/services/outbox.dispatchers.js:78:11)\n    at process.processTicksAndRejections (node:internal/process/task_queues:95:5)\n    at async processBatch (file:///C:/Users/POS/speypos-system/speypos-local/src/services/outbox.worker.js:38:7)\n    at async tick (file:///C:/Users/POS/speypos-system/speypos-local/src/services/outbox.worker.js:73:5)","errorStatus":null,"errorSyscall":null,"errorType":null,"eventId":"70a46b98-7840-4bd7-9a13-f280198f2b88","eventType":"cloud.mini_batch","level":"warn","message":"Outbox event dispatch failed","timestamp":"2026-07-25T04:50:06.499Z"}
{"baseUrl":"https://speypos-cloud-api.ryong.net","businessDate":"2026-07-25","level":"info","message":"Cloud sync starting.","orderCount":20,"shiftId":"56ef50c8-9581-4ead-9ea4-2c02d6e15628","storeId":"1","timestamp":"2026-07-25T04:50:39.579Z"}
{"error":"Validation failed","errorAddress":null,"errorCause":null,"errorCode":"invalid_event_batch","errorErrno":null,"errorName":"Error","errorPort":null,"errorRequestId":"5154386e-955b-4e24-9d9d-a69da305fca4","errorStack":"Error: Validation failed\n    at postJson (file:///C:/Users/POS/speypos-system/speypos-local/src/services/cloudIngest.service.js:119:25)\n    at process.processTicksAndRejections (node:internal/process/task_queues:95:5)\n    at async uploadOrdersBatch (file:///C:/Users/POS/speypos-system/speypos-local/src/services/cloudIngest.service.js:170:60)\n    at async dispatchCloudMiniBatch (file:///C:/Users/POS/speypos-system/speypos-local/src/services/outbox.dispatchers.js:75:18)\n    at async processBatch (file:///C:/Users/POS/speypos-system/speypos-local/src/services/outbox.worker.js:38:7)\n    at async tick (file:///C:/Users/POS/speypos-system/speypos-local/src/services/outbox.worker.js:73:5)","errorStatus":422,"errorSyscall":null,"errorType":null,"level":"error","message":"Cloud sync failed.","timestamp":"2026-07-25T04:50:39.744Z"}
{"attempts":7,"error":"upload_failed","errorAddress":null,"errorCause":null,"errorCode":null,"errorErrno":null,"errorName":"Error","errorPort":null,"errorRequestId":null,"errorStack":"Error: upload_failed\n    at dispatchCloudMiniBatch (file:///C:/Users/POS/speypos-system/speypos-local/src/services/outbox.dispatchers.js:78:11)\n    at process.processTicksAndRejections (node:internal/process/task_queues:95:5)\n    at async processBatch (file:///C:/Users/POS/speypos-system/speypos-local/src/services/outbox.worker.js:38:7)\n    at async tick (file:///C:/Users/POS/speypos-system/speypos-local/src/services/outbox.worker.js:73:5)","errorStatus":null,"errorSyscall":null,"errorType":null,"eventId":"70a46b98-7840-4bd7-9a13-f280198f2b88","eventType":"cloud.mini_batch","level":"warn","message":"Outbox event dispatch failed","timestamp":"2026-07-25T04:50:39.746Z"}
{"baseUrl":"https://speypos-cloud-api.ryong.net","businessDate":"2026-07-25","level":"info","message":"Cloud sync starting.","orderCount":20,"shiftId":"56ef50c8-9581-4ead-9ea4-2c02d6e15628","storeId":"1","timestamp":"2026-07-25T04:51:44.085Z"}
{"error":"Validation failed","errorAddress":null,"errorCause":null,"errorCode":"invalid_event_batch","errorErrno":null,"errorName":"Error","errorPort":null,"errorRequestId":"e5fe0eec-d225-4159-ad39-4fe08df6ac2c","errorStack":"Error: Validation failed\n    at postJson (file:///C:/Users/POS/speypos-system/speypos-local/src/services/cloudIngest.service.js:119:25)\n    at process.processTicksAndRejections (node:internal/process/task_queues:95:5)\n    at async uploadOrdersBatch (file:///C:/Users/POS/speypos-system/speypos-local/src/services/cloudIngest.service.js:170:60)\n    at async dispatchCloudMiniBatch (file:///C:/Users/POS/speypos-system/speypos-local/src/services/outbox.dispatchers.js:75:18)\n    at async processBatch (file:///C:/Users/POS/speypos-system/speypos-local/src/services/outbox.worker.js:38:7)\n    at async tick (file:///C:/Users/POS/speypos-system/speypos-local/src/services/outbox.worker.js:73:5)","errorStatus":422,"errorSyscall":null,"errorType":null,"level":"error","message":"Cloud sync failed.","timestamp":"2026-07-25T04:51:44.273Z"}
{"attempts":8,"error":"upload_failed","errorAddress":null,"errorCause":null,"errorCode":null,"errorErrno":null,"errorName":"Error","errorPort":null,"errorRequestId":null,"errorStack":"Error: upload_failed\n    at dispatchCloudMiniBatch (file:///C:/Users/POS/speypos-system/speypos-local/src/services/outbox.dispatchers.js:78:11)\n    at process.processTicksAndRejections (node:internal/process/task_queues:95:5)\n    at async processBatch (file:///C:/Users/POS/speypos-system/speypos-local/src/services/outbox.worker.js:38:7)\n    at async tick (file:///C:/Users/POS/speypos-system/speypos-local/src/services/outbox.worker.js:73:5)","errorStatus":null,"errorSyscall":null,"errorType":null,"eventId":"70a46b98-7840-4bd7-9a13-f280198f2b88","eventType":"cloud.mini_batch","level":"warn","message":"Outbox event dispatch failed","timestamp":"2026-07-25T04:51:44.275Z"}
{"baseUrl":"https://speypos-cloud-api.ryong.net","businessDate":"2026-07-25","level":"info","message":"Cloud sync starting.","orderCount":20,"shiftId":"56ef50c8-9581-4ead-9ea4-2c02d6e15628","storeId":"1","timestamp":"2026-07-25T04:52:49.404Z"}
{"error":"Validation failed","errorAddress":null,"errorCause":null,"errorCode":"invalid_event_batch","errorErrno":null,"errorName":"Error","errorPort":null,"errorRequestId":"a2daacb5-baf6-4aa9-96dd-708d36002c71","errorStack":"Error: Validation failed\n    at postJson (file:///C:/Users/POS/speypos-system/speypos-local/src/services/cloudIngest.service.js:119:25)\n    at process.processTicksAndRejections (node:internal/process/task_queues:95:5)\n    at async uploadOrdersBatch (file:///C:/Users/POS/speypos-system/speypos-local/src/services/cloudIngest.service.js:170:60)\n    at async dispatchCloudMiniBatch (file:///C:/Users/POS/speypos-system/speypos-local/src/services/outbox.dispatchers.js:75:18)\n    at async processBatch (file:///C:/Users/POS/speypos-system/speypos-local/src/services/outbox.worker.js:38:7)\n    at async tick (file:///C:/Users/POS/speypos-system/speypos-local/src/services/outbox.worker.js:73:5)","errorStatus":422,"errorSyscall":null,"errorType":null,"level":"error","message":"Cloud sync failed.","timestamp":"2026-07-25T04:52:49.568Z"}
{"attempts":9,"error":"upload_failed","errorAddress":null,"errorCause":null,"errorCode":null,"errorErrno":null,"errorName":"Error","errorPort":null,"errorRequestId":null,"errorStack":"Error: upload_failed\n    at dispatchCloudMiniBatch (file:///C:/Users/POS/speypos-system/speypos-local/src/services/outbox.dispatchers.js:78:11)\n    at process.processTicksAndRejections (node:internal/process/task_queues:95:5)\n    at async processBatch (file:///C:/Users/POS/speypos-system/speypos-local/src/services/outbox.worker.js:38:7)\n    at async tick (file:///C:/Users/POS/speypos-system/speypos-local/src/services/outbox.worker.js:73:5)","errorStatus":null,"errorSyscall":null,"errorType":null,"eventId":"70a46b98-7840-4bd7-9a13-f280198f2b88","eventType":"cloud.mini_batch","level":"warn","message":"Outbox event dispatch failed","timestamp":"2026-07-25T04:52:49.570Z"}
{"baseUrl":"https://speypos-cloud-api.ryong.net","businessDate":"2026-07-25","level":"info","message":"Cloud sync starting.","orderCount":20,"shiftId":"56ef50c8-9581-4ead-9ea4-2c02d6e15628","storeId":"1","timestamp":"2026-07-25T04:53:53.914Z"}
{"error":"Validation failed","errorAddress":null,"errorCause":null,"errorCode":"invalid_event_batch","errorErrno":null,"errorName":"Error","errorPort":null,"errorRequestId":"94b85c5d-f711-43d0-a232-738e43490b51","errorStack":"Error: Validation failed\n    at postJson (file:///C:/Users/POS/speypos-system/speypos-local/src/services/cloudIngest.service.js:119:25)\n    at process.processTicksAndRejections (node:internal/process/task_queues:95:5)\n    at async uploadOrdersBatch (file:///C:/Users/POS/speypos-system/speypos-local/src/services/cloudIngest.service.js:170:60)\n    at async dispatchCloudMiniBatch (file:///C:/Users/POS/speypos-system/speypos-local/src/services/outbox.dispatchers.js:75:18)\n    at async processBatch (file:///C:/Users/POS/speypos-system/speypos-local/src/services/outbox.worker.js:38:7)\n    at async tick (file:///C:/Users/POS/speypos-system/speypos-local/src/services/outbox.worker.js:73:5)","errorStatus":422,"errorSyscall":null,"errorType":null,"level":"error","message":"Cloud sync failed.","timestamp":"2026-07-25T04:53:54.160Z"}
{"attempts":10,"error":"upload_failed","errorAddress":null,"errorCause":null,"errorCode":null,"errorErrno":null,"errorName":"Error","errorPort":null,"errorRequestId":null,"errorStack":"Error: upload_failed\n    at dispatchCloudMiniBatch (file:///C:/Users/POS/speypos-system/speypos-local/src/services/outbox.dispatchers.js:78:11)\n    at process.processTicksAndRejections (node:internal/process/task_queues:95:5)\n    at async processBatch (file:///C:/Users/POS/speypos-system/speypos-local/src/services/outbox.worker.js:38:7)\n    at async tick (file:///C:/Users/POS/speypos-system/speypos-local/src/services/outbox.worker.js:73:5)","errorStatus":null,"errorSyscall":null,"errorType":null,"eventId":"70a46b98-7840-4bd7-9a13-f280198f2b88","eventType":"cloud.mini_batch","level":"warn","message":"Outbox event dispatch failed","timestamp":"2026-07-25T04:53:54.162Z"}
{"level":"info","message":"Starting print job for order ID: 537debc3-1109-4545-a0fb-64618233a3c4.","status":"completed","timestamp":"2026-07-25T04:54:29.079Z"}
{"copies":[{"count":1,"variant":"INTERNAL"}],"engine":"canvas","level":"info","message":"Printing 1 variants for order 537debc3-1109-4545-a0fb-64618233a3c4","timestamp":"2026-07-25T04:54:29.081Z"}
{"level":"info","message":"[canvas] Rendering ESC/POS buffer for variant INTERNAL, order 537debc3-1109-4545-a0fb-64618233a3c4.","timestamp":"2026-07-25T04:54:29.083Z"}
{"level":"info","message":"[canvas] Sending copy 1/1 of variant INTERNAL for order 537debc3-1109-4545-a0fb-64618233a3c4.","timestamp":"2026-07-25T04:54:29.112Z"}
{"bufferBytes":23340,"level":"info","message":"ESC/POS transport: preparing to send buffer to printer","printerName":"\\\\localhost\\XP80","timestamp":"2026-07-25T04:54:29.114Z"}
{"bufferBytes":23340,"level":"info","message":"ESC/POS transport: buffer sent successfully","printerName":"\\\\localhost\\XP80","timestamp":"2026-07-25T04:54:29.379Z"}
{"level":"info","message":"Print job for order 537debc3-1109-4545-a0fb-64618233a3c4 completed and marked as printed.","timestamp":"2026-07-25T04:54:29.384Z"}
{"level":"info","message":"Telegram message sent successfully.","timestamp":"2026-07-25T04:54:30.289Z"}
{"level":"info","message":"Successfully sent and marked Telegram notification for order 537debc3-1109-4545-a0fb-64618233a3c4","timestamp":"2026-07-25T04:54:30.290Z"}
{"baseUrl":"https://speypos-cloud-api.ryong.net","businessDate":"2026-07-25","level":"info","message":"Cloud sync starting.","orderCount":20,"shiftId":"56ef50c8-9581-4ead-9ea4-2c02d6e15628","storeId":"1","timestamp":"2026-07-25T04:54:30.341Z"}
{"error":"Validation failed","errorAddress":null,"errorCause":null,"errorCode":"invalid_event_batch","errorErrno":null,"errorName":"Error","errorPort":null,"errorRequestId":"a805f6cc-8352-418d-90f9-1ea7c1ce0389","errorStack":"Error: Validation failed\n    at postJson (file:///C:/Users/POS/speypos-system/speypos-local/src/services/cloudIngest.service.js:119:25)\n    at process.processTicksAndRejections (node:internal/process/task_queues:95:5)\n    at async uploadOrdersBatch (file:///C:/Users/POS/speypos-system/speypos-local/src/services/cloudIngest.service.js:170:60)\n    at async dispatchCloudMiniBatch (file:///C:/Users/POS/speypos-system/speypos-local/src/services/outbox.dispatchers.js:75:18)\n    at async processBatch (file:///C:/Users/POS/speypos-system/speypos-local/src/services/outbox.worker.js:38:7)\n    at async tick (file:///C:/Users/POS/speypos-system/speypos-local/src/services/outbox.worker.js:73:5)","errorStatus":422,"errorSyscall":null,"errorType":null,"level":"error","message":"Cloud sync failed.","timestamp":"2026-07-25T04:54:30.577Z"}
{"attempts":1,"error":"upload_failed","errorAddress":null,"errorCause":null,"errorCode":null,"errorErrno":null,"errorName":"Error","errorPort":null,"errorRequestId":null,"errorStack":"Error: upload_failed\n    at dispatchCloudMiniBatch (file:///C:/Users/POS/speypos-system/speypos-local/src/services/outbox.dispatchers.js:78:11)\n    at process.processTicksAndRejections (node:internal/process/task_queues:95:5)\n    at async processBatch (file:///C:/Users/POS/speypos-system/speypos-local/src/services/outbox.worker.js:38:7)\n    at async tick (file:///C:/Users/POS/speypos-system/speypos-local/src/services/outbox.worker.js:73:5)","errorStatus":null,"errorSyscall":null,"errorType":null,"eventId":"cf1813fa-da68-46c5-8293-3b36d7318bcc","eventType":"cloud.mini_batch","level":"warn","message":"Outbox event dispatch failed","timestamp":"2026-07-25T04:54:30.578Z"}
{"baseUrl":"https://speypos-cloud-api.ryong.net","businessDate":"2026-07-25","level":"info","message":"Cloud sync starting.","orderCount":20,"shiftId":"56ef50c8-9581-4ead-9ea4-2c02d6e15628","storeId":"1","timestamp":"2026-07-25T04:54:32.142Z"}
{"error":"Validation failed","errorAddress":null,"errorCause":null,"errorCode":"invalid_event_batch","errorErrno":null,"errorName":"Error","errorPort":null,"errorRequestId":"365899b2-b635-4627-b40f-46a8d2c69af7","errorStack":"Error: Validation failed\n    at postJson (file:///C:/Users/POS/speypos-system/speypos-local/src/services/cloudIngest.service.js:119:25)\n    at process.processTicksAndRejections (node:internal/process/task_queues:95:5)\n    at async uploadOrdersBatch (file:///C:/Users/POS/speypos-system/speypos-local/src/services/cloudIngest.service.js:170:60)\n    at async dispatchCloudMiniBatch (file:///C:/Users/POS/speypos-system/speypos-local/src/services/outbox.dispatchers.js:75:18)\n    at async processBatch (file:///C:/Users/POS/speypos-system/speypos-local/src/services/outbox.worker.js:38:7)\n    at async tick (file:///C:/Users/POS/speypos-system/speypos-local/src/services/outbox.worker.js:73:5)","errorStatus":422,"errorSyscall":null,"errorType":null,"level":"error","message":"Cloud sync failed.","timestamp":"2026-07-25T04:54:32.205Z"}
{"attempts":2,"error":"upload_failed","errorAddress":null,"errorCause":null,"errorCode":null,"errorErrno":null,"errorName":"Error","errorPort":null,"errorRequestId":null,"errorStack":"Error: upload_failed\n    at dispatchCloudMiniBatch (file:///C:/Users/POS/speypos-system/speypos-local/src/services/outbox.dispatchers.js:78:11)\n    at process.processTicksAndRejections (node:internal/process/task_queues:95:5)\n    at async processBatch (file:///C:/Users/POS/speypos-system/speypos-local/src/services/outbox.worker.js:38:7)\n    at async tick (file:///C:/Users/POS/speypos-system/speypos-local/src/services/outbox.worker.js:73:5)","errorStatus":null,"errorSyscall":null,"errorType":null,"eventId":"cf1813fa-da68-46c5-8293-3b36d7318bcc","eventType":"cloud.mini_batch","level":"warn","message":"Outbox event dispatch failed","timestamp":"2026-07-25T04:54:32.206Z"}
{"baseUrl":"https://speypos-cloud-api.ryong.net","businessDate":"2026-07-25","level":"info","message":"Cloud sync starting.","orderCount":20,"shiftId":"56ef50c8-9581-4ead-9ea4-2c02d6e15628","storeId":"1","timestamp":"2026-07-25T04:54:35.148Z"}
{"error":"Validation failed","errorAddress":null,"errorCause":null,"errorCode":"invalid_event_batch","errorErrno":null,"errorName":"Error","errorPort":null,"errorRequestId":"94f156b2-5445-41d2-8461-e4cd7ff818c5","errorStack":"Error: Validation failed\n    at postJson (file:///C:/Users/POS/speypos-system/speypos-local/src/services/cloudIngest.service.js:119:25)\n    at process.processTicksAndRejections (node:internal/process/task_queues:95:5)\n    at async uploadOrdersBatch (file:///C:/Users/POS/speypos-system/speypos-local/src/services/cloudIngest.service.js:170:60)\n    at async dispatchCloudMiniBatch (file:///C:/Users/POS/speypos-system/speypos-local/src/services/outbox.dispatchers.js:75:18)\n    at async processBatch (file:///C:/Users/POS/speypos-system/speypos-local/src/services/outbox.worker.js:38:7)\n    at async tick (file:///C:/Users/POS/speypos-system/speypos-local/src/services/outbox.worker.js:73:5)","errorStatus":422,"errorSyscall":null,"errorType":null,"level":"error","message":"Cloud sync failed.","timestamp":"2026-07-25T04:54:35.209Z"}
{"attempts":3,"error":"upload_failed","errorAddress":null,"errorCause":null,"errorCode":null,"errorErrno":null,"errorName":"Error","errorPort":null,"errorRequestId":null,"errorStack":"Error: upload_failed\n    at dispatchCloudMiniBatch (file:///C:/Users/POS/speypos-system/speypos-local/src/services/outbox.dispatchers.js:78:11)\n    at process.processTicksAndRejections (node:internal/process/task_queues:95:5)\n    at async processBatch (file:///C:/Users/POS/speypos-system/speypos-local/src/services/outbox.worker.js:38:7)\n    at async tick (file:///C:/Users/POS/speypos-system/speypos-local/src/services/outbox.worker.js:73:5)","errorStatus":null,"errorSyscall":null,"errorType":null,"eventId":"cf1813fa-da68-46c5-8293-3b36d7318bcc","eventType":"cloud.mini_batch","level":"warn","message":"Outbox event dispatch failed","timestamp":"2026-07-25T04:54:35.210Z"}
{"baseUrl":"https://speypos-cloud-api.ryong.net","businessDate":"2026-07-25","level":"info","message":"Cloud sync starting.","orderCount":20,"shiftId":"56ef50c8-9581-4ead-9ea4-2c02d6e15628","storeId":"1","timestamp":"2026-07-25T04:54:40.144Z"}
{"error":"Validation failed","errorAddress":null,"errorCause":null,"errorCode":"invalid_event_batch","errorErrno":null,"errorName":"Error","errorPort":null,"errorRequestId":"d2452e11-e321-46d5-846a-3b38c031674c","errorStack":"Error: Validation failed\n    at postJson (file:///C:/Users/POS/speypos-system/speypos-local/src/services/cloudIngest.service.js:119:25)\n    at process.processTicksAndRejections (node:internal/process/task_queues:95:5)\n    at async uploadOrdersBatch (file:///C:/Users/POS/speypos-system/speypos-local/src/services/cloudIngest.service.js:170:60)\n    at async dispatchCloudMiniBatch (file:///C:/Users/POS/speypos-system/speypos-local/src/services/outbox.dispatchers.js:75:18)\n    at async processBatch (file:///C:/Users/POS/speypos-system/speypos-local/src/services/outbox.worker.js:38:7)\n    at async tick (file:///C:/Users/POS/speypos-system/speypos-local/src/services/outbox.worker.js:73:5)","errorStatus":422,"errorSyscall":null,"errorType":null,"level":"error","message":"Cloud sync failed.","timestamp":"2026-07-25T04:54:40.311Z"}
{"attempts":4,"error":"upload_failed","errorAddress":null,"errorCause":null,"errorCode":null,"errorErrno":null,"errorName":"Error","errorPort":null,"errorRequestId":null,"errorStack":"Error: upload_failed\n    at dispatchCloudMiniBatch (file:///C:/Users/POS/speypos-system/speypos-local/src/services/outbox.dispatchers.js:78:11)\n    at process.processTicksAndRejections (node:internal/process/task_queues:95:5)\n    at async processBatch (file:///C:/Users/POS/speypos-system/speypos-local/src/services/outbox.worker.js:38:7)\n    at async tick (file:///C:/Users/POS/speypos-system/speypos-local/src/services/outbox.worker.js:73:5)","errorStatus":null,"errorSyscall":null,"errorType":null,"eventId":"cf1813fa-da68-46c5-8293-3b36d7318bcc","eventType":"cloud.mini_batch","level":"warn","message":"Outbox event dispatch failed","timestamp":"2026-07-25T04:54:40.317Z"}
{"baseUrl":"https://speypos-cloud-api.ryong.net","businessDate":"2026-07-25","level":"info","message":"Cloud sync starting.","orderCount":20,"shiftId":"56ef50c8-9581-4ead-9ea4-2c02d6e15628","storeId":"1","timestamp":"2026-07-25T04:54:49.207Z"}
{"error":"Validation failed","errorAddress":null,"errorCause":null,"errorCode":"invalid_event_batch","errorErrno":null,"errorName":"Error","errorPort":null,"errorRequestId":"7607d2da-2321-483c-b993-31c2885eba1e","errorStack":"Error: Validation failed\n    at postJson (file:///C:/Users/POS/speypos-system/speypos-local/src/services/cloudIngest.service.js:119:25)\n    at process.processTicksAndRejections (node:internal/process/task_queues:95:5)\n    at async uploadOrdersBatch (file:///C:/Users/POS/speypos-system/speypos-local/src/services/cloudIngest.service.js:170:60)\n    at async dispatchCloudMiniBatch (file:///C:/Users/POS/speypos-system/speypos-local/src/services/outbox.dispatchers.js:75:18)\n    at async processBatch (file:///C:/Users/POS/speypos-system/speypos-local/src/services/outbox.worker.js:38:7)\n    at async tick (file:///C:/Users/POS/speypos-system/speypos-local/src/services/outbox.worker.js:73:5)","errorStatus":422,"errorSyscall":null,"errorType":null,"level":"error","message":"Cloud sync failed.","timestamp":"2026-07-25T04:54:49.370Z"}
{"attempts":5,"error":"upload_failed","errorAddress":null,"errorCause":null,"errorCode":null,"errorErrno":null,"errorName":"Error","errorPort":null,"errorRequestId":null,"errorStack":"Error: upload_failed\n    at dispatchCloudMiniBatch (file:///C:/Users/POS/speypos-system/speypos-local/src/services/outbox.dispatchers.js:78:11)\n    at process.processTicksAndRejections (node:internal/process/task_queues:95:5)\n    at async processBatch (file:///C:/Users/POS/speypos-system/speypos-local/src/services/outbox.worker.js:38:7)\n    at async tick (file:///C:/Users/POS/speypos-system/speypos-local/src/services/outbox.worker.js:73:5)","errorStatus":null,"errorSyscall":null,"errorType":null,"eventId":"cf1813fa-da68-46c5-8293-3b36d7318bcc","eventType":"cloud.mini_batch","level":"warn","message":"Outbox event dispatch failed","timestamp":"2026-07-25T04:54:49.372Z"}
{"baseUrl":"https://speypos-cloud-api.ryong.net","businessDate":"2026-07-25","level":"info","message":"Cloud sync starting.","orderCount":20,"shiftId":"56ef50c8-9581-4ead-9ea4-2c02d6e15628","storeId":"1","timestamp":"2026-07-25T04:55:06.283Z"}
{"error":"Validation failed","errorAddress":null,"errorCause":null,"errorCode":"invalid_event_batch","errorErrno":null,"errorName":"Error","errorPort":null,"errorRequestId":"8f397ba9-b807-498e-b6b6-5258d725a7a4","errorStack":"Error: Validation failed\n    at postJson (file:///C:/Users/POS/speypos-system/speypos-local/src/services/cloudIngest.service.js:119:25)\n    at process.processTicksAndRejections (node:internal/process/task_queues:95:5)\n    at async uploadOrdersBatch (file:///C:/Users/POS/speypos-system/speypos-local/src/services/cloudIngest.service.js:170:60)\n    at async dispatchCloudMiniBatch (file:///C:/Users/POS/speypos-system/speypos-local/src/services/outbox.dispatchers.js:75:18)\n    at async processBatch (file:///C:/Users/POS/speypos-system/speypos-local/src/services/outbox.worker.js:38:7)\n    at async tick (file:///C:/Users/POS/speypos-system/speypos-local/src/services/outbox.worker.js:73:5)","errorStatus":422,"errorSyscall":null,"errorType":null,"level":"error","message":"Cloud sync failed.","timestamp":"2026-07-25T04:55:06.452Z"}
{"attempts":6,"error":"upload_failed","errorAddress":null,"errorCause":null,"errorCode":null,"errorErrno":null,"errorName":"Error","errorPort":null,"errorRequestId":null,"errorStack":"Error: upload_failed\n    at dispatchCloudMiniBatch (file:///C:/Users/POS/speypos-system/speypos-local/src/services/outbox.dispatchers.js:78:11)\n    at process.processTicksAndRejections (node:internal/process/task_queues:95:5)\n    at async processBatch (file:///C:/Users/POS/speypos-system/speypos-local/src/services/outbox.worker.js:38:7)\n    at async tick (file:///C:/Users/POS/speypos-system/speypos-local/src/services/outbox.worker.js:73:5)","errorStatus":null,"errorSyscall":null,"errorType":null,"eventId":"cf1813fa-da68-46c5-8293-3b36d7318bcc","eventType":"cloud.mini_batch","level":"warn","message":"Outbox event dispatch failed","timestamp":"2026-07-25T04:55:06.454Z"}
{"baseUrl":"https://speypos-cloud-api.ryong.net","businessDate":"2026-07-25","level":"info","message":"Cloud sync starting.","orderCount":20,"shiftId":"56ef50c8-9581-4ead-9ea4-2c02d6e15628","storeId":"1","timestamp":"2026-07-25T04:55:39.437Z"}
{"error":"Validation failed","errorAddress":null,"errorCause":null,"errorCode":"invalid_event_batch","errorErrno":null,"errorName":"Error","errorPort":null,"errorRequestId":"0894ef08-f41c-42e5-afa9-9365eec69209","errorStack":"Error: Validation failed\n    at postJson (file:///C:/Users/POS/speypos-system/speypos-local/src/services/cloudIngest.service.js:119:25)\n    at process.processTicksAndRejections (node:internal/process/task_queues:95:5)\n    at async uploadOrdersBatch (file:///C:/Users/POS/speypos-system/speypos-local/src/services/cloudIngest.service.js:170:60)\n    at async dispatchCloudMiniBatch (file:///C:/Users/POS/speypos-system/speypos-local/src/services/outbox.dispatchers.js:75:18)\n    at async processBatch (file:///C:/Users/POS/speypos-system/speypos-local/src/services/outbox.worker.js:38:7)\n    at async tick (file:///C:/Users/POS/speypos-system/speypos-local/src/services/outbox.worker.js:73:5)","errorStatus":422,"errorSyscall":null,"errorType":null,"level":"error","message":"Cloud sync failed.","timestamp":"2026-07-25T04:55:39.596Z"}
{"attempts":7,"error":"upload_failed","errorAddress":null,"errorCause":null,"errorCode":null,"errorErrno":null,"errorName":"Error","errorPort":null,"errorRequestId":null,"errorStack":"Error: upload_failed\n    at dispatchCloudMiniBatch (file:///C:/Users/POS/speypos-system/speypos-local/src/services/outbox.dispatchers.js:78:11)\n    at process.processTicksAndRejections (node:internal/process/task_queues:95:5)\n    at async processBatch (file:///C:/Users/POS/speypos-system/speypos-local/src/services/outbox.worker.js:38:7)\n    at async tick (file:///C:/Users/POS/speypos-system/speypos-local/src/services/outbox.worker.js:73:5)","errorStatus":null,"errorSyscall":null,"errorType":null,"eventId":"cf1813fa-da68-46c5-8293-3b36d7318bcc","eventType":"cloud.mini_batch","level":"warn","message":"Outbox event dispatch failed","timestamp":"2026-07-25T04:55:39.598Z"}
{"baseUrl":"https://speypos-cloud-api.ryong.net","businessDate":"2026-07-25","level":"info","message":"Cloud sync starting.","orderCount":20,"shiftId":"56ef50c8-9581-4ead-9ea4-2c02d6e15628","storeId":"1","timestamp":"2026-07-25T04:56:44.689Z"}
{"error":"Validation failed","errorAddress":null,"errorCause":null,"errorCode":"invalid_event_batch","errorErrno":null,"errorName":"Error","errorPort":null,"errorRequestId":"dae0bb67-b5d6-4671-92ef-9bcde711f61e","errorStack":"Error: Validation failed\n    at postJson (file:///C:/Users/POS/speypos-system/speypos-local/src/services/cloudIngest.service.js:119:25)\n    at process.processTicksAndRejections (node:internal/process/task_queues:95:5)\n    at async uploadOrdersBatch (file:///C:/Users/POS/speypos-system/speypos-local/src/services/cloudIngest.service.js:170:60)\n    at async dispatchCloudMiniBatch (file:///C:/Users/POS/speypos-system/speypos-local/src/services/outbox.dispatchers.js:75:18)\n    at async processBatch (file:///C:/Users/POS/speypos-system/speypos-local/src/services/outbox.worker.js:38:7)\n    at async tick (file:///C:/Users/POS/speypos-system/speypos-local/src/services/outbox.worker.js:73:5)","errorStatus":422,"errorSyscall":null,"errorType":null,"level":"error","message":"Cloud sync failed.","timestamp":"2026-07-25T04:56:44.857Z"}
{"attempts":8,"error":"upload_failed","errorAddress":null,"errorCause":null,"errorCode":null,"errorErrno":null,"errorName":"Error","errorPort":null,"errorRequestId":null,"errorStack":"Error: upload_failed\n    at dispatchCloudMiniBatch (file:///C:/Users/POS/speypos-system/speypos-local/src/services/outbox.dispatchers.js:78:11)\n    at process.processTicksAndRejections (node:internal/process/task_queues:95:5)\n    at async processBatch (file:///C:/Users/POS/speypos-system/speypos-local/src/services/outbox.worker.js:38:7)\n    at async tick (file:///C:/Users/POS/speypos-system/speypos-local/src/services/outbox.worker.js:73:5)","errorStatus":null,"errorSyscall":null,"errorType":null,"eventId":"cf1813fa-da68-46c5-8293-3b36d7318bcc","eventType":"cloud.mini_batch","level":"warn","message":"Outbox event dispatch failed","timestamp":"2026-07-25T04:56:44.859Z"}
{"baseUrl":"https://speypos-cloud-api.ryong.net","businessDate":"2026-07-25","level":"info","message":"Cloud sync starting.","orderCount":20,"shiftId":"56ef50c8-9581-4ead-9ea4-2c02d6e15628","storeId":"1","timestamp":"2026-07-25T04:57:49.903Z"}
{"error":"Validation failed","errorAddress":null,"errorCause":null,"errorCode":"invalid_event_batch","errorErrno":null,"errorName":"Error","errorPort":null,"errorRequestId":"04ab80c5-6272-411d-ac30-8c7537fc756b","errorStack":"Error: Validation failed\n    at postJson (file:///C:/Users/POS/speypos-system/speypos-local/src/services/cloudIngest.service.js:119:25)\n    at process.processTicksAndRejections (node:internal/process/task_queues:95:5)\n    at async uploadOrdersBatch (file:///C:/Users/POS/speypos-system/speypos-local/src/services/cloudIngest.service.js:170:60)\n    at async dispatchCloudMiniBatch (file:///C:/Users/POS/speypos-system/speypos-local/src/services/outbox.dispatchers.js:75:18)\n    at async processBatch (file:///C:/Users/POS/speypos-system/speypos-local/src/services/outbox.worker.js:38:7)\n    at async tick (file:///C:/Users/POS/speypos-system/speypos-local/src/services/outbox.worker.js:73:5)","errorStatus":422,"errorSyscall":null,"errorType":null,"level":"error","message":"Cloud sync failed.","timestamp":"2026-07-25T04:57:50.061Z"}
{"attempts":9,"error":"upload_failed","errorAddress":null,"errorCause":null,"errorCode":null,"errorErrno":null,"errorName":"Error","errorPort":null,"errorRequestId":null,"errorStack":"Error: upload_failed\n    at dispatchCloudMiniBatch (file:///C:/Users/POS/speypos-system/speypos-local/src/services/outbox.dispatchers.js:78:11)\n    at process.processTicksAndRejections (node:internal/process/task_queues:95:5)\n    at async processBatch (file:///C:/Users/POS/speypos-system/speypos-local/src/services/outbox.worker.js:38:7)\n    at async tick (file:///C:/Users/POS/speypos-system/speypos-local/src/services/outbox.worker.js:73:5)","errorStatus":null,"errorSyscall":null,"errorType":null,"eventId":"cf1813fa-da68-46c5-8293-3b36d7318bcc","eventType":"cloud.mini_batch","level":"warn","message":"Outbox event dispatch failed","timestamp":"2026-07-25T04:57:50.066Z"}
{"baseUrl":"https://speypos-cloud-api.ryong.net","businessDate":"2026-07-25","level":"info","message":"Cloud sync starting.","orderCount":20,"shiftId":"56ef50c8-9581-4ead-9ea4-2c02d6e15628","storeId":"1","timestamp":"2026-07-25T04:58:54.210Z"}
{"error":"Validation failed","errorAddress":null,"errorCause":null,"errorCode":"invalid_event_batch","errorErrno":null,"errorName":"Error","errorPort":null,"errorRequestId":"9edfdf3b-976d-4315-89fe-0051e3da17bf","errorStack":"Error: Validation failed\n    at postJson (file:///C:/Users/POS/speypos-system/speypos-local/src/services/cloudIngest.service.js:119:25)\n    at process.processTicksAndRejections (node:internal/process/task_queues:95:5)\n    at async uploadOrdersBatch (file:///C:/Users/POS/speypos-system/speypos-local/src/services/cloudIngest.service.js:170:60)\n    at async dispatchCloudMiniBatch (file:///C:/Users/POS/speypos-system/speypos-local/src/services/outbox.dispatchers.js:75:18)\n    at async processBatch (file:///C:/Users/POS/speypos-system/speypos-local/src/services/outbox.worker.js:38:7)\n    at async tick (file:///C:/Users/POS/speypos-system/speypos-local/src/services/outbox.worker.js:73:5)","errorStatus":422,"errorSyscall":null,"errorType":null,"level":"error","message":"Cloud sync failed.","timestamp":"2026-07-25T04:58:54.368Z"}
{"attempts":10,"error":"upload_failed","errorAddress":null,"errorCause":null,"errorCode":null,"errorErrno":null,"errorName":"Error","errorPort":null,"errorRequestId":null,"errorStack":"Error: upload_failed\n    at dispatchCloudMiniBatch (file:///C:/Users/POS/speypos-system/speypos-local/src/services/outbox.dispatchers.js:78:11)\n    at process.processTicksAndRejections (node:internal/process/task_queues:95:5)\n    at async processBatch (file:///C:/Users/POS/speypos-system/speypos-local/src/services/outbox.worker.js:38:7)\n    at async tick (file:///C:/Users/POS/speypos-system/speypos-local/src/services/outbox.worker.js:73:5)","errorStatus":null,"errorSyscall":null,"errorType":null,"eventId":"cf1813fa-da68-46c5-8293-3b36d7318bcc","eventType":"cloud.mini_batch","level":"warn","message":"Outbox event dispatch failed","timestamp":"2026-07-25T04:58:54.370Z"}
{"level":"info","message":"Starting print job for order ID: 38772a8a-0b15-441a-9d41-c94bfb80d2db.","status":"completed","timestamp":"2026-07-25T04:59:09.213Z"}
{"copies":[{"count":1,"variant":"INTERNAL"}],"engine":"canvas","level":"info","message":"Printing 1 variants for order 38772a8a-0b15-441a-9d41-c94bfb80d2db","timestamp":"2026-07-25T04:59:09.213Z"}
{"level":"info","message":"[canvas] Rendering ESC/POS buffer for variant INTERNAL, order 38772a8a-0b15-441a-9d41-c94bfb80d2db.","timestamp":"2026-07-25T04:59:09.214Z"}
{"level":"info","message":"[canvas] Sending copy 1/1 of variant INTERNAL for order 38772a8a-0b15-441a-9d41-c94bfb80d2db.","timestamp":"2026-07-25T04:59:09.234Z"}
{"bufferBytes":23340,"level":"info","message":"ESC/POS transport: preparing to send buffer to printer","printerName":"\\\\localhost\\XP80","timestamp":"2026-07-25T04:59:09.235Z"}
{"bufferBytes":23340,"level":"info","message":"ESC/POS transport: buffer sent successfully","printerName":"\\\\localhost\\XP80","timestamp":"2026-07-25T04:59:09.519Z"}
{"level":"info","message":"Print job for order 38772a8a-0b15-441a-9d41-c94bfb80d2db completed and marked as printed.","timestamp":"2026-07-25T04:59:09.522Z"}
{"baseUrl":"https://speypos-cloud-api.ryong.net","businessDate":"2026-07-25","level":"info","message":"Cloud sync starting.","orderCount":20,"shiftId":"56ef50c8-9581-4ead-9ea4-2c02d6e15628","storeId":"1","timestamp":"2026-07-25T04:59:09.578Z"}
{"error":"Validation failed","errorAddress":null,"errorCause":null,"errorCode":"invalid_event_batch","errorErrno":null,"errorName":"Error","errorPort":null,"errorRequestId":"6f002e93-222a-4d05-9866-c3519e38bd0f","errorStack":"Error: Validation failed\n    at postJson (file:///C:/Users/POS/speypos-system/speypos-local/src/services/cloudIngest.service.js:119:25)\n    at process.processTicksAndRejections (node:internal/process/task_queues:95:5)\n    at async uploadOrdersBatch (file:///C:/Users/POS/speypos-system/speypos-local/src/services/cloudIngest.service.js:170:60)\n    at async dispatchCloudMiniBatch (file:///C:/Users/POS/speypos-system/speypos-local/src/services/outbox.dispatchers.js:75:18)\n    at async processBatch (file:///C:/Users/POS/speypos-system/speypos-local/src/services/outbox.worker.js:38:7)\n    at async tick (file:///C:/Users/POS/speypos-system/speypos-local/src/services/outbox.worker.js:73:5)","errorStatus":422,"errorSyscall":null,"errorType":null,"level":"error","message":"Cloud sync failed.","timestamp":"2026-07-25T04:59:09.739Z"}
{"attempts":1,"error":"upload_failed","errorAddress":null,"errorCause":null,"errorCode":null,"errorErrno":null,"errorName":"Error","errorPort":null,"errorRequestId":null,"errorStack":"Error: upload_failed\n    at dispatchCloudMiniBatch (file:///C:/Users/POS/speypos-system/speypos-local/src/services/outbox.dispatchers.js:78:11)\n    at process.processTicksAndRejections (node:internal/process/task_queues:95:5)\n    at async processBatch (file:///C:/Users/POS/speypos-system/speypos-local/src/services/outbox.worker.js:38:7)\n    at async tick (file:///C:/Users/POS/speypos-system/speypos-local/src/services/outbox.worker.js:73:5)","errorStatus":null,"errorSyscall":null,"errorType":null,"eventId":"4bded437-39bf-4d14-aedf-36f8db652bd7","eventType":"cloud.mini_batch","level":"warn","message":"Outbox event dispatch failed","timestamp":"2026-07-25T04:59:09.741Z"}
{"level":"info","message":"Telegram message sent successfully.","timestamp":"2026-07-25T04:59:10.651Z"}
{"level":"info","message":"Successfully sent and marked Telegram notification for order 38772a8a-0b15-441a-9d41-c94bfb80d2db","timestamp":"2026-07-25T04:59:10.653Z"}
{"baseUrl":"https://speypos-cloud-api.ryong.net","businessDate":"2026-07-25","level":"info","message":"Cloud sync starting.","orderCount":20,"shiftId":"56ef50c8-9581-4ead-9ea4-2c02d6e15628","storeId":"1","timestamp":"2026-07-25T04:59:11.278Z"}
{"error":"Validation failed","errorAddress":null,"errorCause":null,"errorCode":"invalid_event_batch","errorErrno":null,"errorName":"Error","errorPort":null,"errorRequestId":"1474f272-b2b4-43a8-8fad-da767309b7b5","errorStack":"Error: Validation failed\n    at postJson (file:///C:/Users/POS/speypos-system/speypos-local/src/services/cloudIngest.service.js:119:25)\n    at process.processTicksAndRejections (node:internal/process/task_queues:95:5)\n    at async uploadOrdersBatch (file:///C:/Users/POS/speypos-system/speypos-local/src/services/cloudIngest.service.js:170:60)\n    at async dispatchCloudMiniBatch (file:///C:/Users/POS/speypos-system/speypos-local/src/services/outbox.dispatchers.js:75:18)\n    at async processBatch (file:///C:/Users/POS/speypos-system/speypos-local/src/services/outbox.worker.js:38:7)\n    at async tick (file:///C:/Users/POS/speypos-system/speypos-local/src/services/outbox.worker.js:73:5)","errorStatus":422,"errorSyscall":null,"errorType":null,"level":"error","message":"Cloud sync failed.","timestamp":"2026-07-25T04:59:11.345Z"}
{"attempts":2,"error":"upload_failed","errorAddress":null,"errorCause":null,"errorCode":null,"errorErrno":null,"errorName":"Error","errorPort":null,"errorRequestId":null,"errorStack":"Error: upload_failed\n    at dispatchCloudMiniBatch (file:///C:/Users/POS/speypos-system/speypos-local/src/services/outbox.dispatchers.js:78:11)\n    at process.processTicksAndRejections (node:internal/process/task_queues:95:5)\n    at async processBatch (file:///C:/Users/POS/speypos-system/speypos-local/src/services/outbox.worker.js:38:7)\n    at async tick (file:///C:/Users/POS/speypos-system/speypos-local/src/services/outbox.worker.js:73:5)","errorStatus":null,"errorSyscall":null,"errorType":null,"eventId":"4bded437-39bf-4d14-aedf-36f8db652bd7","eventType":"cloud.mini_batch","level":"warn","message":"Outbox event dispatch failed","timestamp":"2026-07-25T04:59:11.347Z"}
{"baseUrl":"https://speypos-cloud-api.ryong.net","businessDate":"2026-07-25","level":"info","message":"Cloud sync starting.","orderCount":20,"shiftId":"56ef50c8-9581-4ead-9ea4-2c02d6e15628","storeId":"1","timestamp":"2026-07-25T04:59:14.285Z"}
{"error":"Validation failed","errorAddress":null,"errorCause":null,"errorCode":"invalid_event_batch","errorErrno":null,"errorName":"Error","errorPort":null,"errorRequestId":"5e153379-8267-4443-a166-0f79548b3d5a","errorStack":"Error: Validation failed\n    at postJson (file:///C:/Users/POS/speypos-system/speypos-local/src/services/cloudIngest.service.js:119:25)\n    at process.processTicksAndRejections (node:internal/process/task_queues:95:5)\n    at async uploadOrdersBatch (file:///C:/Users/POS/speypos-system/speypos-local/src/services/cloudIngest.service.js:170:60)\n    at async dispatchCloudMiniBatch (file:///C:/Users/POS/speypos-system/speypos-local/src/services/outbox.dispatchers.js:75:18)\n    at async processBatch (file:///C:/Users/POS/speypos-system/speypos-local/src/services/outbox.worker.js:38:7)\n    at async tick (file:///C:/Users/POS/speypos-system/speypos-local/src/services/outbox.worker.js:73:5)","errorStatus":422,"errorSyscall":null,"errorType":null,"level":"error","message":"Cloud sync failed.","timestamp":"2026-07-25T04:59:14.341Z"}
{"attempts":3,"error":"upload_failed","errorAddress":null,"errorCause":null,"errorCode":null,"errorErrno":null,"errorName":"Error","errorPort":null,"errorRequestId":null,"errorStack":"Error: upload_failed\n    at dispatchCloudMiniBatch (file:///C:/Users/POS/speypos-system/speypos-local/src/services/outbox.dispatchers.js:78:11)\n    at process.processTicksAndRejections (node:internal/process/task_queues:95:5)\n    at async processBatch (file:///C:/Users/POS/speypos-system/speypos-local/src/services/outbox.worker.js:38:7)\n    at async tick (file:///C:/Users/POS/speypos-system/speypos-local/src/services/outbox.worker.js:73:5)","errorStatus":null,"errorSyscall":null,"errorType":null,"eventId":"4bded437-39bf-4d14-aedf-36f8db652bd7","eventType":"cloud.mini_batch","level":"warn","message":"Outbox event dispatch failed","timestamp":"2026-07-25T04:59:14.342Z"}
{"baseUrl":"https://speypos-cloud-api.ryong.net","businessDate":"2026-07-25","level":"info","message":"Cloud sync starting.","orderCount":20,"shiftId":"56ef50c8-9581-4ead-9ea4-2c02d6e15628","storeId":"1","timestamp":"2026-07-25T04:59:19.306Z"}
{"error":"Validation failed","errorAddress":null,"errorCause":null,"errorCode":"invalid_event_batch","errorErrno":null,"errorName":"Error","errorPort":null,"errorRequestId":"943f2dde-2e93-4654-85f5-e5316512aaa4","errorStack":"Error: Validation failed\n    at postJson (file:///C:/Users/POS/speypos-system/speypos-local/src/services/cloudIngest.service.js:119:25)\n    at process.processTicksAndRejections (node:internal/process/task_queues:95:5)\n    at async uploadOrdersBatch (file:///C:/Users/POS/speypos-system/speypos-local/src/services/cloudIngest.service.js:170:60)\n    at async dispatchCloudMiniBatch (file:///C:/Users/POS/speypos-system/speypos-local/src/services/outbox.dispatchers.js:75:18)\n    at async processBatch (file:///C:/Users/POS/speypos-system/speypos-local/src/services/outbox.worker.js:38:7)\n    at async tick (file:///C:/Users/POS/speypos-system/speypos-local/src/services/outbox.worker.js:73:5)","errorStatus":422,"errorSyscall":null,"errorType":null,"level":"error","message":"Cloud sync failed.","timestamp":"2026-07-25T04:59:19.465Z"}
{"attempts":4,"error":"upload_failed","errorAddress":null,"errorCause":null,"errorCode":null,"errorErrno":null,"errorName":"Error","errorPort":null,"errorRequestId":null,"errorStack":"Error: upload_failed\n    at dispatchCloudMiniBatch (file:///C:/Users/POS/speypos-system/speypos-local/src/services/outbox.dispatchers.js:78:11)\n    at process.processTicksAndRejections (node:internal/process/task_queues:95:5)\n    at async processBatch (file:///C:/Users/POS/speypos-system/speypos-local/src/services/outbox.worker.js:38:7)\n    at async tick (file:///C:/Users/POS/speypos-system/speypos-local/src/services/outbox.worker.js:73:5)","errorStatus":null,"errorSyscall":null,"errorType":null,"eventId":"4bded437-39bf-4d14-aedf-36f8db652bd7","eventType":"cloud.mini_batch","level":"warn","message":"Outbox event dispatch failed","timestamp":"2026-07-25T04:59:19.466Z"}
{"baseUrl":"https://speypos-cloud-api.ryong.net","businessDate":"2026-07-25","level":"info","message":"Cloud sync starting.","orderCount":20,"shiftId":"56ef50c8-9581-4ead-9ea4-2c02d6e15628","storeId":"1","timestamp":"2026-07-25T04:59:28.333Z"}
{"error":"Validation failed","errorAddress":null,"errorCause":null,"errorCode":"invalid_event_batch","errorErrno":null,"errorName":"Error","errorPort":null,"errorRequestId":"c01cf93b-ed5f-4e40-9fed-638f27ba68ca","errorStack":"Error: Validation failed\n    at postJson (file:///C:/Users/POS/speypos-system/speypos-local/src/services/cloudIngest.service.js:119:25)\n    at process.processTicksAndRejections (node:internal/process/task_queues:95:5)\n    at async uploadOrdersBatch (file:///C:/Users/POS/speypos-system/speypos-local/src/services/cloudIngest.service.js:170:60)\n    at async dispatchCloudMiniBatch (file:///C:/Users/POS/speypos-system/speypos-local/src/services/outbox.dispatchers.js:75:18)\n    at async processBatch (file:///C:/Users/POS/speypos-system/speypos-local/src/services/outbox.worker.js:38:7)\n    at async tick (file:///C:/Users/POS/speypos-system/speypos-local/src/services/outbox.worker.js:73:5)","errorStatus":422,"errorSyscall":null,"errorType":null,"level":"error","message":"Cloud sync failed.","timestamp":"2026-07-25T04:59:28.496Z"}
{"attempts":5,"error":"upload_failed","errorAddress":null,"errorCause":null,"errorCode":null,"errorErrno":null,"errorName":"Error","errorPort":null,"errorRequestId":null,"errorStack":"Error: upload_failed\n    at dispatchCloudMiniBatch (file:///C:/Users/POS/speypos-system/speypos-local/src/services/outbox.dispatchers.js:78:11)\n    at process.processTicksAndRejections (node:internal/process/task_queues:95:5)\n    at async processBatch (file:///C:/Users/POS/speypos-system/speypos-local/src/services/outbox.worker.js:38:7)\n    at async tick (file:///C:/Users/POS/speypos-system/speypos-local/src/services/outbox.worker.js:73:5)","errorStatus":null,"errorSyscall":null,"errorType":null,"eventId":"4bded437-39bf-4d14-aedf-36f8db652bd7","eventType":"cloud.mini_batch","level":"warn","message":"Outbox event dispatch failed","timestamp":"2026-07-25T04:59:28.498Z"}
{"baseUrl":"https://speypos-cloud-api.ryong.net","businessDate":"2026-07-25","level":"info","message":"Cloud sync starting.","orderCount":20,"shiftId":"56ef50c8-9581-4ead-9ea4-2c02d6e15628","storeId":"1","timestamp":"2026-07-25T04:59:45.428Z"}
{"error":"Validation failed","errorAddress":null,"errorCause":null,"errorCode":"invalid_event_batch","errorErrno":null,"errorName":"Error","errorPort":null,"errorRequestId":"f9676811-ad90-4f6b-8b70-9917b60680c5","errorStack":"Error: Validation failed\n    at postJson (file:///C:/Users/POS/speypos-system/speypos-local/src/services/cloudIngest.service.js:119:25)\n    at process.processTicksAndRejections (node:internal/process/task_queues:95:5)\n    at async uploadOrdersBatch (file:///C:/Users/POS/speypos-system/speypos-local/src/services/cloudIngest.service.js:170:60)\n    at async dispatchCloudMiniBatch (file:///C:/Users/POS/speypos-system/speypos-local/src/services/outbox.dispatchers.js:75:18)\n    at async processBatch (file:///C:/Users/POS/speypos-system/speypos-local/src/services/outbox.worker.js:38:7)\n    at async tick (file:///C:/Users/POS/speypos-system/speypos-local/src/services/outbox.worker.js:73:5)","errorStatus":422,"errorSyscall":null,"errorType":null,"level":"error","message":"Cloud sync failed.","timestamp":"2026-07-25T04:59:45.678Z"}
{"attempts":6,"error":"upload_failed","errorAddress":null,"errorCause":null,"errorCode":null,"errorErrno":null,"errorName":"Error","errorPort":null,"errorRequestId":null,"errorStack":"Error: upload_failed\n    at dispatchCloudMiniBatch (file:///C:/Users/POS/speypos-system/speypos-local/src/services/outbox.dispatchers.js:78:11)\n    at process.processTicksAndRejections (node:internal/process/task_queues:95:5)\n    at async processBatch (file:///C:/Users/POS/speypos-system/speypos-local/src/services/outbox.worker.js:38:7)\n    at async tick (file:///C:/Users/POS/speypos-system/speypos-local/src/services/outbox.worker.js:73:5)","errorStatus":null,"errorSyscall":null,"errorType":null,"eventId":"4bded437-39bf-4d14-aedf-36f8db652bd7","eventType":"cloud.mini_batch","level":"warn","message":"Outbox event dispatch failed","timestamp":"2026-07-25T04:59:45.679Z"}
{"baseUrl":"https://speypos-cloud-api.ryong.net","businessDate":"2026-07-25","level":"info","message":"Cloud sync starting.","orderCount":20,"shiftId":"56ef50c8-9581-4ead-9ea4-2c02d6e15628","storeId":"1","timestamp":"2026-07-25T05:00:18.523Z"}
{"error":"Validation failed","errorAddress":null,"errorCause":null,"errorCode":"invalid_event_batch","errorErrno":null,"errorName":"Error","errorPort":null,"errorRequestId":"d1665e80-c8fd-4cc4-81f6-8884bc9814c2","errorStack":"Error: Validation failed\n    at postJson (file:///C:/Users/POS/speypos-system/speypos-local/src/services/cloudIngest.service.js:119:25)\n    at process.processTicksAndRejections (node:internal/process/task_queues:95:5)\n    at async uploadOrdersBatch (file:///C:/Users/POS/speypos-system/speypos-local/src/services/cloudIngest.service.js:170:60)\n    at async dispatchCloudMiniBatch (file:///C:/Users/POS/speypos-system/speypos-local/src/services/outbox.dispatchers.js:75:18)\n    at async processBatch (file:///C:/Users/POS/speypos-system/speypos-local/src/services/outbox.worker.js:38:7)\n    at async tick (file:///C:/Users/POS/speypos-system/speypos-local/src/services/outbox.worker.js:73:5)","errorStatus":422,"errorSyscall":null,"errorType":null,"level":"error","message":"Cloud sync failed.","timestamp":"2026-07-25T05:00:18.712Z"}
{"attempts":7,"error":"upload_failed","errorAddress":null,"errorCause":null,"errorCode":null,"errorErrno":null,"errorName":"Error","errorPort":null,"errorRequestId":null,"errorStack":"Error: upload_failed\n    at dispatchCloudMiniBatch (file:///C:/Users/POS/speypos-system/speypos-local/src/services/outbox.dispatchers.js:78:11)\n    at process.processTicksAndRejections (node:internal/process/task_queues:95:5)\n    at async processBatch (file:///C:/Users/POS/speypos-system/speypos-local/src/services/outbox.worker.js:38:7)\n    at async tick (file:///C:/Users/POS/speypos-system/speypos-local/src/services/outbox.worker.js:73:5)","errorStatus":null,"errorSyscall":null,"errorType":null,"eventId":"4bded437-39bf-4d14-aedf-36f8db652bd7","eventType":"cloud.mini_batch","level":"warn","message":"Outbox event dispatch failed","timestamp":"2026-07-25T05:00:18.714Z"}
{"baseUrl":"https://speypos-cloud-api.ryong.net","businessDate":"2026-07-25","level":"info","message":"Cloud sync starting.","orderCount":20,"shiftId":"56ef50c8-9581-4ead-9ea4-2c02d6e15628","storeId":"1","timestamp":"2026-07-25T05:01:23.651Z"}
{"error":"Validation failed","errorAddress":null,"errorCause":null,"errorCode":"invalid_event_batch","errorErrno":null,"errorName":"Error","errorPort":null,"errorRequestId":"35de730f-15be-47c7-8352-8eb240e0bfb7","errorStack":"Error: Validation failed\n    at postJson (file:///C:/Users/POS/speypos-system/speypos-local/src/services/cloudIngest.service.js:119:25)\n    at process.processTicksAndRejections (node:internal/process/task_queues:95:5)\n    at async uploadOrdersBatch (file:///C:/Users/POS/speypos-system/speypos-local/src/services/cloudIngest.service.js:170:60)\n    at async dispatchCloudMiniBatch (file:///C:/Users/POS/speypos-system/speypos-local/src/services/outbox.dispatchers.js:75:18)\n    at async processBatch (file:///C:/Users/POS/speypos-system/speypos-local/src/services/outbox.worker.js:38:7)\n    at async tick (file:///C:/Users/POS/speypos-system/speypos-local/src/services/outbox.worker.js:73:5)","errorStatus":422,"errorSyscall":null,"errorType":null,"level":"error","message":"Cloud sync failed.","timestamp":"2026-07-25T05:01:23.850Z"}
{"attempts":8,"error":"upload_failed","errorAddress":null,"errorCause":null,"errorCode":null,"errorErrno":null,"errorName":"Error","errorPort":null,"errorRequestId":null,"errorStack":"Error: upload_failed\n    at dispatchCloudMiniBatch (file:///C:/Users/POS/speypos-system/speypos-local/src/services/outbox.dispatchers.js:78:11)\n    at process.processTicksAndRejections (node:internal/process/task_queues:95:5)\n    at async processBatch (file:///C:/Users/POS/speypos-system/speypos-local/src/services/outbox.worker.js:38:7)\n    at async tick (file:///C:/Users/POS/speypos-system/speypos-local/src/services/outbox.worker.js:73:5)","errorStatus":null,"errorSyscall":null,"errorType":null,"eventId":"4bded437-39bf-4d14-aedf-36f8db652bd7","eventType":"cloud.mini_batch","level":"warn","message":"Outbox event dispatch failed","timestamp":"2026-07-25T05:01:23.851Z"}
{"baseUrl":"https://speypos-cloud-api.ryong.net","businessDate":"2026-07-25","level":"info","message":"Cloud sync starting.","orderCount":20,"shiftId":"56ef50c8-9581-4ead-9ea4-2c02d6e15628","storeId":"1","timestamp":"2026-07-25T05:02:28.865Z"}
{"error":"Validation failed","errorAddress":null,"errorCause":null,"errorCode":"invalid_event_batch","errorErrno":null,"errorName":"Error","errorPort":null,"errorRequestId":"0aac78fb-7690-43ae-9fa6-a771e72417d3","errorStack":"Error: Validation failed\n    at postJson (file:///C:/Users/POS/speypos-system/speypos-local/src/services/cloudIngest.service.js:119:25)\n    at process.processTicksAndRejections (node:internal/process/task_queues:95:5)\n    at async uploadOrdersBatch (file:///C:/Users/POS/speypos-system/speypos-local/src/services/cloudIngest.service.js:170:60)\n    at async dispatchCloudMiniBatch (file:///C:/Users/POS/speypos-system/speypos-local/src/services/outbox.dispatchers.js:75:18)\n    at async processBatch (file:///C:/Users/POS/speypos-system/speypos-local/src/services/outbox.worker.js:38:7)\n    at async tick (file:///C:/Users/POS/speypos-system/speypos-local/src/services/outbox.worker.js:73:5)","errorStatus":422,"errorSyscall":null,"errorType":null,"level":"error","message":"Cloud sync failed.","timestamp":"2026-07-25T05:02:29.014Z"}
{"attempts":9,"error":"upload_failed","errorAddress":null,"errorCause":null,"errorCode":null,"errorErrno":null,"errorName":"Error","errorPort":null,"errorRequestId":null,"errorStack":"Error: upload_failed\n    at dispatchCloudMiniBatch (file:///C:/Users/POS/speypos-system/speypos-local/src/services/outbox.dispatchers.js:78:11)\n    at process.processTicksAndRejections (node:internal/process/task_queues:95:5)\n    at async processBatch (file:///C:/Users/POS/speypos-system/speypos-local/src/services/outbox.worker.js:38:7)\n    at async tick (file:///C:/Users/POS/speypos-system/speypos-local/src/services/outbox.worker.js:73:5)","errorStatus":null,"errorSyscall":null,"errorType":null,"eventId":"4bded437-39bf-4d14-aedf-36f8db652bd7","eventType":"cloud.mini_batch","level":"warn","message":"Outbox event dispatch failed","timestamp":"2026-07-25T05:02:29.016Z"}
{"baseUrl":"https://speypos-cloud-api.ryong.net","businessDate":"2026-07-25","level":"info","message":"Cloud sync starting.","orderCount":20,"shiftId":"56ef50c8-9581-4ead-9ea4-2c02d6e15628","storeId":"1","timestamp":"2026-07-25T05:03:34.146Z"}
{"error":"Validation failed","errorAddress":null,"errorCause":null,"errorCode":"invalid_event_batch","errorErrno":null,"errorName":"Error","errorPort":null,"errorRequestId":"3d7a6414-9343-4981-b663-deba26d5f8e0","errorStack":"Error: Validation failed\n    at postJson (file:///C:/Users/POS/speypos-system/speypos-local/src/services/cloudIngest.service.js:119:25)\n    at process.processTicksAndRejections (node:internal/process/task_queues:95:5)\n    at async uploadOrdersBatch (file:///C:/Users/POS/speypos-system/speypos-local/src/services/cloudIngest.service.js:170:60)\n    at async dispatchCloudMiniBatch (file:///C:/Users/POS/speypos-system/speypos-local/src/services/outbox.dispatchers.js:75:18)\n    at async processBatch (file:///C:/Users/POS/speypos-system/speypos-local/src/services/outbox.worker.js:38:7)\n    at async tick (file:///C:/Users/POS/speypos-system/speypos-local/src/services/outbox.worker.js:73:5)","errorStatus":422,"errorSyscall":null,"errorType":null,"level":"error","message":"Cloud sync failed.","timestamp":"2026-07-25T05:03:34.329Z"}
{"attempts":10,"error":"upload_failed","errorAddress":null,"errorCause":null,"errorCode":null,"errorErrno":null,"errorName":"Error","errorPort":null,"errorRequestId":null,"errorStack":"Error: upload_failed\n    at dispatchCloudMiniBatch (file:///C:/Users/POS/speypos-system/speypos-local/src/services/outbox.dispatchers.js:78:11)\n    at process.processTicksAndRejections (node:internal/process/task_queues:95:5)\n    at async processBatch (file:///C:/Users/POS/speypos-system/speypos-local/src/services/outbox.worker.js:38:7)\n    at async tick (file:///C:/Users/POS/speypos-system/speypos-local/src/services/outbox.worker.js:73:5)","errorStatus":null,"errorSyscall":null,"errorType":null,"eventId":"4bded437-39bf-4d14-aedf-36f8db652bd7","eventType":"cloud.mini_batch","level":"warn","message":"Outbox event dispatch failed","timestamp":"2026-07-25T05:03:34.330Z"}
{"level":"info","message":"Starting print job for order ID: b09e7d1d-ef4a-4c28-a951-7cd8036d8d7d.","status":"completed","timestamp":"2026-07-25T05:27:17.283Z"}
{"copies":[{"count":1,"variant":"INTERNAL"}],"engine":"canvas","level":"info","message":"Printing 1 variants for order b09e7d1d-ef4a-4c28-a951-7cd8036d8d7d","timestamp":"2026-07-25T05:27:17.284Z"}
{"level":"info","message":"[canvas] Rendering ESC/POS buffer for variant INTERNAL, order b09e7d1d-ef4a-4c28-a951-7cd8036d8d7d.","timestamp":"2026-07-25T05:27:17.284Z"}
{"level":"info","message":"[canvas] Sending copy 1/1 of variant INTERNAL for order b09e7d1d-ef4a-4c28-a951-7cd8036d8d7d.","timestamp":"2026-07-25T05:27:17.314Z"}
{"bufferBytes":23340,"level":"info","message":"ESC/POS transport: preparing to send buffer to printer","printerName":"\\\\localhost\\XP80","timestamp":"2026-07-25T05:27:17.315Z"}
{"bufferBytes":23340,"level":"info","message":"ESC/POS transport: buffer sent successfully","printerName":"\\\\localhost\\XP80","timestamp":"2026-07-25T05:27:17.647Z"}
{"level":"info","message":"Print job for order b09e7d1d-ef4a-4c28-a951-7cd8036d8d7d completed and marked as printed.","timestamp":"2026-07-25T05:27:17.648Z"}
{"level":"info","message":"Telegram message sent successfully.","timestamp":"2026-07-25T05:27:18.620Z"}
{"level":"info","message":"Successfully sent and marked Telegram notification for order b09e7d1d-ef4a-4c28-a951-7cd8036d8d7d","timestamp":"2026-07-25T05:27:18.620Z"}
{"baseUrl":"https://speypos-cloud-api.ryong.net","businessDate":"2026-07-25","level":"info","message":"Cloud sync starting.","orderCount":20,"shiftId":"56ef50c8-9581-4ead-9ea4-2c02d6e15628","storeId":"1","timestamp":"2026-07-25T05:27:18.685Z"}
{"error":"Validation failed","errorAddress":null,"errorCause":null,"errorCode":"invalid_event_batch","errorErrno":null,"errorName":"Error","errorPort":null,"errorRequestId":"ccb2a314-c59a-47f3-a125-109d9e527111","errorStack":"Error: Validation failed\n    at postJson (file:///C:/Users/POS/speypos-system/speypos-local/src/services/cloudIngest.service.js:119:25)\n    at process.processTicksAndRejections (node:internal/process/task_queues:95:5)\n    at async uploadOrdersBatch (file:///C:/Users/POS/speypos-system/speypos-local/src/services/cloudIngest.service.js:170:60)\n    at async dispatchCloudMiniBatch (file:///C:/Users/POS/speypos-system/speypos-local/src/services/outbox.dispatchers.js:75:18)\n    at async processBatch (file:///C:/Users/POS/speypos-system/speypos-local/src/services/outbox.worker.js:38:7)\n    at async tick (file:///C:/Users/POS/speypos-system/speypos-local/src/services/outbox.worker.js:73:5)","errorStatus":422,"errorSyscall":null,"errorType":null,"level":"error","message":"Cloud sync failed.","timestamp":"2026-07-25T05:27:18.914Z"}
{"attempts":1,"error":"upload_failed","errorAddress":null,"errorCause":null,"errorCode":null,"errorErrno":null,"errorName":"Error","errorPort":null,"errorRequestId":null,"errorStack":"Error: upload_failed\n    at dispatchCloudMiniBatch (file:///C:/Users/POS/speypos-system/speypos-local/src/services/outbox.dispatchers.js:78:11)\n    at process.processTicksAndRejections (node:internal/process/task_queues:95:5)\n    at async processBatch (file:///C:/Users/POS/speypos-system/speypos-local/src/services/outbox.worker.js:38:7)\n    at async tick (file:///C:/Users/POS/speypos-system/speypos-local/src/services/outbox.worker.js:73:5)","errorStatus":null,"errorSyscall":null,"errorType":null,"eventId":"3215b335-0ce9-4069-b025-1a0ee8b521ef","eventType":"cloud.mini_batch","level":"warn","message":"Outbox event dispatch failed","timestamp":"2026-07-25T05:27:18.915Z"}
{"baseUrl":"https://speypos-cloud-api.ryong.net","businessDate":"2026-07-25","level":"info","message":"Cloud sync starting.","orderCount":20,"shiftId":"56ef50c8-9581-4ead-9ea4-2c02d6e15628","storeId":"1","timestamp":"2026-07-25T05:27:20.348Z"}
{"error":"Validation failed","errorAddress":null,"errorCause":null,"errorCode":"invalid_event_batch","errorErrno":null,"errorName":"Error","errorPort":null,"errorRequestId":"57020ea7-8d76-4372-8153-4b9a26dd500e","errorStack":"Error: Validation failed\n    at postJson (file:///C:/Users/POS/speypos-system/speypos-local/src/services/cloudIngest.service.js:119:25)\n    at process.processTicksAndRejections (node:internal/process/task_queues:95:5)\n    at async uploadOrdersBatch (file:///C:/Users/POS/speypos-system/speypos-local/src/services/cloudIngest.service.js:170:60)\n    at async dispatchCloudMiniBatch (file:///C:/Users/POS/speypos-system/speypos-local/src/services/outbox.dispatchers.js:75:18)\n    at async processBatch (file:///C:/Users/POS/speypos-system/speypos-local/src/services/outbox.worker.js:38:7)\n    at async tick (file:///C:/Users/POS/speypos-system/speypos-local/src/services/outbox.worker.js:73:5)","errorStatus":422,"errorSyscall":null,"errorType":null,"level":"error","message":"Cloud sync failed.","timestamp":"2026-07-25T05:27:20.411Z"}
{"attempts":2,"error":"upload_failed","errorAddress":null,"errorCause":null,"errorCode":null,"errorErrno":null,"errorName":"Error","errorPort":null,"errorRequestId":null,"errorStack":"Error: upload_failed\n    at dispatchCloudMiniBatch (file:///C:/Users/POS/speypos-system/speypos-local/src/services/outbox.dispatchers.js:78:11)\n    at process.processTicksAndRejections (node:internal/process/task_queues:95:5)\n    at async processBatch (file:///C:/Users/POS/speypos-system/speypos-local/src/services/outbox.worker.js:38:7)\n    at async tick (file:///C:/Users/POS/speypos-system/speypos-local/src/services/outbox.worker.js:73:5)","errorStatus":null,"errorSyscall":null,"errorType":null,"eventId":"3215b335-0ce9-4069-b025-1a0ee8b521ef","eventType":"cloud.mini_batch","level":"warn","message":"Outbox event dispatch failed","timestamp":"2026-07-25T05:27:20.413Z"}
{"level":"info","message":"Telegram message sent successfully.","timestamp":"2026-07-25T05:27:22.702Z"}
{"level":"info","message":"Successfully sent and marked Telegram notification for order baf0b8e2-8c67-44ad-afc7-5377a4a0ad2a","timestamp":"2026-07-25T05:27:22.704Z"}
{"level":"info","message":"Starting print job for order ID: baf0b8e2-8c67-44ad-afc7-5377a4a0ad2a.","status":"completed","timestamp":"2026-07-25T05:27:22.711Z"}
{"copies":[{"count":1,"variant":"INTERNAL"}],"engine":"canvas","level":"info","message":"Printing 1 variants for order baf0b8e2-8c67-44ad-afc7-5377a4a0ad2a","timestamp":"2026-07-25T05:27:22.712Z"}
{"level":"info","message":"[canvas] Rendering ESC/POS buffer for variant INTERNAL, order baf0b8e2-8c67-44ad-afc7-5377a4a0ad2a.","timestamp":"2026-07-25T05:27:22.712Z"}
{"level":"info","message":"[canvas] Sending copy 1/1 of variant INTERNAL for order baf0b8e2-8c67-44ad-afc7-5377a4a0ad2a.","timestamp":"2026-07-25T05:27:22.736Z"}
{"bufferBytes":23340,"level":"info","message":"ESC/POS transport: preparing to send buffer to printer","printerName":"\\\\localhost\\XP80","timestamp":"2026-07-25T05:27:22.736Z"}
{"bufferBytes":23340,"level":"info","message":"ESC/POS transport: buffer sent successfully","printerName":"\\\\localhost\\XP80","timestamp":"2026-07-25T05:27:23.002Z"}
{"level":"info","message":"Print job for order baf0b8e2-8c67-44ad-afc7-5377a4a0ad2a completed and marked as printed.","timestamp":"2026-07-25T05:27:23.003Z"}
{"baseUrl":"https://speypos-cloud-api.ryong.net","businessDate":"2026-07-25","level":"info","message":"Cloud sync starting.","orderCount":20,"shiftId":"56ef50c8-9581-4ead-9ea4-2c02d6e15628","storeId":"1","timestamp":"2026-07-25T05:27:23.063Z"}
{"error":"Validation failed","errorAddress":null,"errorCause":null,"errorCode":"invalid_event_batch","errorErrno":null,"errorName":"Error","errorPort":null,"errorRequestId":"d0d31c76-4ead-49ff-b6e7-bfa163c896c2","errorStack":"Error: Validation failed\n    at postJson (file:///C:/Users/POS/speypos-system/speypos-local/src/services/cloudIngest.service.js:119:25)\n    at process.processTicksAndRejections (node:internal/process/task_queues:95:5)\n    at async uploadOrdersBatch (file:///C:/Users/POS/speypos-system/speypos-local/src/services/cloudIngest.service.js:170:60)\n    at async dispatchCloudMiniBatch (file:///C:/Users/POS/speypos-system/speypos-local/src/services/outbox.dispatchers.js:75:18)\n    at async processBatch (file:///C:/Users/POS/speypos-system/speypos-local/src/services/outbox.worker.js:38:7)\n    at async tick (file:///C:/Users/POS/speypos-system/speypos-local/src/services/outbox.worker.js:73:5)","errorStatus":422,"errorSyscall":null,"errorType":null,"level":"error","message":"Cloud sync failed.","timestamp":"2026-07-25T05:27:23.118Z"}
{"attempts":1,"error":"upload_failed","errorAddress":null,"errorCause":null,"errorCode":null,"errorErrno":null,"errorName":"Error","errorPort":null,"errorRequestId":null,"errorStack":"Error: upload_failed\n    at dispatchCloudMiniBatch (file:///C:/Users/POS/speypos-system/speypos-local/src/services/outbox.dispatchers.js:78:11)\n    at process.processTicksAndRejections (node:internal/process/task_queues:95:5)\n    at async processBatch (file:///C:/Users/POS/speypos-system/speypos-local/src/services/outbox.worker.js:38:7)\n    at async tick (file:///C:/Users/POS/speypos-system/speypos-local/src/services/outbox.worker.js:73:5)","errorStatus":null,"errorSyscall":null,"errorType":null,"eventId":"7c445f48-6e03-41bf-8ecd-24ee1261bf03","eventType":"cloud.mini_batch","level":"warn","message":"Outbox event dispatch failed","timestamp":"2026-07-25T05:27:23.119Z"}
{"baseUrl":"https://speypos-cloud-api.ryong.net","businessDate":"2026-07-25","level":"info","message":"Cloud sync starting.","orderCount":20,"shiftId":"56ef50c8-9581-4ead-9ea4-2c02d6e15628","storeId":"1","timestamp":"2026-07-25T05:27:23.343Z"}
{"error":"Validation failed","errorAddress":null,"errorCause":null,"errorCode":"invalid_event_batch","errorErrno":null,"errorName":"Error","errorPort":null,"errorRequestId":"faf70085-9628-4451-94a5-f36959654bbe","errorStack":"Error: Validation failed\n    at postJson (file:///C:/Users/POS/speypos-system/speypos-local/src/services/cloudIngest.service.js:119:25)\n    at process.processTicksAndRejections (node:internal/process/task_queues:95:5)\n    at async uploadOrdersBatch (file:///C:/Users/POS/speypos-system/speypos-local/src/services/cloudIngest.service.js:170:60)\n    at async dispatchCloudMiniBatch (file:///C:/Users/POS/speypos-system/speypos-local/src/services/outbox.dispatchers.js:75:18)\n    at async processBatch (file:///C:/Users/POS/speypos-system/speypos-local/src/services/outbox.worker.js:38:7)\n    at async tick (file:///C:/Users/POS/speypos-system/speypos-local/src/services/outbox.worker.js:73:5)","errorStatus":422,"errorSyscall":null,"errorType":null,"level":"error","message":"Cloud sync failed.","timestamp":"2026-07-25T05:27:23.406Z"}
{"attempts":3,"error":"upload_failed","errorAddress":null,"errorCause":null,"errorCode":null,"errorErrno":null,"errorName":"Error","errorPort":null,"errorRequestId":null,"errorStack":"Error: upload_failed\n    at dispatchCloudMiniBatch (file:///C:/Users/POS/speypos-system/speypos-local/src/services/outbox.dispatchers.js:78:11)\n    at process.processTicksAndRejections (node:internal/process/task_queues:95:5)\n    at async processBatch (file:///C:/Users/POS/speypos-system/speypos-local/src/services/outbox.worker.js:38:7)\n    at async tick (file:///C:/Users/POS/speypos-system/speypos-local/src/services/outbox.worker.js:73:5)","errorStatus":null,"errorSyscall":null,"errorType":null,"eventId":"3215b335-0ce9-4069-b025-1a0ee8b521ef","eventType":"cloud.mini_batch","level":"warn","message":"Outbox event dispatch failed","timestamp":"2026-07-25T05:27:23.408Z"}
{"baseUrl":"https://speypos-cloud-api.ryong.net","businessDate":"2026-07-25","level":"info","message":"Cloud sync starting.","orderCount":20,"shiftId":"56ef50c8-9581-4ead-9ea4-2c02d6e15628","storeId":"1","timestamp":"2026-07-25T05:27:24.335Z"}
{"error":"Validation failed","errorAddress":null,"errorCause":null,"errorCode":"invalid_event_batch","errorErrno":null,"errorName":"Error","errorPort":null,"errorRequestId":"4ba2b373-51b6-4abc-9680-8c69d9f8d50b","errorStack":"Error: Validation failed\n    at postJson (file:///C:/Users/POS/speypos-system/speypos-local/src/services/cloudIngest.service.js:119:25)\n    at process.processTicksAndRejections (node:internal/process/task_queues:95:5)\n    at async uploadOrdersBatch (file:///C:/Users/POS/speypos-system/speypos-local/src/services/cloudIngest.service.js:170:60)\n    at async dispatchCloudMiniBatch (file:///C:/Users/POS/speypos-system/speypos-local/src/services/outbox.dispatchers.js:75:18)\n    at async processBatch (file:///C:/Users/POS/speypos-system/speypos-local/src/services/outbox.worker.js:38:7)\n    at async tick (file:///C:/Users/POS/speypos-system/speypos-local/src/services/outbox.worker.js:73:5)","errorStatus":422,"errorSyscall":null,"errorType":null,"level":"error","message":"Cloud sync failed.","timestamp":"2026-07-25T05:27:24.391Z"}
{"attempts":2,"error":"upload_failed","errorAddress":null,"errorCause":null,"errorCode":null,"errorErrno":null,"errorName":"Error","errorPort":null,"errorRequestId":null,"errorStack":"Error: upload_failed\n    at dispatchCloudMiniBatch (file:///C:/Users/POS/speypos-system/speypos-local/src/services/outbox.dispatchers.js:78:11)\n    at process.processTicksAndRejections (node:internal/process/task_queues:95:5)\n    at async processBatch (file:///C:/Users/POS/speypos-system/speypos-local/src/services/outbox.worker.js:38:7)\n    at async tick (file:///C:/Users/POS/speypos-system/speypos-local/src/services/outbox.worker.js:73:5)","errorStatus":null,"errorSyscall":null,"errorType":null,"eventId":"7c445f48-6e03-41bf-8ecd-24ee1261bf03","eventType":"cloud.mini_batch","level":"warn","message":"Outbox event dispatch failed","timestamp":"2026-07-25T05:27:24.391Z"}
{"baseUrl":"https://speypos-cloud-api.ryong.net","businessDate":"2026-07-25","level":"info","message":"Cloud sync starting.","orderCount":20,"shiftId":"56ef50c8-9581-4ead-9ea4-2c02d6e15628","storeId":"1","timestamp":"2026-07-25T05:27:27.368Z"}
{"error":"Validation failed","errorAddress":null,"errorCause":null,"errorCode":"invalid_event_batch","errorErrno":null,"errorName":"Error","errorPort":null,"errorRequestId":"e66013be-d3af-48a8-ab7f-e126791e2144","errorStack":"Error: Validation failed\n    at postJson (file:///C:/Users/POS/speypos-system/speypos-local/src/services/cloudIngest.service.js:119:25)\n    at process.processTicksAndRejections (node:internal/process/task_queues:95:5)\n    at async uploadOrdersBatch (file:///C:/Users/POS/speypos-system/speypos-local/src/services/cloudIngest.service.js:170:60)\n    at async dispatchCloudMiniBatch (file:///C:/Users/POS/speypos-system/speypos-local/src/services/outbox.dispatchers.js:75:18)\n    at async processBatch (file:///C:/Users/POS/speypos-system/speypos-local/src/services/outbox.worker.js:38:7)\n    at async tick (file:///C:/Users/POS/speypos-system/speypos-local/src/services/outbox.worker.js:73:5)","errorStatus":422,"errorSyscall":null,"errorType":null,"level":"error","message":"Cloud sync failed.","timestamp":"2026-07-25T05:27:27.425Z"}
{"attempts":3,"error":"upload_failed","errorAddress":null,"errorCause":null,"errorCode":null,"errorErrno":null,"errorName":"Error","errorPort":null,"errorRequestId":null,"errorStack":"Error: upload_failed\n    at dispatchCloudMiniBatch (file:///C:/Users/POS/speypos-system/speypos-local/src/services/outbox.dispatchers.js:78:11)\n    at process.processTicksAndRejections (node:internal/process/task_queues:95:5)\n    at async processBatch (file:///C:/Users/POS/speypos-system/speypos-local/src/services/outbox.worker.js:38:7)\n    at async tick (file:///C:/Users/POS/speypos-system/speypos-local/src/services/outbox.worker.js:73:5)","errorStatus":null,"errorSyscall":null,"errorType":null,"eventId":"7c445f48-6e03-41bf-8ecd-24ee1261bf03","eventType":"cloud.mini_batch","level":"warn","message":"Outbox event dispatch failed","timestamp":"2026-07-25T05:27:27.426Z"}
{"baseUrl":"https://speypos-cloud-api.ryong.net","businessDate":"2026-07-25","level":"info","message":"Cloud sync starting.","orderCount":20,"shiftId":"56ef50c8-9581-4ead-9ea4-2c02d6e15628","storeId":"1","timestamp":"2026-07-25T05:27:28.399Z"}
{"error":"Validation failed","errorAddress":null,"errorCause":null,"errorCode":"invalid_event_batch","errorErrno":null,"errorName":"Error","errorPort":null,"errorRequestId":"b7cd252f-f5b0-4c2b-9910-189df00b7cb2","errorStack":"Error: Validation failed\n    at postJson (file:///C:/Users/POS/speypos-system/speypos-local/src/services/cloudIngest.service.js:119:25)\n    at process.processTicksAndRejections (node:internal/process/task_queues:95:5)\n    at async uploadOrdersBatch (file:///C:/Users/POS/speypos-system/speypos-local/src/services/cloudIngest.service.js:170:60)\n    at async dispatchCloudMiniBatch (file:///C:/Users/POS/speypos-system/speypos-local/src/services/outbox.dispatchers.js:75:18)\n    at async processBatch (file:///C:/Users/POS/speypos-system/speypos-local/src/services/outbox.worker.js:38:7)\n    at async tick (file:///C:/Users/POS/speypos-system/speypos-local/src/services/outbox.worker.js:73:5)","errorStatus":422,"errorSyscall":null,"errorType":null,"level":"error","message":"Cloud sync failed.","timestamp":"2026-07-25T05:27:28.460Z"}
{"attempts":4,"error":"upload_failed","errorAddress":null,"errorCause":null,"errorCode":null,"errorErrno":null,"errorName":"Error","errorPort":null,"errorRequestId":null,"errorStack":"Error: upload_failed\n    at dispatchCloudMiniBatch (file:///C:/Users/POS/speypos-system/speypos-local/src/services/outbox.dispatchers.js:78:11)\n    at process.processTicksAndRejections (node:internal/process/task_queues:95:5)\n    at async processBatch (file:///C:/Users/POS/speypos-system/speypos-local/src/services/outbox.worker.js:38:7)\n    at async tick (file:///C:/Users/POS/speypos-system/speypos-local/src/services/outbox.worker.js:73:5)","errorStatus":null,"errorSyscall":null,"errorType":null,"eventId":"3215b335-0ce9-4069-b025-1a0ee8b521ef","eventType":"cloud.mini_batch","level":"warn","message":"Outbox event dispatch failed","timestamp":"2026-07-25T05:27:28.461Z"}
{"baseUrl":"https://speypos-cloud-api.ryong.net","businessDate":"2026-07-25","level":"info","message":"Cloud sync starting.","orderCount":20,"shiftId":"56ef50c8-9581-4ead-9ea4-2c02d6e15628","storeId":"1","timestamp":"2026-07-25T05:27:32.386Z"}
{"error":"Validation failed","errorAddress":null,"errorCause":null,"errorCode":"invalid_event_batch","errorErrno":null,"errorName":"Error","errorPort":null,"errorRequestId":"acbbd712-da78-43f6-8a77-155ed12b5c09","errorStack":"Error: Validation failed\n    at postJson (file:///C:/Users/POS/speypos-system/speypos-local/src/services/cloudIngest.service.js:119:25)\n    at process.processTicksAndRejections (node:internal/process/task_queues:95:5)\n    at async uploadOrdersBatch (file:///C:/Users/POS/speypos-system/speypos-local/src/services/cloudIngest.service.js:170:60)\n    at async dispatchCloudMiniBatch (file:///C:/Users/POS/speypos-system/speypos-local/src/services/outbox.dispatchers.js:75:18)\n    at async processBatch (file:///C:/Users/POS/speypos-system/speypos-local/src/services/outbox.worker.js:38:7)\n    at async tick (file:///C:/Users/POS/speypos-system/speypos-local/src/services/outbox.worker.js:73:5)","errorStatus":422,"errorSyscall":null,"errorType":null,"level":"error","message":"Cloud sync failed.","timestamp":"2026-07-25T05:27:32.442Z"}
{"attempts":4,"error":"upload_failed","errorAddress":null,"errorCause":null,"errorCode":null,"errorErrno":null,"errorName":"Error","errorPort":null,"errorRequestId":null,"errorStack":"Error: upload_failed\n    at dispatchCloudMiniBatch (file:///C:/Users/POS/speypos-system/speypos-local/src/services/outbox.dispatchers.js:78:11)\n    at process.processTicksAndRejections (node:internal/process/task_queues:95:5)\n    at async processBatch (file:///C:/Users/POS/speypos-system/speypos-local/src/services/outbox.worker.js:38:7)\n    at async tick (file:///C:/Users/POS/speypos-system/speypos-local/src/services/outbox.worker.js:73:5)","errorStatus":null,"errorSyscall":null,"errorType":null,"eventId":"7c445f48-6e03-41bf-8ecd-24ee1261bf03","eventType":"cloud.mini_batch","level":"warn","message":"Outbox event dispatch failed","timestamp":"2026-07-25T05:27:32.443Z"}
{"baseUrl":"https://speypos-cloud-api.ryong.net","businessDate":"2026-07-25","level":"info","message":"Cloud sync starting.","orderCount":20,"shiftId":"56ef50c8-9581-4ead-9ea4-2c02d6e15628","storeId":"1","timestamp":"2026-07-25T05:27:37.448Z"}
{"error":"Validation failed","errorAddress":null,"errorCause":null,"errorCode":"invalid_event_batch","errorErrno":null,"errorName":"Error","errorPort":null,"errorRequestId":"183bbd18-ca38-46ca-a062-deaad8001bd9","errorStack":"Error: Validation failed\n    at postJson (file:///C:/Users/POS/speypos-system/speypos-local/src/services/cloudIngest.service.js:119:25)\n    at process.processTicksAndRejections (node:internal/process/task_queues:95:5)\n    at async uploadOrdersBatch (file:///C:/Users/POS/speypos-system/speypos-local/src/services/cloudIngest.service.js:170:60)\n    at async dispatchCloudMiniBatch (file:///C:/Users/POS/speypos-system/speypos-local/src/services/outbox.dispatchers.js:75:18)\n    at async processBatch (file:///C:/Users/POS/speypos-system/speypos-local/src/services/outbox.worker.js:38:7)\n    at async tick (file:///C:/Users/POS/speypos-system/speypos-local/src/services/outbox.worker.js:73:5)","errorStatus":422,"errorSyscall":null,"errorType":null,"level":"error","message":"Cloud sync failed.","timestamp":"2026-07-25T05:27:37.609Z"}
{"attempts":5,"error":"upload_failed","errorAddress":null,"errorCause":null,"errorCode":null,"errorErrno":null,"errorName":"Error","errorPort":null,"errorRequestId":null,"errorStack":"Error: upload_failed\n    at dispatchCloudMiniBatch (file:///C:/Users/POS/speypos-system/speypos-local/src/services/outbox.dispatchers.js:78:11)\n    at process.processTicksAndRejections (node:internal/process/task_queues:95:5)\n    at async processBatch (file:///C:/Users/POS/speypos-system/speypos-local/src/services/outbox.worker.js:38:7)\n    at async tick (file:///C:/Users/POS/speypos-system/speypos-local/src/services/outbox.worker.js:73:5)","errorStatus":null,"errorSyscall":null,"errorType":null,"eventId":"3215b335-0ce9-4069-b025-1a0ee8b521ef","eventType":"cloud.mini_batch","level":"warn","message":"Outbox event dispatch failed","timestamp":"2026-07-25T05:27:37.610Z"}
{"baseUrl":"https://speypos-cloud-api.ryong.net","businessDate":"2026-07-25","level":"info","message":"Cloud sync starting.","orderCount":20,"shiftId":"56ef50c8-9581-4ead-9ea4-2c02d6e15628","storeId":"1","timestamp":"2026-07-25T05:27:41.466Z"}
{"error":"Validation failed","errorAddress":null,"errorCause":null,"errorCode":"invalid_event_batch","errorErrno":null,"errorName":"Error","errorPort":null,"errorRequestId":"b577208b-3528-4cf5-bee0-c90901961270","errorStack":"Error: Validation failed\n    at postJson (file:///C:/Users/POS/speypos-system/speypos-local/src/services/cloudIngest.service.js:119:25)\n    at process.processTicksAndRejections (node:internal/process/task_queues:95:5)\n    at async uploadOrdersBatch (file:///C:/Users/POS/speypos-system/speypos-local/src/services/cloudIngest.service.js:170:60)\n    at async dispatchCloudMiniBatch (file:///C:/Users/POS/speypos-system/speypos-local/src/services/outbox.dispatchers.js:75:18)\n    at async processBatch (file:///C:/Users/POS/speypos-system/speypos-local/src/services/outbox.worker.js:38:7)\n    at async tick (file:///C:/Users/POS/speypos-system/speypos-local/src/services/outbox.worker.js:73:5)","errorStatus":422,"errorSyscall":null,"errorType":null,"level":"error","message":"Cloud sync failed.","timestamp":"2026-07-25T05:27:41.531Z"}
{"attempts":5,"error":"upload_failed","errorAddress":null,"errorCause":null,"errorCode":null,"errorErrno":null,"errorName":"Error","errorPort":null,"errorRequestId":null,"errorStack":"Error: upload_failed\n    at dispatchCloudMiniBatch (file:///C:/Users/POS/speypos-system/speypos-local/src/services/outbox.dispatchers.js:78:11)\n    at process.processTicksAndRejections (node:internal/process/task_queues:95:5)\n    at async processBatch (file:///C:/Users/POS/speypos-system/speypos-local/src/services/outbox.worker.js:38:7)\n    at async tick (file:///C:/Users/POS/speypos-system/speypos-local/src/services/outbox.worker.js:73:5)","errorStatus":null,"errorSyscall":null,"errorType":null,"eventId":"7c445f48-6e03-41bf-8ecd-24ee1261bf03","eventType":"cloud.mini_batch","level":"warn","message":"Outbox event dispatch failed","timestamp":"2026-07-25T05:27:41.533Z"}
{"baseUrl":"https://speypos-cloud-api.ryong.net","businessDate":"2026-07-25","level":"info","message":"Cloud sync starting.","orderCount":20,"shiftId":"56ef50c8-9581-4ead-9ea4-2c02d6e15628","storeId":"1","timestamp":"2026-07-25T05:27:54.579Z"}
{"error":"Validation failed","errorAddress":null,"errorCause":null,"errorCode":"invalid_event_batch","errorErrno":null,"errorName":"Error","errorPort":null,"errorRequestId":"6adaa077-ccc8-40ed-970b-7e4c84f0dfe3","errorStack":"Error: Validation failed\n    at postJson (file:///C:/Users/POS/speypos-system/speypos-local/src/services/cloudIngest.service.js:119:25)\n    at process.processTicksAndRejections (node:internal/process/task_queues:95:5)\n    at async uploadOrdersBatch (file:///C:/Users/POS/speypos-system/speypos-local/src/services/cloudIngest.service.js:170:60)\n    at async dispatchCloudMiniBatch (file:///C:/Users/POS/speypos-system/speypos-local/src/services/outbox.dispatchers.js:75:18)\n    at async processBatch (file:///C:/Users/POS/speypos-system/speypos-local/src/services/outbox.worker.js:38:7)\n    at async tick (file:///C:/Users/POS/speypos-system/speypos-local/src/services/outbox.worker.js:73:5)","errorStatus":422,"errorSyscall":null,"errorType":null,"level":"error","message":"Cloud sync failed.","timestamp":"2026-07-25T05:27:54.741Z"}
{"attempts":6,"error":"upload_failed","errorAddress":null,"errorCause":null,"errorCode":null,"errorErrno":null,"errorName":"Error","errorPort":null,"errorRequestId":null,"errorStack":"Error: upload_failed\n    at dispatchCloudMiniBatch (file:///C:/Users/POS/speypos-system/speypos-local/src/services/outbox.dispatchers.js:78:11)\n    at process.processTicksAndRejections (node:internal/process/task_queues:95:5)\n    at async processBatch (file:///C:/Users/POS/speypos-system/speypos-local/src/services/outbox.worker.js:38:7)\n    at async tick (file:///C:/Users/POS/speypos-system/speypos-local/src/services/outbox.worker.js:73:5)","errorStatus":null,"errorSyscall":null,"errorType":null,"eventId":"3215b335-0ce9-4069-b025-1a0ee8b521ef","eventType":"cloud.mini_batch","level":"warn","message":"Outbox event dispatch failed","timestamp":"2026-07-25T05:27:54.743Z"}
{"baseUrl":"https://speypos-cloud-api.ryong.net","businessDate":"2026-07-25","level":"info","message":"Cloud sync starting.","orderCount":20,"shiftId":"56ef50c8-9581-4ead-9ea4-2c02d6e15628","storeId":"1","timestamp":"2026-07-25T05:27:58.606Z"}
{"error":"Validation failed","errorAddress":null,"errorCause":null,"errorCode":"invalid_event_batch","errorErrno":null,"errorName":"Error","errorPort":null,"errorRequestId":"611325ea-bfea-4845-b63a-fd740469cd52","errorStack":"Error: Validation failed\n    at postJson (file:///C:/Users/POS/speypos-system/speypos-local/src/services/cloudIngest.service.js:119:25)\n    at process.processTicksAndRejections (node:internal/process/task_queues:95:5)\n    at async uploadOrdersBatch (file:///C:/Users/POS/speypos-system/speypos-local/src/services/cloudIngest.service.js:170:60)\n    at async dispatchCloudMiniBatch (file:///C:/Users/POS/speypos-system/speypos-local/src/services/outbox.dispatchers.js:75:18)\n    at async processBatch (file:///C:/Users/POS/speypos-system/speypos-local/src/services/outbox.worker.js:38:7)\n    at async tick (file:///C:/Users/POS/speypos-system/speypos-local/src/services/outbox.worker.js:73:5)","errorStatus":422,"errorSyscall":null,"errorType":null,"level":"error","message":"Cloud sync failed.","timestamp":"2026-07-25T05:27:58.675Z"}
{"attempts":6,"error":"upload_failed","errorAddress":null,"errorCause":null,"errorCode":null,"errorErrno":null,"errorName":"Error","errorPort":null,"errorRequestId":null,"errorStack":"Error: upload_failed\n    at dispatchCloudMiniBatch (file:///C:/Users/POS/speypos-system/speypos-local/src/services/outbox.dispatchers.js:78:11)\n    at process.processTicksAndRejections (node:internal/process/task_queues:95:5)\n    at async processBatch (file:///C:/Users/POS/speypos-system/speypos-local/src/services/outbox.worker.js:38:7)\n    at async tick (file:///C:/Users/POS/speypos-system/speypos-local/src/services/outbox.worker.js:73:5)","errorStatus":null,"errorSyscall":null,"errorType":null,"eventId":"7c445f48-6e03-41bf-8ecd-24ee1261bf03","eventType":"cloud.mini_batch","level":"warn","message":"Outbox event dispatch failed","timestamp":"2026-07-25T05:27:58.676Z"}
{"baseUrl":"https://speypos-cloud-api.ryong.net","businessDate":"2026-07-25","level":"info","message":"Cloud sync starting.","orderCount":20,"shiftId":"56ef50c8-9581-4ead-9ea4-2c02d6e15628","storeId":"1","timestamp":"2026-07-25T05:28:27.760Z"}
{"error":"Validation failed","errorAddress":null,"errorCause":null,"errorCode":"invalid_event_batch","errorErrno":null,"errorName":"Error","errorPort":null,"errorRequestId":"0b7693a6-db53-4d3d-bf4b-7a81fcf97527","errorStack":"Error: Validation failed\n    at postJson (file:///C:/Users/POS/speypos-system/speypos-local/src/services/cloudIngest.service.js:119:25)\n    at process.processTicksAndRejections (node:internal/process/task_queues:95:5)\n    at async uploadOrdersBatch (file:///C:/Users/POS/speypos-system/speypos-local/src/services/cloudIngest.service.js:170:60)\n    at async dispatchCloudMiniBatch (file:///C:/Users/POS/speypos-system/speypos-local/src/services/outbox.dispatchers.js:75:18)\n    at async processBatch (file:///C:/Users/POS/speypos-system/speypos-local/src/services/outbox.worker.js:38:7)\n    at async tick (file:///C:/Users/POS/speypos-system/speypos-local/src/services/outbox.worker.js:73:5)","errorStatus":422,"errorSyscall":null,"errorType":null,"level":"error","message":"Cloud sync failed.","timestamp":"2026-07-25T05:28:27.915Z"}
{"attempts":7,"error":"upload_failed","errorAddress":null,"errorCause":null,"errorCode":null,"errorErrno":null,"errorName":"Error","errorPort":null,"errorRequestId":null,"errorStack":"Error: upload_failed\n    at dispatchCloudMiniBatch (file:///C:/Users/POS/speypos-system/speypos-local/src/services/outbox.dispatchers.js:78:11)\n    at process.processTicksAndRejections (node:internal/process/task_queues:95:5)\n    at async processBatch (file:///C:/Users/POS/speypos-system/speypos-local/src/services/outbox.worker.js:38:7)\n    at async tick (file:///C:/Users/POS/speypos-system/speypos-local/src/services/outbox.worker.js:73:5)","errorStatus":null,"errorSyscall":null,"errorType":null,"eventId":"3215b335-0ce9-4069-b025-1a0ee8b521ef","eventType":"cloud.mini_batch","level":"warn","message":"Outbox event dispatch failed","timestamp":"2026-07-25T05:28:27.920Z"}
{"baseUrl":"https://speypos-cloud-api.ryong.net","businessDate":"2026-07-25","level":"info","message":"Cloud sync starting.","orderCount":20,"shiftId":"56ef50c8-9581-4ead-9ea4-2c02d6e15628","storeId":"1","timestamp":"2026-07-25T05:28:31.809Z"}
{"error":"Validation failed","errorAddress":null,"errorCause":null,"errorCode":"invalid_event_batch","errorErrno":null,"errorName":"Error","errorPort":null,"errorRequestId":"dca0ceb0-24d9-4165-b3a2-b9a9d839a712","errorStack":"Error: Validation failed\n    at postJson (file:///C:/Users/POS/speypos-system/speypos-local/src/services/cloudIngest.service.js:119:25)\n    at process.processTicksAndRejections (node:internal/process/task_queues:95:5)\n    at async uploadOrdersBatch (file:///C:/Users/POS/speypos-system/speypos-local/src/services/cloudIngest.service.js:170:60)\n    at async dispatchCloudMiniBatch (file:///C:/Users/POS/speypos-system/speypos-local/src/services/outbox.dispatchers.js:75:18)\n    at async processBatch (file:///C:/Users/POS/speypos-system/speypos-local/src/services/outbox.worker.js:38:7)\n    at async tick (file:///C:/Users/POS/speypos-system/speypos-local/src/services/outbox.worker.js:73:5)","errorStatus":422,"errorSyscall":null,"errorType":null,"level":"error","message":"Cloud sync failed.","timestamp":"2026-07-25T05:28:31.870Z"}
{"attempts":7,"error":"upload_failed","errorAddress":null,"errorCause":null,"errorCode":null,"errorErrno":null,"errorName":"Error","errorPort":null,"errorRequestId":null,"errorStack":"Error: upload_failed\n    at dispatchCloudMiniBatch (file:///C:/Users/POS/speypos-system/speypos-local/src/services/outbox.dispatchers.js:78:11)\n    at process.processTicksAndRejections (node:internal/process/task_queues:95:5)\n    at async processBatch (file:///C:/Users/POS/speypos-system/speypos-local/src/services/outbox.worker.js:38:7)\n    at async tick (file:///C:/Users/POS/speypos-system/speypos-local/src/services/outbox.worker.js:73:5)","errorStatus":null,"errorSyscall":null,"errorType":null,"eventId":"7c445f48-6e03-41bf-8ecd-24ee1261bf03","eventType":"cloud.mini_batch","level":"warn","message":"Outbox event dispatch failed","timestamp":"2026-07-25T05:28:31.871Z"}
{"baseUrl":"https://speypos-cloud-api.ryong.net","businessDate":"2026-07-25","level":"info","message":"Cloud sync starting.","orderCount":20,"shiftId":"56ef50c8-9581-4ead-9ea4-2c02d6e15628","storeId":"1","timestamp":"2026-07-25T05:29:32.139Z"}
{"error":"Validation failed","errorAddress":null,"errorCause":null,"errorCode":"invalid_event_batch","errorErrno":null,"errorName":"Error","errorPort":null,"errorRequestId":"20af1a2a-5955-4ad9-a4fe-38d25b8dfef7","errorStack":"Error: Validation failed\n    at postJson (file:///C:/Users/POS/speypos-system/speypos-local/src/services/cloudIngest.service.js:119:25)\n    at process.processTicksAndRejections (node:internal/process/task_queues:95:5)\n    at async uploadOrdersBatch (file:///C:/Users/POS/speypos-system/speypos-local/src/services/cloudIngest.service.js:170:60)\n    at async dispatchCloudMiniBatch (file:///C:/Users/POS/speypos-system/speypos-local/src/services/outbox.dispatchers.js:75:18)\n    at async processBatch (file:///C:/Users/POS/speypos-system/speypos-local/src/services/outbox.worker.js:38:7)\n    at async tick (file:///C:/Users/POS/speypos-system/speypos-local/src/services/outbox.worker.js:73:5)","errorStatus":422,"errorSyscall":null,"errorType":null,"level":"error","message":"Cloud sync failed.","timestamp":"2026-07-25T05:29:32.305Z"}
{"attempts":8,"error":"upload_failed","errorAddress":null,"errorCause":null,"errorCode":null,"errorErrno":null,"errorName":"Error","errorPort":null,"errorRequestId":null,"errorStack":"Error: upload_failed\n    at dispatchCloudMiniBatch (file:///C:/Users/POS/speypos-system/speypos-local/src/services/outbox.dispatchers.js:78:11)\n    at process.processTicksAndRejections (node:internal/process/task_queues:95:5)\n    at async processBatch (file:///C:/Users/POS/speypos-system/speypos-local/src/services/outbox.worker.js:38:7)\n    at async tick (file:///C:/Users/POS/speypos-system/speypos-local/src/services/outbox.worker.js:73:5)","errorStatus":null,"errorSyscall":null,"errorType":null,"eventId":"3215b335-0ce9-4069-b025-1a0ee8b521ef","eventType":"cloud.mini_batch","level":"warn","message":"Outbox event dispatch failed","timestamp":"2026-07-25T05:29:32.307Z"}
{"baseUrl":"https://speypos-cloud-api.ryong.net","businessDate":"2026-07-25","level":"info","message":"Cloud sync starting.","orderCount":20,"shiftId":"56ef50c8-9581-4ead-9ea4-2c02d6e15628","storeId":"1","timestamp":"2026-07-25T05:29:36.138Z"}
{"error":"Validation failed","errorAddress":null,"errorCause":null,"errorCode":"invalid_event_batch","errorErrno":null,"errorName":"Error","errorPort":null,"errorRequestId":"6cc18bfe-a782-421b-88d6-7fa306b1032c","errorStack":"Error: Validation failed\n    at postJson (file:///C:/Users/POS/speypos-system/speypos-local/src/services/cloudIngest.service.js:119:25)\n    at process.processTicksAndRejections (node:internal/process/task_queues:95:5)\n    at async uploadOrdersBatch (file:///C:/Users/POS/speypos-system/speypos-local/src/services/cloudIngest.service.js:170:60)\n    at async dispatchCloudMiniBatch (file:///C:/Users/POS/speypos-system/speypos-local/src/services/outbox.dispatchers.js:75:18)\n    at async processBatch (file:///C:/Users/POS/speypos-system/speypos-local/src/services/outbox.worker.js:38:7)\n    at async tick (file:///C:/Users/POS/speypos-system/speypos-local/src/services/outbox.worker.js:73:5)","errorStatus":422,"errorSyscall":null,"errorType":null,"level":"error","message":"Cloud sync failed.","timestamp":"2026-07-25T05:29:36.198Z"}
{"attempts":8,"error":"upload_failed","errorAddress":null,"errorCause":null,"errorCode":null,"errorErrno":null,"errorName":"Error","errorPort":null,"errorRequestId":null,"errorStack":"Error: upload_failed\n    at dispatchCloudMiniBatch (file:///C:/Users/POS/speypos-system/speypos-local/src/services/outbox.dispatchers.js:78:11)\n    at process.processTicksAndRejections (node:internal/process/task_queues:95:5)\n    at async processBatch (file:///C:/Users/POS/speypos-system/speypos-local/src/services/outbox.worker.js:38:7)\n    at async tick (file:///C:/Users/POS/speypos-system/speypos-local/src/services/outbox.worker.js:73:5)","errorStatus":null,"errorSyscall":null,"errorType":null,"eventId":"7c445f48-6e03-41bf-8ecd-24ee1261bf03","eventType":"cloud.mini_batch","level":"warn","message":"Outbox event dispatch failed","timestamp":"2026-07-25T05:29:36.200Z"}
{"baseUrl":"https://speypos-cloud-api.ryong.net","businessDate":"2026-07-25","level":"info","message":"Cloud sync starting.","orderCount":20,"shiftId":"56ef50c8-9581-4ead-9ea4-2c02d6e15628","storeId":"1","timestamp":"2026-07-25T05:30:36.549Z"}
{"error":"Validation failed","errorAddress":null,"errorCause":null,"errorCode":"invalid_event_batch","errorErrno":null,"errorName":"Error","errorPort":null,"errorRequestId":"474a83fb-c8aa-4aa6-87a4-d45e5dabb1b6","errorStack":"Error: Validation failed\n    at postJson (file:///C:/Users/POS/speypos-system/speypos-local/src/services/cloudIngest.service.js:119:25)\n    at process.processTicksAndRejections (node:internal/process/task_queues:95:5)\n    at async uploadOrdersBatch (file:///C:/Users/POS/speypos-system/speypos-local/src/services/cloudIngest.service.js:170:60)\n    at async dispatchCloudMiniBatch (file:///C:/Users/POS/speypos-system/speypos-local/src/services/outbox.dispatchers.js:75:18)\n    at async processBatch (file:///C:/Users/POS/speypos-system/speypos-local/src/services/outbox.worker.js:38:7)\n    at async tick (file:///C:/Users/POS/speypos-system/speypos-local/src/services/outbox.worker.js:73:5)","errorStatus":422,"errorSyscall":null,"errorType":null,"level":"error","message":"Cloud sync failed.","timestamp":"2026-07-25T05:30:36.795Z"}
{"attempts":9,"error":"upload_failed","errorAddress":null,"errorCause":null,"errorCode":null,"errorErrno":null,"errorName":"Error","errorPort":null,"errorRequestId":null,"errorStack":"Error: upload_failed\n    at dispatchCloudMiniBatch (file:///C:/Users/POS/speypos-system/speypos-local/src/services/outbox.dispatchers.js:78:11)\n    at process.processTicksAndRejections (node:internal/process/task_queues:95:5)\n    at async processBatch (file:///C:/Users/POS/speypos-system/speypos-local/src/services/outbox.worker.js:38:7)\n    at async tick (file:///C:/Users/POS/speypos-system/speypos-local/src/services/outbox.worker.js:73:5)","errorStatus":null,"errorSyscall":null,"errorType":null,"eventId":"3215b335-0ce9-4069-b025-1a0ee8b521ef","eventType":"cloud.mini_batch","level":"warn","message":"Outbox event dispatch failed","timestamp":"2026-07-25T05:30:36.796Z"}
{"baseUrl":"https://speypos-cloud-api.ryong.net","businessDate":"2026-07-25","level":"info","message":"Cloud sync starting.","orderCount":20,"shiftId":"56ef50c8-9581-4ead-9ea4-2c02d6e15628","storeId":"1","timestamp":"2026-07-25T05:30:40.607Z"}
{"error":"Validation failed","errorAddress":null,"errorCause":null,"errorCode":"invalid_event_batch","errorErrno":null,"errorName":"Error","errorPort":null,"errorRequestId":"da0934fa-f698-4bbf-8ae3-7e9c4bcfc3ef","errorStack":"Error: Validation failed\n    at postJson (file:///C:/Users/POS/speypos-system/speypos-local/src/services/cloudIngest.service.js:119:25)\n    at process.processTicksAndRejections (node:internal/process/task_queues:95:5)\n    at async uploadOrdersBatch (file:///C:/Users/POS/speypos-system/speypos-local/src/services/cloudIngest.service.js:170:60)\n    at async dispatchCloudMiniBatch (file:///C:/Users/POS/speypos-system/speypos-local/src/services/outbox.dispatchers.js:75:18)\n    at async processBatch (file:///C:/Users/POS/speypos-system/speypos-local/src/services/outbox.worker.js:38:7)\n    at async tick (file:///C:/Users/POS/speypos-system/speypos-local/src/services/outbox.worker.js:73:5)","errorStatus":422,"errorSyscall":null,"errorType":null,"level":"error","message":"Cloud sync failed.","timestamp":"2026-07-25T05:30:40.666Z"}
{"attempts":9,"error":"upload_failed","errorAddress":null,"errorCause":null,"errorCode":null,"errorErrno":null,"errorName":"Error","errorPort":null,"errorRequestId":null,"errorStack":"Error: upload_failed\n    at dispatchCloudMiniBatch (file:///C:/Users/POS/speypos-system/speypos-local/src/services/outbox.dispatchers.js:78:11)\n    at process.processTicksAndRejections (node:internal/process/task_queues:95:5)\n    at async processBatch (file:///C:/Users/POS/speypos-system/speypos-local/src/services/outbox.worker.js:38:7)\n    at async tick (file:///C:/Users/POS/speypos-system/speypos-local/src/services/outbox.worker.js:73:5)","errorStatus":null,"errorSyscall":null,"errorType":null,"eventId":"7c445f48-6e03-41bf-8ecd-24ee1261bf03","eventType":"cloud.mini_batch","level":"warn","message":"Outbox event dispatch failed","timestamp":"2026-07-25T05:30:40.667Z"}
{"baseUrl":"https://speypos-cloud-api.ryong.net","businessDate":"2026-07-25","level":"info","message":"Cloud sync starting.","orderCount":20,"shiftId":"56ef50c8-9581-4ead-9ea4-2c02d6e15628","storeId":"1","timestamp":"2026-07-25T05:31:41.023Z"}
{"error":"Validation failed","errorAddress":null,"errorCause":null,"errorCode":"invalid_event_batch","errorErrno":null,"errorName":"Error","errorPort":null,"errorRequestId":"0c4546f3-f676-48c4-b0f8-5fc03d49cb0e","errorStack":"Error: Validation failed\n    at postJson (file:///C:/Users/POS/speypos-system/speypos-local/src/services/cloudIngest.service.js:119:25)\n    at process.processTicksAndRejections (node:internal/process/task_queues:95:5)\n    at async uploadOrdersBatch (file:///C:/Users/POS/speypos-system/speypos-local/src/services/cloudIngest.service.js:170:60)\n    at async dispatchCloudMiniBatch (file:///C:/Users/POS/speypos-system/speypos-local/src/services/outbox.dispatchers.js:75:18)\n    at async processBatch (file:///C:/Users/POS/speypos-system/speypos-local/src/services/outbox.worker.js:38:7)\n    at async tick (file:///C:/Users/POS/speypos-system/speypos-local/src/services/outbox.worker.js:73:5)","errorStatus":422,"errorSyscall":null,"errorType":null,"level":"error","message":"Cloud sync failed.","timestamp":"2026-07-25T05:31:41.197Z"}
{"attempts":10,"error":"upload_failed","errorAddress":null,"errorCause":null,"errorCode":null,"errorErrno":null,"errorName":"Error","errorPort":null,"errorRequestId":null,"errorStack":"Error: upload_failed\n    at dispatchCloudMiniBatch (file:///C:/Users/POS/speypos-system/speypos-local/src/services/outbox.dispatchers.js:78:11)\n    at process.processTicksAndRejections (node:internal/process/task_queues:95:5)\n    at async processBatch (file:///C:/Users/POS/speypos-system/speypos-local/src/services/outbox.worker.js:38:7)\n    at async tick (file:///C:/Users/POS/speypos-system/speypos-local/src/services/outbox.worker.js:73:5)","errorStatus":null,"errorSyscall":null,"errorType":null,"eventId":"3215b335-0ce9-4069-b025-1a0ee8b521ef","eventType":"cloud.mini_batch","level":"warn","message":"Outbox event dispatch failed","timestamp":"2026-07-25T05:31:41.199Z"}
{"baseUrl":"https://speypos-cloud-api.ryong.net","businessDate":"2026-07-25","level":"info","message":"Cloud sync starting.","orderCount":20,"shiftId":"56ef50c8-9581-4ead-9ea4-2c02d6e15628","storeId":"1","timestamp":"2026-07-25T05:31:45.042Z"}
{"error":"Validation failed","errorAddress":null,"errorCause":null,"errorCode":"invalid_event_batch","errorErrno":null,"errorName":"Error","errorPort":null,"errorRequestId":"880b4867-3a59-4913-8034-65ebf59376f4","errorStack":"Error: Validation failed\n    at postJson (file:///C:/Users/POS/speypos-system/speypos-local/src/services/cloudIngest.service.js:119:25)\n    at process.processTicksAndRejections (node:internal/process/task_queues:95:5)\n    at async uploadOrdersBatch (file:///C:/Users/POS/speypos-system/speypos-local/src/services/cloudIngest.service.js:170:60)\n    at async dispatchCloudMiniBatch (file:///C:/Users/POS/speypos-system/speypos-local/src/services/outbox.dispatchers.js:75:18)\n    at async processBatch (file:///C:/Users/POS/speypos-system/speypos-local/src/services/outbox.worker.js:38:7)\n    at async tick (file:///C:/Users/POS/speypos-system/speypos-local/src/services/outbox.worker.js:73:5)","errorStatus":422,"errorSyscall":null,"errorType":null,"level":"error","message":"Cloud sync failed.","timestamp":"2026-07-25T05:31:45.103Z"}
{"attempts":10,"error":"upload_failed","errorAddress":null,"errorCause":null,"errorCode":null,"errorErrno":null,"errorName":"Error","errorPort":null,"errorRequestId":null,"errorStack":"Error: upload_failed\n    at dispatchCloudMiniBatch (file:///C:/Users/POS/speypos-system/speypos-local/src/services/outbox.dispatchers.js:78:11)\n    at process.processTicksAndRejections (node:internal/process/task_queues:95:5)\n    at async processBatch (file:///C:/Users/POS/speypos-system/speypos-local/src/services/outbox.worker.js:38:7)\n    at async tick (file:///C:/Users/POS/speypos-system/speypos-local/src/services/outbox.worker.js:73:5)","errorStatus":null,"errorSyscall":null,"errorType":null,"eventId":"7c445f48-6e03-41bf-8ecd-24ee1261bf03","eventType":"cloud.mini_batch","level":"warn","message":"Outbox event dispatch failed","timestamp":"2026-07-25T05:31:45.104Z"}
{"level":"info","message":"Starting print job for order ID: 47759a0b-b2b1-4e4b-9b0b-ccacda8e57f2.","status":"completed","timestamp":"2026-07-25T05:40:24.978Z"}
{"copies":[{"count":1,"variant":"INTERNAL"}],"engine":"canvas","level":"info","message":"Printing 1 variants for order 47759a0b-b2b1-4e4b-9b0b-ccacda8e57f2","timestamp":"2026-07-25T05:40:24.979Z"}
{"level":"info","message":"[canvas] Rendering ESC/POS buffer for variant INTERNAL, order 47759a0b-b2b1-4e4b-9b0b-ccacda8e57f2.","timestamp":"2026-07-25T05:40:24.979Z"}
{"level":"info","message":"[canvas] Sending copy 1/1 of variant INTERNAL for order 47759a0b-b2b1-4e4b-9b0b-ccacda8e57f2.","timestamp":"2026-07-25T05:40:24.998Z"}
{"bufferBytes":23340,"level":"info","message":"ESC/POS transport: preparing to send buffer to printer","printerName":"\\\\localhost\\XP80","timestamp":"2026-07-25T05:40:24.999Z"}
{"bufferBytes":23340,"level":"info","message":"ESC/POS transport: buffer sent successfully","printerName":"\\\\localhost\\XP80","timestamp":"2026-07-25T05:40:25.266Z"}
{"level":"info","message":"Print job for order 47759a0b-b2b1-4e4b-9b0b-ccacda8e57f2 completed and marked as printed.","timestamp":"2026-07-25T05:40:25.266Z"}
{"level":"info","message":"Telegram message sent successfully.","timestamp":"2026-07-25T05:40:26.209Z"}
{"level":"info","message":"Successfully sent and marked Telegram notification for order 47759a0b-b2b1-4e4b-9b0b-ccacda8e57f2","timestamp":"2026-07-25T05:40:26.210Z"}
{"baseUrl":"https://speypos-cloud-api.ryong.net","businessDate":"2026-07-25","level":"info","message":"Cloud sync starting.","orderCount":20,"shiftId":"56ef50c8-9581-4ead-9ea4-2c02d6e15628","storeId":"1","timestamp":"2026-07-25T05:40:26.259Z"}
{"error":"Validation failed","errorAddress":null,"errorCause":null,"errorCode":"invalid_event_batch","errorErrno":null,"errorName":"Error","errorPort":null,"errorRequestId":"df4831c7-6bbf-411e-a443-c7232e868694","errorStack":"Error: Validation failed\n    at postJson (file:///C:/Users/POS/speypos-system/speypos-local/src/services/cloudIngest.service.js:119:25)\n    at process.processTicksAndRejections (node:internal/process/task_queues:95:5)\n    at async uploadOrdersBatch (file:///C:/Users/POS/speypos-system/speypos-local/src/services/cloudIngest.service.js:170:60)\n    at async dispatchCloudMiniBatch (file:///C:/Users/POS/speypos-system/speypos-local/src/services/outbox.dispatchers.js:75:18)\n    at async processBatch (file:///C:/Users/POS/speypos-system/speypos-local/src/services/outbox.worker.js:38:7)\n    at async tick (file:///C:/Users/POS/speypos-system/speypos-local/src/services/outbox.worker.js:73:5)","errorStatus":422,"errorSyscall":null,"errorType":null,"level":"error","message":"Cloud sync failed.","timestamp":"2026-07-25T05:40:26.600Z"}
{"attempts":1,"error":"upload_failed","errorAddress":null,"errorCause":null,"errorCode":null,"errorErrno":null,"errorName":"Error","errorPort":null,"errorRequestId":null,"errorStack":"Error: upload_failed\n    at dispatchCloudMiniBatch (file:///C:/Users/POS/speypos-system/speypos-local/src/services/outbox.dispatchers.js:78:11)\n    at process.processTicksAndRejections (node:internal/process/task_queues:95:5)\n    at async processBatch (file:///C:/Users/POS/speypos-system/speypos-local/src/services/outbox.worker.js:38:7)\n    at async tick (file:///C:/Users/POS/speypos-system/speypos-local/src/services/outbox.worker.js:73:5)","errorStatus":null,"errorSyscall":null,"errorType":null,"eventId":"53af1885-b1cd-45e4-a9f7-f7c40bcf04f5","eventType":"cloud.mini_batch","level":"warn","message":"Outbox event dispatch failed","timestamp":"2026-07-25T05:40:26.601Z"}
{"baseUrl":"https://speypos-cloud-api.ryong.net","businessDate":"2026-07-25","level":"info","message":"Cloud sync starting.","orderCount":20,"shiftId":"56ef50c8-9581-4ead-9ea4-2c02d6e15628","storeId":"1","timestamp":"2026-07-25T05:40:28.035Z"}
{"error":"Validation failed","errorAddress":null,"errorCause":null,"errorCode":"invalid_event_batch","errorErrno":null,"errorName":"Error","errorPort":null,"errorRequestId":"14afbf05-9da5-4c35-be60-a798df28a057","errorStack":"Error: Validation failed\n    at postJson (file:///C:/Users/POS/speypos-system/speypos-local/src/services/cloudIngest.service.js:119:25)\n    at process.processTicksAndRejections (node:internal/process/task_queues:95:5)\n    at async uploadOrdersBatch (file:///C:/Users/POS/speypos-system/speypos-local/src/services/cloudIngest.service.js:170:60)\n    at async dispatchCloudMiniBatch (file:///C:/Users/POS/speypos-system/speypos-local/src/services/outbox.dispatchers.js:75:18)\n    at async processBatch (file:///C:/Users/POS/speypos-system/speypos-local/src/services/outbox.worker.js:38:7)\n    at async tick (file:///C:/Users/POS/speypos-system/speypos-local/src/services/outbox.worker.js:73:5)","errorStatus":422,"errorSyscall":null,"errorType":null,"level":"error","message":"Cloud sync failed.","timestamp":"2026-07-25T05:40:28.094Z"}
{"attempts":2,"error":"upload_failed","errorAddress":null,"errorCause":null,"errorCode":null,"errorErrno":null,"errorName":"Error","errorPort":null,"errorRequestId":null,"errorStack":"Error: upload_failed\n    at dispatchCloudMiniBatch (file:///C:/Users/POS/speypos-system/speypos-local/src/services/outbox.dispatchers.js:78:11)\n    at process.processTicksAndRejections (node:internal/process/task_queues:95:5)\n    at async processBatch (file:///C:/Users/POS/speypos-system/speypos-local/src/services/outbox.worker.js:38:7)\n    at async tick (file:///C:/Users/POS/speypos-system/speypos-local/src/services/outbox.worker.js:73:5)","errorStatus":null,"errorSyscall":null,"errorType":null,"eventId":"53af1885-b1cd-45e4-a9f7-f7c40bcf04f5","eventType":"cloud.mini_batch","level":"warn","message":"Outbox event dispatch failed","timestamp":"2026-07-25T05:40:28.095Z"}
{"baseUrl":"https://speypos-cloud-api.ryong.net","businessDate":"2026-07-25","level":"info","message":"Cloud sync starting.","orderCount":20,"shiftId":"56ef50c8-9581-4ead-9ea4-2c02d6e15628","storeId":"1","timestamp":"2026-07-25T05:40:31.074Z"}
{"error":"Validation failed","errorAddress":null,"errorCause":null,"errorCode":"invalid_event_batch","errorErrno":null,"errorName":"Error","errorPort":null,"errorRequestId":"cacc6ac5-5223-4c83-b30f-6eaee99f5742","errorStack":"Error: Validation failed\n    at postJson (file:///C:/Users/POS/speypos-system/speypos-local/src/services/cloudIngest.service.js:119:25)\n    at process.processTicksAndRejections (node:internal/process/task_queues:95:5)\n    at async uploadOrdersBatch (file:///C:/Users/POS/speypos-system/speypos-local/src/services/cloudIngest.service.js:170:60)\n    at async dispatchCloudMiniBatch (file:///C:/Users/POS/speypos-system/speypos-local/src/services/outbox.dispatchers.js:75:18)\n    at async processBatch (file:///C:/Users/POS/speypos-system/speypos-local/src/services/outbox.worker.js:38:7)\n    at async tick (file:///C:/Users/POS/speypos-system/speypos-local/src/services/outbox.worker.js:73:5)","errorStatus":422,"errorSyscall":null,"errorType":null,"level":"error","message":"Cloud sync failed.","timestamp":"2026-07-25T05:40:31.133Z"}
{"attempts":3,"error":"upload_failed","errorAddress":null,"errorCause":null,"errorCode":null,"errorErrno":null,"errorName":"Error","errorPort":null,"errorRequestId":null,"errorStack":"Error: upload_failed\n    at dispatchCloudMiniBatch (file:///C:/Users/POS/speypos-system/speypos-local/src/services/outbox.dispatchers.js:78:11)\n    at process.processTicksAndRejections (node:internal/process/task_queues:95:5)\n    at async processBatch (file:///C:/Users/POS/speypos-system/speypos-local/src/services/outbox.worker.js:38:7)\n    at async tick (file:///C:/Users/POS/speypos-system/speypos-local/src/services/outbox.worker.js:73:5)","errorStatus":null,"errorSyscall":null,"errorType":null,"eventId":"53af1885-b1cd-45e4-a9f7-f7c40bcf04f5","eventType":"cloud.mini_batch","level":"warn","message":"Outbox event dispatch failed","timestamp":"2026-07-25T05:40:31.135Z"}
{"baseUrl":"https://speypos-cloud-api.ryong.net","businessDate":"2026-07-25","level":"info","message":"Cloud sync starting.","orderCount":20,"shiftId":"56ef50c8-9581-4ead-9ea4-2c02d6e15628","storeId":"1","timestamp":"2026-07-25T05:40:36.091Z"}
{"error":"Validation failed","errorAddress":null,"errorCause":null,"errorCode":"invalid_event_batch","errorErrno":null,"errorName":"Error","errorPort":null,"errorRequestId":"aa5085cb-4883-41ae-9c48-9011aab22cb0","errorStack":"Error: Validation failed\n    at postJson (file:///C:/Users/POS/speypos-system/speypos-local/src/services/cloudIngest.service.js:119:25)\n    at process.processTicksAndRejections (node:internal/process/task_queues:95:5)\n    at async uploadOrdersBatch (file:///C:/Users/POS/speypos-system/speypos-local/src/services/cloudIngest.service.js:170:60)\n    at async dispatchCloudMiniBatch (file:///C:/Users/POS/speypos-system/speypos-local/src/services/outbox.dispatchers.js:75:18)\n    at async processBatch (file:///C:/Users/POS/speypos-system/speypos-local/src/services/outbox.worker.js:38:7)\n    at async tick (file:///C:/Users/POS/speypos-system/speypos-local/src/services/outbox.worker.js:73:5)","errorStatus":422,"errorSyscall":null,"errorType":null,"level":"error","message":"Cloud sync failed.","timestamp":"2026-07-25T05:40:36.251Z"}
{"attempts":4,"error":"upload_failed","errorAddress":null,"errorCause":null,"errorCode":null,"errorErrno":null,"errorName":"Error","errorPort":null,"errorRequestId":null,"errorStack":"Error: upload_failed\n    at dispatchCloudMiniBatch (file:///C:/Users/POS/speypos-system/speypos-local/src/services/outbox.dispatchers.js:78:11)\n    at process.processTicksAndRejections (node:internal/process/task_queues:95:5)\n    at async processBatch (file:///C:/Users/POS/speypos-system/speypos-local/src/services/outbox.worker.js:38:7)\n    at async tick (file:///C:/Users/POS/speypos-system/speypos-local/src/services/outbox.worker.js:73:5)","errorStatus":null,"errorSyscall":null,"errorType":null,"eventId":"53af1885-b1cd-45e4-a9f7-f7c40bcf04f5","eventType":"cloud.mini_batch","level":"warn","message":"Outbox event dispatch failed","timestamp":"2026-07-25T05:40:36.256Z"}
{"baseUrl":"https://speypos-cloud-api.ryong.net","businessDate":"2026-07-25","level":"info","message":"Cloud sync starting.","orderCount":20,"shiftId":"56ef50c8-9581-4ead-9ea4-2c02d6e15628","storeId":"1","timestamp":"2026-07-25T05:40:45.148Z"}
{"error":"Validation failed","errorAddress":null,"errorCause":null,"errorCode":"invalid_event_batch","errorErrno":null,"errorName":"Error","errorPort":null,"errorRequestId":"922936bf-d953-4c26-a335-acd518bf0d3c","errorStack":"Error: Validation failed\n    at postJson (file:///C:/Users/POS/speypos-system/speypos-local/src/services/cloudIngest.service.js:119:25)\n    at process.processTicksAndRejections (node:internal/process/task_queues:95:5)\n    at async uploadOrdersBatch (file:///C:/Users/POS/speypos-system/speypos-local/src/services/cloudIngest.service.js:170:60)\n    at async dispatchCloudMiniBatch (file:///C:/Users/POS/speypos-system/speypos-local/src/services/outbox.dispatchers.js:75:18)\n    at async processBatch (file:///C:/Users/POS/speypos-system/speypos-local/src/services/outbox.worker.js:38:7)\n    at async tick (file:///C:/Users/POS/speypos-system/speypos-local/src/services/outbox.worker.js:73:5)","errorStatus":422,"errorSyscall":null,"errorType":null,"level":"error","message":"Cloud sync failed.","timestamp":"2026-07-25T05:40:45.348Z"}
{"attempts":5,"error":"upload_failed","errorAddress":null,"errorCause":null,"errorCode":null,"errorErrno":null,"errorName":"Error","errorPort":null,"errorRequestId":null,"errorStack":"Error: upload_failed\n    at dispatchCloudMiniBatch (file:///C:/Users/POS/speypos-system/speypos-local/src/services/outbox.dispatchers.js:78:11)\n    at process.processTicksAndRejections (node:internal/process/task_queues:95:5)\n    at async processBatch (file:///C:/Users/POS/speypos-system/speypos-local/src/services/outbox.worker.js:38:7)\n    at async tick (file:///C:/Users/POS/speypos-system/speypos-local/src/services/outbox.worker.js:73:5)","errorStatus":null,"errorSyscall":null,"errorType":null,"eventId":"53af1885-b1cd-45e4-a9f7-f7c40bcf04f5","eventType":"cloud.mini_batch","level":"warn","message":"Outbox event dispatch failed","timestamp":"2026-07-25T05:40:45.349Z"}
{"baseUrl":"https://speypos-cloud-api.ryong.net","businessDate":"2026-07-25","level":"info","message":"Cloud sync starting.","orderCount":20,"shiftId":"56ef50c8-9581-4ead-9ea4-2c02d6e15628","storeId":"1","timestamp":"2026-07-25T05:41:02.175Z"}
{"error":"Validation failed","errorAddress":null,"errorCause":null,"errorCode":"invalid_event_batch","errorErrno":null,"errorName":"Error","errorPort":null,"errorRequestId":"061dda16-d491-4875-96a9-04b4ea79f6ae","errorStack":"Error: Validation failed\n    at postJson (file:///C:/Users/POS/speypos-system/speypos-local/src/services/cloudIngest.service.js:119:25)\n    at process.processTicksAndRejections (node:internal/process/task_queues:95:5)\n    at async uploadOrdersBatch (file:///C:/Users/POS/speypos-system/speypos-local/src/services/cloudIngest.service.js:170:60)\n    at async dispatchCloudMiniBatch (file:///C:/Users/POS/speypos-system/speypos-local/src/services/outbox.dispatchers.js:75:18)\n    at async processBatch (file:///C:/Users/POS/speypos-system/speypos-local/src/services/outbox.worker.js:38:7)\n    at async tick (file:///C:/Users/POS/speypos-system/speypos-local/src/services/outbox.worker.js:73:5)","errorStatus":422,"errorSyscall":null,"errorType":null,"level":"error","message":"Cloud sync failed.","timestamp":"2026-07-25T05:41:02.459Z"}
{"attempts":6,"error":"upload_failed","errorAddress":null,"errorCause":null,"errorCode":null,"errorErrno":null,"errorName":"Error","errorPort":null,"errorRequestId":null,"errorStack":"Error: upload_failed\n    at dispatchCloudMiniBatch (file:///C:/Users/POS/speypos-system/speypos-local/src/services/outbox.dispatchers.js:78:11)\n    at process.processTicksAndRejections (node:internal/process/task_queues:95:5)\n    at async processBatch (file:///C:/Users/POS/speypos-system/speypos-local/src/services/outbox.worker.js:38:7)\n    at async tick (file:///C:/Users/POS/speypos-system/speypos-local/src/services/outbox.worker.js:73:5)","errorStatus":null,"errorSyscall":null,"errorType":null,"eventId":"53af1885-b1cd-45e4-a9f7-f7c40bcf04f5","eventType":"cloud.mini_batch","level":"warn","message":"Outbox event dispatch failed","timestamp":"2026-07-25T05:41:02.461Z"}
{"baseUrl":"https://speypos-cloud-api.ryong.net","businessDate":"2026-07-25","level":"info","message":"Cloud sync starting.","orderCount":20,"shiftId":"56ef50c8-9581-4ead-9ea4-2c02d6e15628","storeId":"1","timestamp":"2026-07-25T05:41:35.308Z"}
{"error":"Validation failed","errorAddress":null,"errorCause":null,"errorCode":"invalid_event_batch","errorErrno":null,"errorName":"Error","errorPort":null,"errorRequestId":"1d1bb56d-f6c4-4170-a64e-151a5f969da6","errorStack":"Error: Validation failed\n    at postJson (file:///C:/Users/POS/speypos-system/speypos-local/src/services/cloudIngest.service.js:119:25)\n    at process.processTicksAndRejections (node:internal/process/task_queues:95:5)\n    at async uploadOrdersBatch (file:///C:/Users/POS/speypos-system/speypos-local/src/services/cloudIngest.service.js:170:60)\n    at async dispatchCloudMiniBatch (file:///C:/Users/POS/speypos-system/speypos-local/src/services/outbox.dispatchers.js:75:18)\n    at async processBatch (file:///C:/Users/POS/speypos-system/speypos-local/src/services/outbox.worker.js:38:7)\n    at async tick (file:///C:/Users/POS/speypos-system/speypos-local/src/services/outbox.worker.js:73:5)","errorStatus":422,"errorSyscall":null,"errorType":null,"level":"error","message":"Cloud sync failed.","timestamp":"2026-07-25T05:41:35.538Z"}
{"attempts":7,"error":"upload_failed","errorAddress":null,"errorCause":null,"errorCode":null,"errorErrno":null,"errorName":"Error","errorPort":null,"errorRequestId":null,"errorStack":"Error: upload_failed\n    at dispatchCloudMiniBatch (file:///C:/Users/POS/speypos-system/speypos-local/src/services/outbox.dispatchers.js:78:11)\n    at process.processTicksAndRejections (node:internal/process/task_queues:95:5)\n    at async processBatch (file:///C:/Users/POS/speypos-system/speypos-local/src/services/outbox.worker.js:38:7)\n    at async tick (file:///C:/Users/POS/speypos-system/speypos-local/src/services/outbox.worker.js:73:5)","errorStatus":null,"errorSyscall":null,"errorType":null,"eventId":"53af1885-b1cd-45e4-a9f7-f7c40bcf04f5","eventType":"cloud.mini_batch","level":"warn","message":"Outbox event dispatch failed","timestamp":"2026-07-25T05:41:35.540Z"}
{"baseUrl":"https://speypos-cloud-api.ryong.net","businessDate":"2026-07-25","level":"info","message":"Cloud sync starting.","orderCount":20,"shiftId":"56ef50c8-9581-4ead-9ea4-2c02d6e15628","storeId":"1","timestamp":"2026-07-25T05:42:39.776Z"}
{"error":"Validation failed","errorAddress":null,"errorCause":null,"errorCode":"invalid_event_batch","errorErrno":null,"errorName":"Error","errorPort":null,"errorRequestId":"7a3e3712-e597-4fd9-bd34-968048602cd8","errorStack":"Error: Validation failed\n    at postJson (file:///C:/Users/POS/speypos-system/speypos-local/src/services/cloudIngest.service.js:119:25)\n    at process.processTicksAndRejections (node:internal/process/task_queues:95:5)\n    at async uploadOrdersBatch (file:///C:/Users/POS/speypos-system/speypos-local/src/services/cloudIngest.service.js:170:60)\n    at async dispatchCloudMiniBatch (file:///C:/Users/POS/speypos-system/speypos-local/src/services/outbox.dispatchers.js:75:18)\n    at async processBatch (file:///C:/Users/POS/speypos-system/speypos-local/src/services/outbox.worker.js:38:7)\n    at async tick (file:///C:/Users/POS/speypos-system/speypos-local/src/services/outbox.worker.js:73:5)","errorStatus":422,"errorSyscall":null,"errorType":null,"level":"error","message":"Cloud sync failed.","timestamp":"2026-07-25T05:42:39.938Z"}
{"attempts":8,"error":"upload_failed","errorAddress":null,"errorCause":null,"errorCode":null,"errorErrno":null,"errorName":"Error","errorPort":null,"errorRequestId":null,"errorStack":"Error: upload_failed\n    at dispatchCloudMiniBatch (file:///C:/Users/POS/speypos-system/speypos-local/src/services/outbox.dispatchers.js:78:11)\n    at process.processTicksAndRejections (node:internal/process/task_queues:95:5)\n    at async processBatch (file:///C:/Users/POS/speypos-system/speypos-local/src/services/outbox.worker.js:38:7)\n    at async tick (file:///C:/Users/POS/speypos-system/speypos-local/src/services/outbox.worker.js:73:5)","errorStatus":null,"errorSyscall":null,"errorType":null,"eventId":"53af1885-b1cd-45e4-a9f7-f7c40bcf04f5","eventType":"cloud.mini_batch","level":"warn","message":"Outbox event dispatch failed","timestamp":"2026-07-25T05:42:39.940Z"}
{"baseUrl":"https://speypos-cloud-api.ryong.net","businessDate":"2026-07-25","level":"info","message":"Cloud sync starting.","orderCount":20,"shiftId":"56ef50c8-9581-4ead-9ea4-2c02d6e15628","storeId":"1","timestamp":"2026-07-25T05:43:44.199Z"}
{"error":"Validation failed","errorAddress":null,"errorCause":null,"errorCode":"invalid_event_batch","errorErrno":null,"errorName":"Error","errorPort":null,"errorRequestId":"578c487b-f161-4f73-b274-3daadc6030c5","errorStack":"Error: Validation failed\n    at postJson (file:///C:/Users/POS/speypos-system/speypos-local/src/services/cloudIngest.service.js:119:25)\n    at process.processTicksAndRejections (node:internal/process/task_queues:95:5)\n    at async uploadOrdersBatch (file:///C:/Users/POS/speypos-system/speypos-local/src/services/cloudIngest.service.js:170:60)\n    at async dispatchCloudMiniBatch (file:///C:/Users/POS/speypos-system/speypos-local/src/services/outbox.dispatchers.js:75:18)\n    at async processBatch (file:///C:/Users/POS/speypos-system/speypos-local/src/services/outbox.worker.js:38:7)\n    at async tick (file:///C:/Users/POS/speypos-system/speypos-local/src/services/outbox.worker.js:73:5)","errorStatus":422,"errorSyscall":null,"errorType":null,"level":"error","message":"Cloud sync failed.","timestamp":"2026-07-25T05:43:44.367Z"}
{"attempts":9,"error":"upload_failed","errorAddress":null,"errorCause":null,"errorCode":null,"errorErrno":null,"errorName":"Error","errorPort":null,"errorRequestId":null,"errorStack":"Error: upload_failed\n    at dispatchCloudMiniBatch (file:///C:/Users/POS/speypos-system/speypos-local/src/services/outbox.dispatchers.js:78:11)\n    at process.processTicksAndRejections (node:internal/process/task_queues:95:5)\n    at async processBatch (file:///C:/Users/POS/speypos-system/speypos-local/src/services/outbox.worker.js:38:7)\n    at async tick (file:///C:/Users/POS/speypos-system/speypos-local/src/services/outbox.worker.js:73:5)","errorStatus":null,"errorSyscall":null,"errorType":null,"eventId":"53af1885-b1cd-45e4-a9f7-f7c40bcf04f5","eventType":"cloud.mini_batch","level":"warn","message":"Outbox event dispatch failed","timestamp":"2026-07-25T05:43:44.368Z"}
{"baseUrl":"https://speypos-cloud-api.ryong.net","businessDate":"2026-07-25","level":"info","message":"Cloud sync starting.","orderCount":20,"shiftId":"56ef50c8-9581-4ead-9ea4-2c02d6e15628","storeId":"1","timestamp":"2026-07-25T05:44:48.637Z"}
{"error":"Validation failed","errorAddress":null,"errorCause":null,"errorCode":"invalid_event_batch","errorErrno":null,"errorName":"Error","errorPort":null,"errorRequestId":"41f41c05-355a-4675-ae41-dcc32778cb75","errorStack":"Error: Validation failed\n    at postJson (file:///C:/Users/POS/speypos-system/speypos-local/src/services/cloudIngest.service.js:119:25)\n    at process.processTicksAndRejections (node:internal/process/task_queues:95:5)\n    at async uploadOrdersBatch (file:///C:/Users/POS/speypos-system/speypos-local/src/services/cloudIngest.service.js:170:60)\n    at async dispatchCloudMiniBatch (file:///C:/Users/POS/speypos-system/speypos-local/src/services/outbox.dispatchers.js:75:18)\n    at async processBatch (file:///C:/Users/POS/speypos-system/speypos-local/src/services/outbox.worker.js:38:7)\n    at async tick (file:///C:/Users/POS/speypos-system/speypos-local/src/services/outbox.worker.js:73:5)","errorStatus":422,"errorSyscall":null,"errorType":null,"level":"error","message":"Cloud sync failed.","timestamp":"2026-07-25T05:44:48.819Z"}
{"attempts":10,"error":"upload_failed","errorAddress":null,"errorCause":null,"errorCode":null,"errorErrno":null,"errorName":"Error","errorPort":null,"errorRequestId":null,"errorStack":"Error: upload_failed\n    at dispatchCloudMiniBatch (file:///C:/Users/POS/speypos-system/speypos-local/src/services/outbox.dispatchers.js:78:11)\n    at process.processTicksAndRejections (node:internal/process/task_queues:95:5)\n    at async processBatch (file:///C:/Users/POS/speypos-system/speypos-local/src/services/outbox.worker.js:38:7)\n    at async tick (file:///C:/Users/POS/speypos-system/speypos-local/src/services/outbox.worker.js:73:5)","errorStatus":null,"errorSyscall":null,"errorType":null,"eventId":"53af1885-b1cd-45e4-a9f7-f7c40bcf04f5","eventType":"cloud.mini_batch","level":"warn","message":"Outbox event dispatch failed","timestamp":"2026-07-25T05:44:48.821Z"}
{"level":"info","message":"Starting print job for order ID: 44f7ee0d-fe69-43ca-b4b6-160ab460f097.","status":"completed","timestamp":"2026-07-25T05:48:16.989Z"}
{"copies":[{"count":1,"variant":"INTERNAL"}],"engine":"canvas","level":"info","message":"Printing 1 variants for order 44f7ee0d-fe69-43ca-b4b6-160ab460f097","timestamp":"2026-07-25T05:48:16.990Z"}
{"level":"info","message":"[canvas] Rendering ESC/POS buffer for variant INTERNAL, order 44f7ee0d-fe69-43ca-b4b6-160ab460f097.","timestamp":"2026-07-25T05:48:16.990Z"}
{"level":"info","message":"[canvas] Sending copy 1/1 of variant INTERNAL for order 44f7ee0d-fe69-43ca-b4b6-160ab460f097.","timestamp":"2026-07-25T05:48:17.008Z"}
{"bufferBytes":23340,"level":"info","message":"ESC/POS transport: preparing to send buffer to printer","printerName":"\\\\localhost\\XP80","timestamp":"2026-07-25T05:48:17.009Z"}
{"bufferBytes":23340,"level":"info","message":"ESC/POS transport: buffer sent successfully","printerName":"\\\\localhost\\XP80","timestamp":"2026-07-25T05:48:17.310Z"}
{"level":"info","message":"Print job for order 44f7ee0d-fe69-43ca-b4b6-160ab460f097 completed and marked as printed.","timestamp":"2026-07-25T05:48:17.313Z"}
{"baseUrl":"https://speypos-cloud-api.ryong.net","businessDate":"2026-07-25","level":"info","message":"Cloud sync starting.","orderCount":20,"shiftId":"56ef50c8-9581-4ead-9ea4-2c02d6e15628","storeId":"1","timestamp":"2026-07-25T05:48:17.370Z"}
{"error":"Validation failed","errorAddress":null,"errorCause":null,"errorCode":"invalid_event_batch","errorErrno":null,"errorName":"Error","errorPort":null,"errorRequestId":"be986fd6-d14b-4f01-9979-cf4181d622f4","errorStack":"Error: Validation failed\n    at postJson (file:///C:/Users/POS/speypos-system/speypos-local/src/services/cloudIngest.service.js:119:25)\n    at process.processTicksAndRejections (node:internal/process/task_queues:95:5)\n    at async uploadOrdersBatch (file:///C:/Users/POS/speypos-system/speypos-local/src/services/cloudIngest.service.js:170:60)\n    at async dispatchCloudMiniBatch (file:///C:/Users/POS/speypos-system/speypos-local/src/services/outbox.dispatchers.js:75:18)\n    at async processBatch (file:///C:/Users/POS/speypos-system/speypos-local/src/services/outbox.worker.js:38:7)\n    at async tick (file:///C:/Users/POS/speypos-system/speypos-local/src/services/outbox.worker.js:73:5)","errorStatus":422,"errorSyscall":null,"errorType":null,"level":"error","message":"Cloud sync failed.","timestamp":"2026-07-25T05:48:17.684Z"}
{"attempts":1,"error":"upload_failed","errorAddress":null,"errorCause":null,"errorCode":null,"errorErrno":null,"errorName":"Error","errorPort":null,"errorRequestId":null,"errorStack":"Error: upload_failed\n    at dispatchCloudMiniBatch (file:///C:/Users/POS/speypos-system/speypos-local/src/services/outbox.dispatchers.js:78:11)\n    at process.processTicksAndRejections (node:internal/process/task_queues:95:5)\n    at async processBatch (file:///C:/Users/POS/speypos-system/speypos-local/src/services/outbox.worker.js:38:7)\n    at async tick (file:///C:/Users/POS/speypos-system/speypos-local/src/services/outbox.worker.js:73:5)","errorStatus":null,"errorSyscall":null,"errorType":null,"eventId":"20339967-0b3c-4127-9d69-9daa5dea4890","eventType":"cloud.mini_batch","level":"warn","message":"Outbox event dispatch failed","timestamp":"2026-07-25T05:48:17.685Z"}
{"level":"info","message":"Telegram message sent successfully.","timestamp":"2026-07-25T05:48:18.980Z"}
{"level":"info","message":"Successfully sent and marked Telegram notification for order 44f7ee0d-fe69-43ca-b4b6-160ab460f097","timestamp":"2026-07-25T05:48:18.981Z"}
{"baseUrl":"https://speypos-cloud-api.ryong.net","businessDate":"2026-07-25","level":"info","message":"Cloud sync starting.","orderCount":20,"shiftId":"56ef50c8-9581-4ead-9ea4-2c02d6e15628","storeId":"1","timestamp":"2026-07-25T05:48:19.062Z"}
{"error":"Validation failed","errorAddress":null,"errorCause":null,"errorCode":"invalid_event_batch","errorErrno":null,"errorName":"Error","errorPort":null,"errorRequestId":"2239019c-5c42-4ad4-a8c7-b7afd7db9474","errorStack":"Error: Validation failed\n    at postJson (file:///C:/Users/POS/speypos-system/speypos-local/src/services/cloudIngest.service.js:119:25)\n    at process.processTicksAndRejections (node:internal/process/task_queues:95:5)\n    at async uploadOrdersBatch (file:///C:/Users/POS/speypos-system/speypos-local/src/services/cloudIngest.service.js:170:60)\n    at async dispatchCloudMiniBatch (file:///C:/Users/POS/speypos-system/speypos-local/src/services/outbox.dispatchers.js:75:18)\n    at async processBatch (file:///C:/Users/POS/speypos-system/speypos-local/src/services/outbox.worker.js:38:7)\n    at async tick (file:///C:/Users/POS/speypos-system/speypos-local/src/services/outbox.worker.js:73:5)","errorStatus":422,"errorSyscall":null,"errorType":null,"level":"error","message":"Cloud sync failed.","timestamp":"2026-07-25T05:48:19.124Z"}
{"attempts":2,"error":"upload_failed","errorAddress":null,"errorCause":null,"errorCode":null,"errorErrno":null,"errorName":"Error","errorPort":null,"errorRequestId":null,"errorStack":"Error: upload_failed\n    at dispatchCloudMiniBatch (file:///C:/Users/POS/speypos-system/speypos-local/src/services/outbox.dispatchers.js:78:11)\n    at process.processTicksAndRejections (node:internal/process/task_queues:95:5)\n    at async processBatch (file:///C:/Users/POS/speypos-system/speypos-local/src/services/outbox.worker.js:38:7)\n    at async tick (file:///C:/Users/POS/speypos-system/speypos-local/src/services/outbox.worker.js:73:5)","errorStatus":null,"errorSyscall":null,"errorType":null,"eventId":"20339967-0b3c-4127-9d69-9daa5dea4890","eventType":"cloud.mini_batch","level":"warn","message":"Outbox event dispatch failed","timestamp":"2026-07-25T05:48:19.125Z"}
{"baseUrl":"https://speypos-cloud-api.ryong.net","businessDate":"2026-07-25","level":"info","message":"Cloud sync starting.","orderCount":20,"shiftId":"56ef50c8-9581-4ead-9ea4-2c02d6e15628","storeId":"1","timestamp":"2026-07-25T05:48:22.081Z"}
{"error":"Validation failed","errorAddress":null,"errorCause":null,"errorCode":"invalid_event_batch","errorErrno":null,"errorName":"Error","errorPort":null,"errorRequestId":"0ee97a92-a73d-4352-8bd4-72fd66cad382","errorStack":"Error: Validation failed\n    at postJson (file:///C:/Users/POS/speypos-system/speypos-local/src/services/cloudIngest.service.js:119:25)\n    at process.processTicksAndRejections (node:internal/process/task_queues:95:5)\n    at async uploadOrdersBatch (file:///C:/Users/POS/speypos-system/speypos-local/src/services/cloudIngest.service.js:170:60)\n    at async dispatchCloudMiniBatch (file:///C:/Users/POS/speypos-system/speypos-local/src/services/outbox.dispatchers.js:75:18)\n    at async processBatch (file:///C:/Users/POS/speypos-system/speypos-local/src/services/outbox.worker.js:38:7)\n    at async tick (file:///C:/Users/POS/speypos-system/speypos-local/src/services/outbox.worker.js:73:5)","errorStatus":422,"errorSyscall":null,"errorType":null,"level":"error","message":"Cloud sync failed.","timestamp":"2026-07-25T05:48:22.136Z"}
{"attempts":3,"error":"upload_failed","errorAddress":null,"errorCause":null,"errorCode":null,"errorErrno":null,"errorName":"Error","errorPort":null,"errorRequestId":null,"errorStack":"Error: upload_failed\n    at dispatchCloudMiniBatch (file:///C:/Users/POS/speypos-system/speypos-local/src/services/outbox.dispatchers.js:78:11)\n    at process.processTicksAndRejections (node:internal/process/task_queues:95:5)\n    at async processBatch (file:///C:/Users/POS/speypos-system/speypos-local/src/services/outbox.worker.js:38:7)\n    at async tick (file:///C:/Users/POS/speypos-system/speypos-local/src/services/outbox.worker.js:73:5)","errorStatus":null,"errorSyscall":null,"errorType":null,"eventId":"20339967-0b3c-4127-9d69-9daa5dea4890","eventType":"cloud.mini_batch","level":"warn","message":"Outbox event dispatch failed","timestamp":"2026-07-25T05:48:22.137Z"}
{"baseUrl":"https://speypos-cloud-api.ryong.net","businessDate":"2026-07-25","level":"info","message":"Cloud sync starting.","orderCount":20,"shiftId":"56ef50c8-9581-4ead-9ea4-2c02d6e15628","storeId":"1","timestamp":"2026-07-25T05:48:27.142Z"}
{"error":"Validation failed","errorAddress":null,"errorCause":null,"errorCode":"invalid_event_batch","errorErrno":null,"errorName":"Error","errorPort":null,"errorRequestId":"9f292783-5167-4336-81e3-1d4bdb928154","errorStack":"Error: Validation failed\n    at postJson (file:///C:/Users/POS/speypos-system/speypos-local/src/services/cloudIngest.service.js:119:25)\n    at process.processTicksAndRejections (node:internal/process/task_queues:95:5)\n    at async uploadOrdersBatch (file:///C:/Users/POS/speypos-system/speypos-local/src/services/cloudIngest.service.js:170:60)\n    at async dispatchCloudMiniBatch (file:///C:/Users/POS/speypos-system/speypos-local/src/services/outbox.dispatchers.js:75:18)\n    at async processBatch (file:///C:/Users/POS/speypos-system/speypos-local/src/services/outbox.worker.js:38:7)\n    at async tick (file:///C:/Users/POS/speypos-system/speypos-local/src/services/outbox.worker.js:73:5)","errorStatus":422,"errorSyscall":null,"errorType":null,"level":"error","message":"Cloud sync failed.","timestamp":"2026-07-25T05:48:27.305Z"}
{"attempts":4,"error":"upload_failed","errorAddress":null,"errorCause":null,"errorCode":null,"errorErrno":null,"errorName":"Error","errorPort":null,"errorRequestId":null,"errorStack":"Error: upload_failed\n    at dispatchCloudMiniBatch (file:///C:/Users/POS/speypos-system/speypos-local/src/services/outbox.dispatchers.js:78:11)\n    at process.processTicksAndRejections (node:internal/process/task_queues:95:5)\n    at async processBatch (file:///C:/Users/POS/speypos-system/speypos-local/src/services/outbox.worker.js:38:7)\n    at async tick (file:///C:/Users/POS/speypos-system/speypos-local/src/services/outbox.worker.js:73:5)","errorStatus":null,"errorSyscall":null,"errorType":null,"eventId":"20339967-0b3c-4127-9d69-9daa5dea4890","eventType":"cloud.mini_batch","level":"warn","message":"Outbox event dispatch failed","timestamp":"2026-07-25T05:48:27.306Z"}
{"baseUrl":"https://speypos-cloud-api.ryong.net","businessDate":"2026-07-25","level":"info","message":"Cloud sync starting.","orderCount":20,"shiftId":"56ef50c8-9581-4ead-9ea4-2c02d6e15628","storeId":"1","timestamp":"2026-07-25T05:48:36.139Z"}
{"error":"Validation failed","errorAddress":null,"errorCause":null,"errorCode":"invalid_event_batch","errorErrno":null,"errorName":"Error","errorPort":null,"errorRequestId":"7620bb91-bece-4b56-8166-a5af2fa7684a","errorStack":"Error: Validation failed\n    at postJson (file:///C:/Users/POS/speypos-system/speypos-local/src/services/cloudIngest.service.js:119:25)\n    at process.processTicksAndRejections (node:internal/process/task_queues:95:5)\n    at async uploadOrdersBatch (file:///C:/Users/POS/speypos-system/speypos-local/src/services/cloudIngest.service.js:170:60)\n    at async dispatchCloudMiniBatch (file:///C:/Users/POS/speypos-system/speypos-local/src/services/outbox.dispatchers.js:75:18)\n    at async processBatch (file:///C:/Users/POS/speypos-system/speypos-local/src/services/outbox.worker.js:38:7)\n    at async tick (file:///C:/Users/POS/speypos-system/speypos-local/src/services/outbox.worker.js:73:5)","errorStatus":422,"errorSyscall":null,"errorType":null,"level":"error","message":"Cloud sync failed.","timestamp":"2026-07-25T05:48:36.301Z"}
{"attempts":5,"error":"upload_failed","errorAddress":null,"errorCause":null,"errorCode":null,"errorErrno":null,"errorName":"Error","errorPort":null,"errorRequestId":null,"errorStack":"Error: upload_failed\n    at dispatchCloudMiniBatch (file:///C:/Users/POS/speypos-system/speypos-local/src/services/outbox.dispatchers.js:78:11)\n    at process.processTicksAndRejections (node:internal/process/task_queues:95:5)\n    at async processBatch (file:///C:/Users/POS/speypos-system/speypos-local/src/services/outbox.worker.js:38:7)\n    at async tick (file:///C:/Users/POS/speypos-system/speypos-local/src/services/outbox.worker.js:73:5)","errorStatus":null,"errorSyscall":null,"errorType":null,"eventId":"20339967-0b3c-4127-9d69-9daa5dea4890","eventType":"cloud.mini_batch","level":"warn","message":"Outbox event dispatch failed","timestamp":"2026-07-25T05:48:36.302Z"}
{"baseUrl":"https://speypos-cloud-api.ryong.net","businessDate":"2026-07-25","level":"info","message":"Cloud sync starting.","orderCount":20,"shiftId":"56ef50c8-9581-4ead-9ea4-2c02d6e15628","storeId":"1","timestamp":"2026-07-25T05:48:53.248Z"}
{"error":"Validation failed","errorAddress":null,"errorCause":null,"errorCode":"invalid_event_batch","errorErrno":null,"errorName":"Error","errorPort":null,"errorRequestId":"b7d40e92-510f-4a49-aff8-3904b3ad12e9","errorStack":"Error: Validation failed\n    at postJson (file:///C:/Users/POS/speypos-system/speypos-local/src/services/cloudIngest.service.js:119:25)\n    at process.processTicksAndRejections (node:internal/process/task_queues:95:5)\n    at async uploadOrdersBatch (file:///C:/Users/POS/speypos-system/speypos-local/src/services/cloudIngest.service.js:170:60)\n    at async dispatchCloudMiniBatch (file:///C:/Users/POS/speypos-system/speypos-local/src/services/outbox.dispatchers.js:75:18)\n    at async processBatch (file:///C:/Users/POS/speypos-system/speypos-local/src/services/outbox.worker.js:38:7)\n    at async tick (file:///C:/Users/POS/speypos-system/speypos-local/src/services/outbox.worker.js:73:5)","errorStatus":422,"errorSyscall":null,"errorType":null,"level":"error","message":"Cloud sync failed.","timestamp":"2026-07-25T05:48:53.414Z"}
{"attempts":6,"error":"upload_failed","errorAddress":null,"errorCause":null,"errorCode":null,"errorErrno":null,"errorName":"Error","errorPort":null,"errorRequestId":null,"errorStack":"Error: upload_failed\n    at dispatchCloudMiniBatch (file:///C:/Users/POS/speypos-system/speypos-local/src/services/outbox.dispatchers.js:78:11)\n    at process.processTicksAndRejections (node:internal/process/task_queues:95:5)\n    at async processBatch (file:///C:/Users/POS/speypos-system/speypos-local/src/services/outbox.worker.js:38:7)\n    at async tick (file:///C:/Users/POS/speypos-system/speypos-local/src/services/outbox.worker.js:73:5)","errorStatus":null,"errorSyscall":null,"errorType":null,"eventId":"20339967-0b3c-4127-9d69-9daa5dea4890","eventType":"cloud.mini_batch","level":"warn","message":"Outbox event dispatch failed","timestamp":"2026-07-25T05:48:53.416Z"}
{"baseUrl":"https://speypos-cloud-api.ryong.net","businessDate":"2026-07-25","level":"info","message":"Cloud sync starting.","orderCount":20,"shiftId":"56ef50c8-9581-4ead-9ea4-2c02d6e15628","storeId":"1","timestamp":"2026-07-25T05:49:26.560Z"}
{"error":"Validation failed","errorAddress":null,"errorCause":null,"errorCode":"invalid_event_batch","errorErrno":null,"errorName":"Error","errorPort":null,"errorRequestId":"f407f425-1a1a-4e27-856f-028a24829e44","errorStack":"Error: Validation failed\n    at postJson (file:///C:/Users/POS/speypos-system/speypos-local/src/services/cloudIngest.service.js:119:25)\n    at process.processTicksAndRejections (node:internal/process/task_queues:95:5)\n    at async uploadOrdersBatch (file:///C:/Users/POS/speypos-system/speypos-local/src/services/cloudIngest.service.js:170:60)\n    at async dispatchCloudMiniBatch (file:///C:/Users/POS/speypos-system/speypos-local/src/services/outbox.dispatchers.js:75:18)\n    at async processBatch (file:///C:/Users/POS/speypos-system/speypos-local/src/services/outbox.worker.js:38:7)\n    at async tick (file:///C:/Users/POS/speypos-system/speypos-local/src/services/outbox.worker.js:73:5)","errorStatus":422,"errorSyscall":null,"errorType":null,"level":"error","message":"Cloud sync failed.","timestamp":"2026-07-25T05:49:26.728Z"}
{"attempts":7,"error":"upload_failed","errorAddress":null,"errorCause":null,"errorCode":null,"errorErrno":null,"errorName":"Error","errorPort":null,"errorRequestId":null,"errorStack":"Error: upload_failed\n    at dispatchCloudMiniBatch (file:///C:/Users/POS/speypos-system/speypos-local/src/services/outbox.dispatchers.js:78:11)\n    at process.processTicksAndRejections (node:internal/process/task_queues:95:5)\n    at async processBatch (file:///C:/Users/POS/speypos-system/speypos-local/src/services/outbox.worker.js:38:7)\n    at async tick (file:///C:/Users/POS/speypos-system/speypos-local/src/services/outbox.worker.js:73:5)","errorStatus":null,"errorSyscall":null,"errorType":null,"eventId":"20339967-0b3c-4127-9d69-9daa5dea4890","eventType":"cloud.mini_batch","level":"warn","message":"Outbox event dispatch failed","timestamp":"2026-07-25T05:49:26.730Z"}
{"baseUrl":"https://speypos-cloud-api.ryong.net","businessDate":"2026-07-25","level":"info","message":"Cloud sync starting.","orderCount":20,"shiftId":"56ef50c8-9581-4ead-9ea4-2c02d6e15628","storeId":"1","timestamp":"2026-07-25T05:50:31.130Z"}
{"error":"Validation failed","errorAddress":null,"errorCause":null,"errorCode":"invalid_event_batch","errorErrno":null,"errorName":"Error","errorPort":null,"errorRequestId":"e4f3f9c2-f757-48f3-ab31-e47cee678e23","errorStack":"Error: Validation failed\n    at postJson (file:///C:/Users/POS/speypos-system/speypos-local/src/services/cloudIngest.service.js:119:25)\n    at process.processTicksAndRejections (node:internal/process/task_queues:95:5)\n    at async uploadOrdersBatch (file:///C:/Users/POS/speypos-system/speypos-local/src/services/cloudIngest.service.js:170:60)\n    at async dispatchCloudMiniBatch (file:///C:/Users/POS/speypos-system/speypos-local/src/services/outbox.dispatchers.js:75:18)\n    at async processBatch (file:///C:/Users/POS/speypos-system/speypos-local/src/services/outbox.worker.js:38:7)\n    at async tick (file:///C:/Users/POS/speypos-system/speypos-local/src/services/outbox.worker.js:73:5)","errorStatus":422,"errorSyscall":null,"errorType":null,"level":"error","message":"Cloud sync failed.","timestamp":"2026-07-25T05:50:31.438Z"}
{"attempts":8,"error":"upload_failed","errorAddress":null,"errorCause":null,"errorCode":null,"errorErrno":null,"errorName":"Error","errorPort":null,"errorRequestId":null,"errorStack":"Error: upload_failed\n    at dispatchCloudMiniBatch (file:///C:/Users/POS/speypos-system/speypos-local/src/services/outbox.dispatchers.js:78:11)\n    at process.processTicksAndRejections (node:internal/process/task_queues:95:5)\n    at async processBatch (file:///C:/Users/POS/speypos-system/speypos-local/src/services/outbox.worker.js:38:7)\n    at async tick (file:///C:/Users/POS/speypos-system/speypos-local/src/services/outbox.worker.js:73:5)","errorStatus":null,"errorSyscall":null,"errorType":null,"eventId":"20339967-0b3c-4127-9d69-9daa5dea4890","eventType":"cloud.mini_batch","level":"warn","message":"Outbox event dispatch failed","timestamp":"2026-07-25T05:50:31.440Z"}
{"baseUrl":"https://speypos-cloud-api.ryong.net","businessDate":"2026-07-25","level":"info","message":"Cloud sync starting.","orderCount":20,"shiftId":"56ef50c8-9581-4ead-9ea4-2c02d6e15628","storeId":"1","timestamp":"2026-07-25T05:51:36.481Z"}
{"error":"Validation failed","errorAddress":null,"errorCause":null,"errorCode":"invalid_event_batch","errorErrno":null,"errorName":"Error","errorPort":null,"errorRequestId":"9c408945-d62f-4e23-9b9c-6b0aac8f6e64","errorStack":"Error: Validation failed\n    at postJson (file:///C:/Users/POS/speypos-system/speypos-local/src/services/cloudIngest.service.js:119:25)\n    at process.processTicksAndRejections (node:internal/process/task_queues:95:5)\n    at async uploadOrdersBatch (file:///C:/Users/POS/speypos-system/speypos-local/src/services/cloudIngest.service.js:170:60)\n    at async dispatchCloudMiniBatch (file:///C:/Users/POS/speypos-system/speypos-local/src/services/outbox.dispatchers.js:75:18)\n    at async processBatch (file:///C:/Users/POS/speypos-system/speypos-local/src/services/outbox.worker.js:38:7)\n    at async tick (file:///C:/Users/POS/speypos-system/speypos-local/src/services/outbox.worker.js:73:5)","errorStatus":422,"errorSyscall":null,"errorType":null,"level":"error","message":"Cloud sync failed.","timestamp":"2026-07-25T05:51:36.743Z"}
{"attempts":9,"error":"upload_failed","errorAddress":null,"errorCause":null,"errorCode":null,"errorErrno":null,"errorName":"Error","errorPort":null,"errorRequestId":null,"errorStack":"Error: upload_failed\n    at dispatchCloudMiniBatch (file:///C:/Users/POS/speypos-system/speypos-local/src/services/outbox.dispatchers.js:78:11)\n    at process.processTicksAndRejections (node:internal/process/task_queues:95:5)\n    at async processBatch (file:///C:/Users/POS/speypos-system/speypos-local/src/services/outbox.worker.js:38:7)\n    at async tick (file:///C:/Users/POS/speypos-system/speypos-local/src/services/outbox.worker.js:73:5)","errorStatus":null,"errorSyscall":null,"errorType":null,"eventId":"20339967-0b3c-4127-9d69-9daa5dea4890","eventType":"cloud.mini_batch","level":"warn","message":"Outbox event dispatch failed","timestamp":"2026-07-25T05:51:36.749Z"}
{"baseUrl":"https://speypos-cloud-api.ryong.net","businessDate":"2026-07-25","level":"info","message":"Cloud sync starting.","orderCount":20,"shiftId":"56ef50c8-9581-4ead-9ea4-2c02d6e15628","storeId":"1","timestamp":"2026-07-25T05:52:41.813Z"}
{"error":"Validation failed","errorAddress":null,"errorCause":null,"errorCode":"invalid_event_batch","errorErrno":null,"errorName":"Error","errorPort":null,"errorRequestId":"0a8d0468-8f66-4039-b667-d0e2e6eb8149","errorStack":"Error: Validation failed\n    at postJson (file:///C:/Users/POS/speypos-system/speypos-local/src/services/cloudIngest.service.js:119:25)\n    at process.processTicksAndRejections (node:internal/process/task_queues:95:5)\n    at async uploadOrdersBatch (file:///C:/Users/POS/speypos-system/speypos-local/src/services/cloudIngest.service.js:170:60)\n    at async dispatchCloudMiniBatch (file:///C:/Users/POS/speypos-system/speypos-local/src/services/outbox.dispatchers.js:75:18)\n    at async processBatch (file:///C:/Users/POS/speypos-system/speypos-local/src/services/outbox.worker.js:38:7)\n    at async tick (file:///C:/Users/POS/speypos-system/speypos-local/src/services/outbox.worker.js:73:5)","errorStatus":422,"errorSyscall":null,"errorType":null,"level":"error","message":"Cloud sync failed.","timestamp":"2026-07-25T05:52:42.061Z"}
{"attempts":10,"error":"upload_failed","errorAddress":null,"errorCause":null,"errorCode":null,"errorErrno":null,"errorName":"Error","errorPort":null,"errorRequestId":null,"errorStack":"Error: upload_failed\n    at dispatchCloudMiniBatch (file:///C:/Users/POS/speypos-system/speypos-local/src/services/outbox.dispatchers.js:78:11)\n    at process.processTicksAndRejections (node:internal/process/task_queues:95:5)\n    at async processBatch (file:///C:/Users/POS/speypos-system/speypos-local/src/services/outbox.worker.js:38:7)\n    at async tick (file:///C:/Users/POS/speypos-system/speypos-local/src/services/outbox.worker.js:73:5)","errorStatus":null,"errorSyscall":null,"errorType":null,"eventId":"20339967-0b3c-4127-9d69-9daa5dea4890","eventType":"cloud.mini_batch","level":"warn","message":"Outbox event dispatch failed","timestamp":"2026-07-25T05:52:42.064Z"}
{"level":"info","message":"Reprint requested for order 44f7ee0d-fe69-43ca-b4b6-160ab460f097. Bypassing printed_at guard.","timestamp":"2026-07-25T05:55:45.141Z"}
{"level":"info","message":"Starting print job for order ID: 44f7ee0d-fe69-43ca-b4b6-160ab460f097.","status":"completed","timestamp":"2026-07-25T05:55:45.142Z"}
{"copies":[{"count":1,"variant":"INTERNAL"}],"engine":"canvas","level":"info","message":"Printing 1 variants for order 44f7ee0d-fe69-43ca-b4b6-160ab460f097","timestamp":"2026-07-25T05:55:45.142Z"}
{"level":"info","message":"[canvas] Rendering ESC/POS buffer for variant INTERNAL, order 44f7ee0d-fe69-43ca-b4b6-160ab460f097.","timestamp":"2026-07-25T05:55:45.142Z"}
{"level":"info","message":"[canvas] Sending copy 1/1 of variant INTERNAL for order 44f7ee0d-fe69-43ca-b4b6-160ab460f097.","timestamp":"2026-07-25T05:55:45.160Z"}
{"bufferBytes":23340,"level":"info","message":"ESC/POS transport: preparing to send buffer to printer","printerName":"\\\\localhost\\XP80","timestamp":"2026-07-25T05:55:45.160Z"}
{"bufferBytes":23340,"level":"info","message":"ESC/POS transport: buffer sent successfully","printerName":"\\\\localhost\\XP80","timestamp":"2026-07-25T05:55:45.475Z"}
{"level":"info","message":"Print job for order 44f7ee0d-fe69-43ca-b4b6-160ab460f097 completed and marked as printed.","timestamp":"2026-07-25T05:55:45.476Z"}
{"error":"recoveryService is not defined","level":"error","message":"Failed to print receipt for order 44f7ee0d-fe69-43ca-b4b6-160ab460f097","stack":"ReferenceError: recoveryService is not defined\n    at printOrderReceipt (file:///C:/Users/POS/speypos-system/speypos-local/src/controllers/order.controller.js:133:5)","timestamp":"2026-07-25T05:55:45.477Z"}
{"level":"info","message":"Starting print job for order ID: 4ff40db5-02fd-4a71-bae1-4964fd4e77f7.","status":"completed","timestamp":"2026-07-25T05:55:52.746Z"}
{"copies":[{"count":1,"variant":"INTERNAL"}],"engine":"canvas","level":"info","message":"Printing 1 variants for order 4ff40db5-02fd-4a71-bae1-4964fd4e77f7","timestamp":"2026-07-25T05:55:52.746Z"}
{"level":"info","message":"[canvas] Rendering ESC/POS buffer for variant INTERNAL, order 4ff40db5-02fd-4a71-bae1-4964fd4e77f7.","timestamp":"2026-07-25T05:55:52.747Z"}
{"level":"info","message":"[canvas] Sending copy 1/1 of variant INTERNAL for order 4ff40db5-02fd-4a71-bae1-4964fd4e77f7.","timestamp":"2026-07-25T05:55:52.769Z"}
{"bufferBytes":23340,"level":"info","message":"ESC/POS transport: preparing to send buffer to printer","printerName":"\\\\localhost\\XP80","timestamp":"2026-07-25T05:55:52.770Z"}
{"bufferBytes":23340,"level":"info","message":"ESC/POS transport: buffer sent successfully","printerName":"\\\\localhost\\XP80","timestamp":"2026-07-25T05:55:53.034Z"}
{"level":"info","message":"Print job for order 4ff40db5-02fd-4a71-bae1-4964fd4e77f7 completed and marked as printed.","timestamp":"2026-07-25T05:55:53.035Z"}
{"level":"info","message":"Telegram message sent successfully.","timestamp":"2026-07-25T05:55:54.002Z"}
{"level":"info","message":"Successfully sent and marked Telegram notification for order 4ff40db5-02fd-4a71-bae1-4964fd4e77f7","timestamp":"2026-07-25T05:55:54.003Z"}
{"baseUrl":"https://speypos-cloud-api.ryong.net","businessDate":"2026-07-25","level":"info","message":"Cloud sync starting.","orderCount":20,"shiftId":"56ef50c8-9581-4ead-9ea4-2c02d6e15628","storeId":"1","timestamp":"2026-07-25T05:55:54.066Z"}
{"error":"Validation failed","errorAddress":null,"errorCause":null,"errorCode":"invalid_event_batch","errorErrno":null,"errorName":"Error","errorPort":null,"errorRequestId":"e7c3a93e-be87-4e9e-b80f-17921fa736a6","errorStack":"Error: Validation failed\n    at postJson (file:///C:/Users/POS/speypos-system/speypos-local/src/services/cloudIngest.service.js:119:25)\n    at process.processTicksAndRejections (node:internal/process/task_queues:95:5)\n    at async uploadOrdersBatch (file:///C:/Users/POS/speypos-system/speypos-local/src/services/cloudIngest.service.js:170:60)\n    at async dispatchCloudMiniBatch (file:///C:/Users/POS/speypos-system/speypos-local/src/services/outbox.dispatchers.js:75:18)\n    at async processBatch (file:///C:/Users/POS/speypos-system/speypos-local/src/services/outbox.worker.js:38:7)\n    at async tick (file:///C:/Users/POS/speypos-system/speypos-local/src/services/outbox.worker.js:73:5)","errorStatus":422,"errorSyscall":null,"errorType":null,"level":"error","message":"Cloud sync failed.","timestamp":"2026-07-25T05:55:54.314Z"}
{"attempts":1,"error":"upload_failed","errorAddress":null,"errorCause":null,"errorCode":null,"errorErrno":null,"errorName":"Error","errorPort":null,"errorRequestId":null,"errorStack":"Error: upload_failed\n    at dispatchCloudMiniBatch (file:///C:/Users/POS/speypos-system/speypos-local/src/services/outbox.dispatchers.js:78:11)\n    at process.processTicksAndRejections (node:internal/process/task_queues:95:5)\n    at async processBatch (file:///C:/Users/POS/speypos-system/speypos-local/src/services/outbox.worker.js:38:7)\n    at async tick (file:///C:/Users/POS/speypos-system/speypos-local/src/services/outbox.worker.js:73:5)","errorStatus":null,"errorSyscall":null,"errorType":null,"eventId":"e98e5169-f044-4e17-92e9-8c145f8a2cff","eventType":"cloud.mini_batch","level":"warn","message":"Outbox event dispatch failed","timestamp":"2026-07-25T05:55:54.316Z"}
{"baseUrl":"https://speypos-cloud-api.ryong.net","businessDate":"2026-07-25","level":"info","message":"Cloud sync starting.","orderCount":20,"shiftId":"56ef50c8-9581-4ead-9ea4-2c02d6e15628","storeId":"1","timestamp":"2026-07-25T05:55:55.841Z"}
{"error":"Validation failed","errorAddress":null,"errorCause":null,"errorCode":"invalid_event_batch","errorErrno":null,"errorName":"Error","errorPort":null,"errorRequestId":"783f7189-0585-4720-892b-80933ddbceb2","errorStack":"Error: Validation failed\n    at postJson (file:///C:/Users/POS/speypos-system/speypos-local/src/services/cloudIngest.service.js:119:25)\n    at process.processTicksAndRejections (node:internal/process/task_queues:95:5)\n    at async uploadOrdersBatch (file:///C:/Users/POS/speypos-system/speypos-local/src/services/cloudIngest.service.js:170:60)\n    at async dispatchCloudMiniBatch (file:///C:/Users/POS/speypos-system/speypos-local/src/services/outbox.dispatchers.js:75:18)\n    at async processBatch (file:///C:/Users/POS/speypos-system/speypos-local/src/services/outbox.worker.js:38:7)\n    at async tick (file:///C:/Users/POS/speypos-system/speypos-local/src/services/outbox.worker.js:73:5)","errorStatus":422,"errorSyscall":null,"errorType":null,"level":"error","message":"Cloud sync failed.","timestamp":"2026-07-25T05:55:55.916Z"}
{"attempts":2,"error":"upload_failed","errorAddress":null,"errorCause":null,"errorCode":null,"errorErrno":null,"errorName":"Error","errorPort":null,"errorRequestId":null,"errorStack":"Error: upload_failed\n    at dispatchCloudMiniBatch (file:///C:/Users/POS/speypos-system/speypos-local/src/services/outbox.dispatchers.js:78:11)\n    at process.processTicksAndRejections (node:internal/process/task_queues:95:5)\n    at async processBatch (file:///C:/Users/POS/speypos-system/speypos-local/src/services/outbox.worker.js:38:7)\n    at async tick (file:///C:/Users/POS/speypos-system/speypos-local/src/services/outbox.worker.js:73:5)","errorStatus":null,"errorSyscall":null,"errorType":null,"eventId":"e98e5169-f044-4e17-92e9-8c145f8a2cff","eventType":"cloud.mini_batch","level":"warn","message":"Outbox event dispatch failed","timestamp":"2026-07-25T05:55:55.917Z"}
{"baseUrl":"https://speypos-cloud-api.ryong.net","businessDate":"2026-07-25","level":"info","message":"Cloud sync starting.","orderCount":20,"shiftId":"56ef50c8-9581-4ead-9ea4-2c02d6e15628","storeId":"1","timestamp":"2026-07-25T05:55:58.879Z"}
{"error":"Validation failed","errorAddress":null,"errorCause":null,"errorCode":"invalid_event_batch","errorErrno":null,"errorName":"Error","errorPort":null,"errorRequestId":"21671c78-253f-4a66-a8e5-154beefa948a","errorStack":"Error: Validation failed\n    at postJson (file:///C:/Users/POS/speypos-system/speypos-local/src/services/cloudIngest.service.js:119:25)\n    at process.processTicksAndRejections (node:internal/process/task_queues:95:5)\n    at async uploadOrdersBatch (file:///C:/Users/POS/speypos-system/speypos-local/src/services/cloudIngest.service.js:170:60)\n    at async dispatchCloudMiniBatch (file:///C:/Users/POS/speypos-system/speypos-local/src/services/outbox.dispatchers.js:75:18)\n    at async processBatch (file:///C:/Users/POS/speypos-system/speypos-local/src/services/outbox.worker.js:38:7)\n    at async tick (file:///C:/Users/POS/speypos-system/speypos-local/src/services/outbox.worker.js:73:5)","errorStatus":422,"errorSyscall":null,"errorType":null,"level":"error","message":"Cloud sync failed.","timestamp":"2026-07-25T05:55:58.941Z"}
{"attempts":3,"error":"upload_failed","errorAddress":null,"errorCause":null,"errorCode":null,"errorErrno":null,"errorName":"Error","errorPort":null,"errorRequestId":null,"errorStack":"Error: upload_failed\n    at dispatchCloudMiniBatch (file:///C:/Users/POS/speypos-system/speypos-local/src/services/outbox.dispatchers.js:78:11)\n    at process.processTicksAndRejections (node:internal/process/task_queues:95:5)\n    at async processBatch (file:///C:/Users/POS/speypos-system/speypos-local/src/services/outbox.worker.js:38:7)\n    at async tick (file:///C:/Users/POS/speypos-system/speypos-local/src/services/outbox.worker.js:73:5)","errorStatus":null,"errorSyscall":null,"errorType":null,"eventId":"e98e5169-f044-4e17-92e9-8c145f8a2cff","eventType":"cloud.mini_batch","level":"warn","message":"Outbox event dispatch failed","timestamp":"2026-07-25T05:55:58.943Z"}
{"baseUrl":"https://speypos-cloud-api.ryong.net","businessDate":"2026-07-25","level":"info","message":"Cloud sync starting.","orderCount":20,"shiftId":"56ef50c8-9581-4ead-9ea4-2c02d6e15628","storeId":"1","timestamp":"2026-07-25T05:56:03.892Z"}
{"error":"Validation failed","errorAddress":null,"errorCause":null,"errorCode":"invalid_event_batch","errorErrno":null,"errorName":"Error","errorPort":null,"errorRequestId":"cbe86db9-795b-4ba6-b3dd-cc1d1d3d7dc3","errorStack":"Error: Validation failed\n    at postJson (file:///C:/Users/POS/speypos-system/speypos-local/src/services/cloudIngest.service.js:119:25)\n    at process.processTicksAndRejections (node:internal/process/task_queues:95:5)\n    at async uploadOrdersBatch (file:///C:/Users/POS/speypos-system/speypos-local/src/services/cloudIngest.service.js:170:60)\n    at async dispatchCloudMiniBatch (file:///C:/Users/POS/speypos-system/speypos-local/src/services/outbox.dispatchers.js:75:18)\n    at async processBatch (file:///C:/Users/POS/speypos-system/speypos-local/src/services/outbox.worker.js:38:7)\n    at async tick (file:///C:/Users/POS/speypos-system/speypos-local/src/services/outbox.worker.js:73:5)","errorStatus":422,"errorSyscall":null,"errorType":null,"level":"error","message":"Cloud sync failed.","timestamp":"2026-07-25T05:56:04.101Z"}
{"attempts":4,"error":"upload_failed","errorAddress":null,"errorCause":null,"errorCode":null,"errorErrno":null,"errorName":"Error","errorPort":null,"errorRequestId":null,"errorStack":"Error: upload_failed\n    at dispatchCloudMiniBatch (file:///C:/Users/POS/speypos-system/speypos-local/src/services/outbox.dispatchers.js:78:11)\n    at process.processTicksAndRejections (node:internal/process/task_queues:95:5)\n    at async processBatch (file:///C:/Users/POS/speypos-system/speypos-local/src/services/outbox.worker.js:38:7)\n    at async tick (file:///C:/Users/POS/speypos-system/speypos-local/src/services/outbox.worker.js:73:5)","errorStatus":null,"errorSyscall":null,"errorType":null,"eventId":"e98e5169-f044-4e17-92e9-8c145f8a2cff","eventType":"cloud.mini_batch","level":"warn","message":"Outbox event dispatch failed","timestamp":"2026-07-25T05:56:04.102Z"}
{"baseUrl":"https://speypos-cloud-api.ryong.net","businessDate":"2026-07-25","level":"info","message":"Cloud sync starting.","orderCount":20,"shiftId":"56ef50c8-9581-4ead-9ea4-2c02d6e15628","storeId":"1","timestamp":"2026-07-25T05:56:12.893Z"}
{"error":"Validation failed","errorAddress":null,"errorCause":null,"errorCode":"invalid_event_batch","errorErrno":null,"errorName":"Error","errorPort":null,"errorRequestId":"e73837fd-c8c1-4d6b-9a00-1c637656500a","errorStack":"Error: Validation failed\n    at postJson (file:///C:/Users/POS/speypos-system/speypos-local/src/services/cloudIngest.service.js:119:25)\n    at process.processTicksAndRejections (node:internal/process/task_queues:95:5)\n    at async uploadOrdersBatch (file:///C:/Users/POS/speypos-system/speypos-local/src/services/cloudIngest.service.js:170:60)\n    at async dispatchCloudMiniBatch (file:///C:/Users/POS/speypos-system/speypos-local/src/services/outbox.dispatchers.js:75:18)\n    at async processBatch (file:///C:/Users/POS/speypos-system/speypos-local/src/services/outbox.worker.js:38:7)\n    at async tick (file:///C:/Users/POS/speypos-system/speypos-local/src/services/outbox.worker.js:73:5)","errorStatus":422,"errorSyscall":null,"errorType":null,"level":"error","message":"Cloud sync failed.","timestamp":"2026-07-25T05:56:13.059Z"}
{"attempts":5,"error":"upload_failed","errorAddress":null,"errorCause":null,"errorCode":null,"errorErrno":null,"errorName":"Error","errorPort":null,"errorRequestId":null,"errorStack":"Error: upload_failed\n    at dispatchCloudMiniBatch (file:///C:/Users/POS/speypos-system/speypos-local/src/services/outbox.dispatchers.js:78:11)\n    at process.processTicksAndRejections (node:internal/process/task_queues:95:5)\n    at async processBatch (file:///C:/Users/POS/speypos-system/speypos-local/src/services/outbox.worker.js:38:7)\n    at async tick (file:///C:/Users/POS/speypos-system/speypos-local/src/services/outbox.worker.js:73:5)","errorStatus":null,"errorSyscall":null,"errorType":null,"eventId":"e98e5169-f044-4e17-92e9-8c145f8a2cff","eventType":"cloud.mini_batch","level":"warn","message":"Outbox event dispatch failed","timestamp":"2026-07-25T05:56:13.061Z"}
{"baseUrl":"https://speypos-cloud-api.ryong.net","businessDate":"2026-07-25","level":"info","message":"Cloud sync starting.","orderCount":20,"shiftId":"56ef50c8-9581-4ead-9ea4-2c02d6e15628","storeId":"1","timestamp":"2026-07-25T05:56:29.999Z"}
{"error":"Validation failed","errorAddress":null,"errorCause":null,"errorCode":"invalid_event_batch","errorErrno":null,"errorName":"Error","errorPort":null,"errorRequestId":"48277c3b-3dcb-43c9-a80f-bc451507bf8e","errorStack":"Error: Validation failed\n    at postJson (file:///C:/Users/POS/speypos-system/speypos-local/src/services/cloudIngest.service.js:119:25)\n    at process.processTicksAndRejections (node:internal/process/task_queues:95:5)\n    at async uploadOrdersBatch (file:///C:/Users/POS/speypos-system/speypos-local/src/services/cloudIngest.service.js:170:60)\n    at async dispatchCloudMiniBatch (file:///C:/Users/POS/speypos-system/speypos-local/src/services/outbox.dispatchers.js:75:18)\n    at async processBatch (file:///C:/Users/POS/speypos-system/speypos-local/src/services/outbox.worker.js:38:7)\n    at async tick (file:///C:/Users/POS/speypos-system/speypos-local/src/services/outbox.worker.js:73:5)","errorStatus":422,"errorSyscall":null,"errorType":null,"level":"error","message":"Cloud sync failed.","timestamp":"2026-07-25T05:56:30.165Z"}
{"attempts":6,"error":"upload_failed","errorAddress":null,"errorCause":null,"errorCode":null,"errorErrno":null,"errorName":"Error","errorPort":null,"errorRequestId":null,"errorStack":"Error: upload_failed\n    at dispatchCloudMiniBatch (file:///C:/Users/POS/speypos-system/speypos-local/src/services/outbox.dispatchers.js:78:11)\n    at process.processTicksAndRejections (node:internal/process/task_queues:95:5)\n    at async processBatch (file:///C:/Users/POS/speypos-system/speypos-local/src/services/outbox.worker.js:38:7)\n    at async tick (file:///C:/Users/POS/speypos-system/speypos-local/src/services/outbox.worker.js:73:5)","errorStatus":null,"errorSyscall":null,"errorType":null,"eventId":"e98e5169-f044-4e17-92e9-8c145f8a2cff","eventType":"cloud.mini_batch","level":"warn","message":"Outbox event dispatch failed","timestamp":"2026-07-25T05:56:30.167Z"}
{"baseUrl":"https://speypos-cloud-api.ryong.net","businessDate":"2026-07-25","level":"info","message":"Cloud sync starting.","orderCount":20,"shiftId":"56ef50c8-9581-4ead-9ea4-2c02d6e15628","storeId":"1","timestamp":"2026-07-25T05:57:03.208Z"}
{"error":"Validation failed","errorAddress":null,"errorCause":null,"errorCode":"invalid_event_batch","errorErrno":null,"errorName":"Error","errorPort":null,"errorRequestId":"635f8cce-8b1d-4c07-b168-6c5bc645cb74","errorStack":"Error: Validation failed\n    at postJson (file:///C:/Users/POS/speypos-system/speypos-local/src/services/cloudIngest.service.js:119:25)\n    at process.processTicksAndRejections (node:internal/process/task_queues:95:5)\n    at async uploadOrdersBatch (file:///C:/Users/POS/speypos-system/speypos-local/src/services/cloudIngest.service.js:170:60)\n    at async dispatchCloudMiniBatch (file:///C:/Users/POS/speypos-system/speypos-local/src/services/outbox.dispatchers.js:75:18)\n    at async processBatch (file:///C:/Users/POS/speypos-system/speypos-local/src/services/outbox.worker.js:38:7)\n    at async tick (file:///C:/Users/POS/speypos-system/speypos-local/src/services/outbox.worker.js:73:5)","errorStatus":422,"errorSyscall":null,"errorType":null,"level":"error","message":"Cloud sync failed.","timestamp":"2026-07-25T05:57:03.454Z"}
{"attempts":7,"error":"upload_failed","errorAddress":null,"errorCause":null,"errorCode":null,"errorErrno":null,"errorName":"Error","errorPort":null,"errorRequestId":null,"errorStack":"Error: upload_failed\n    at dispatchCloudMiniBatch (file:///C:/Users/POS/speypos-system/speypos-local/src/services/outbox.dispatchers.js:78:11)\n    at process.processTicksAndRejections (node:internal/process/task_queues:95:5)\n    at async processBatch (file:///C:/Users/POS/speypos-system/speypos-local/src/services/outbox.worker.js:38:7)\n    at async tick (file:///C:/Users/POS/speypos-system/speypos-local/src/services/outbox.worker.js:73:5)","errorStatus":null,"errorSyscall":null,"errorType":null,"eventId":"e98e5169-f044-4e17-92e9-8c145f8a2cff","eventType":"cloud.mini_batch","level":"warn","message":"Outbox event dispatch failed","timestamp":"2026-07-25T05:57:03.456Z"}
{"baseUrl":"https://speypos-cloud-api.ryong.net","businessDate":"2026-07-25","level":"info","message":"Cloud sync starting.","orderCount":20,"shiftId":"56ef50c8-9581-4ead-9ea4-2c02d6e15628","storeId":"1","timestamp":"2026-07-25T05:58:07.780Z"}
{"error":"Validation failed","errorAddress":null,"errorCause":null,"errorCode":"invalid_event_batch","errorErrno":null,"errorName":"Error","errorPort":null,"errorRequestId":"5c6e18ed-5591-45ce-9e2b-ed8774eadb94","errorStack":"Error: Validation failed\n    at postJson (file:///C:/Users/POS/speypos-system/speypos-local/src/services/cloudIngest.service.js:119:25)\n    at process.processTicksAndRejections (node:internal/process/task_queues:95:5)\n    at async uploadOrdersBatch (file:///C:/Users/POS/speypos-system/speypos-local/src/services/cloudIngest.service.js:170:60)\n    at async dispatchCloudMiniBatch (file:///C:/Users/POS/speypos-system/speypos-local/src/services/outbox.dispatchers.js:75:18)\n    at async processBatch (file:///C:/Users/POS/speypos-system/speypos-local/src/services/outbox.worker.js:38:7)\n    at async tick (file:///C:/Users/POS/speypos-system/speypos-local/src/services/outbox.worker.js:73:5)","errorStatus":422,"errorSyscall":null,"errorType":null,"level":"error","message":"Cloud sync failed.","timestamp":"2026-07-25T05:58:07.997Z"}
{"attempts":8,"error":"upload_failed","errorAddress":null,"errorCause":null,"errorCode":null,"errorErrno":null,"errorName":"Error","errorPort":null,"errorRequestId":null,"errorStack":"Error: upload_failed\n    at dispatchCloudMiniBatch (file:///C:/Users/POS/speypos-system/speypos-local/src/services/outbox.dispatchers.js:78:11)\n    at process.processTicksAndRejections (node:internal/process/task_queues:95:5)\n    at async processBatch (file:///C:/Users/POS/speypos-system/speypos-local/src/services/outbox.worker.js:38:7)\n    at async tick (file:///C:/Users/POS/speypos-system/speypos-local/src/services/outbox.worker.js:73:5)","errorStatus":null,"errorSyscall":null,"errorType":null,"eventId":"e98e5169-f044-4e17-92e9-8c145f8a2cff","eventType":"cloud.mini_batch","level":"warn","message":"Outbox event dispatch failed","timestamp":"2026-07-25T05:58:07.999Z"}
{"baseUrl":"https://speypos-cloud-api.ryong.net","businessDate":"2026-07-25","level":"info","message":"Cloud sync starting.","orderCount":20,"shiftId":"56ef50c8-9581-4ead-9ea4-2c02d6e15628","storeId":"1","timestamp":"2026-07-25T05:59:13.127Z"}
{"error":"Validation failed","errorAddress":null,"errorCause":null,"errorCode":"invalid_event_batch","errorErrno":null,"errorName":"Error","errorPort":null,"errorRequestId":"aa56f123-3d7e-4f6e-9ec9-33d497f7df8a","errorStack":"Error: Validation failed\n    at postJson (file:///C:/Users/POS/speypos-system/speypos-local/src/services/cloudIngest.service.js:119:25)\n    at process.processTicksAndRejections (node:internal/process/task_queues:95:5)\n    at async uploadOrdersBatch (file:///C:/Users/POS/speypos-system/speypos-local/src/services/cloudIngest.service.js:170:60)\n    at async dispatchCloudMiniBatch (file:///C:/Users/POS/speypos-system/speypos-local/src/services/outbox.dispatchers.js:75:18)\n    at async processBatch (file:///C:/Users/POS/speypos-system/speypos-local/src/services/outbox.worker.js:38:7)\n    at async tick (file:///C:/Users/POS/speypos-system/speypos-local/src/services/outbox.worker.js:73:5)","errorStatus":422,"errorSyscall":null,"errorType":null,"level":"error","message":"Cloud sync failed.","timestamp":"2026-07-25T05:59:13.283Z"}
{"attempts":9,"error":"upload_failed","errorAddress":null,"errorCause":null,"errorCode":null,"errorErrno":null,"errorName":"Error","errorPort":null,"errorRequestId":null,"errorStack":"Error: upload_failed\n    at dispatchCloudMiniBatch (file:///C:/Users/POS/speypos-system/speypos-local/src/services/outbox.dispatchers.js:78:11)\n    at process.processTicksAndRejections (node:internal/process/task_queues:95:5)\n    at async processBatch (file:///C:/Users/POS/speypos-system/speypos-local/src/services/outbox.worker.js:38:7)\n    at async tick (file:///C:/Users/POS/speypos-system/speypos-local/src/services/outbox.worker.js:73:5)","errorStatus":null,"errorSyscall":null,"errorType":null,"eventId":"e98e5169-f044-4e17-92e9-8c145f8a2cff","eventType":"cloud.mini_batch","level":"warn","message":"Outbox event dispatch failed","timestamp":"2026-07-25T05:59:13.285Z"}
{"baseUrl":"https://speypos-cloud-api.ryong.net","businessDate":"2026-07-25","level":"info","message":"Cloud sync starting.","orderCount":20,"shiftId":"56ef50c8-9581-4ead-9ea4-2c02d6e15628","storeId":"1","timestamp":"2026-07-25T06:00:17.425Z"}
{"error":"Validation failed","errorAddress":null,"errorCause":null,"errorCode":"invalid_event_batch","errorErrno":null,"errorName":"Error","errorPort":null,"errorRequestId":"4418b0e3-2355-4cc9-88a8-380110873c45","errorStack":"Error: Validation failed\n    at postJson (file:///C:/Users/POS/speypos-system/speypos-local/src/services/cloudIngest.service.js:119:25)\n    at process.processTicksAndRejections (node:internal/process/task_queues:95:5)\n    at async uploadOrdersBatch (file:///C:/Users/POS/speypos-system/speypos-local/src/services/cloudIngest.service.js:170:60)\n    at async dispatchCloudMiniBatch (file:///C:/Users/POS/speypos-system/speypos-local/src/services/outbox.dispatchers.js:75:18)\n    at async processBatch (file:///C:/Users/POS/speypos-system/speypos-local/src/services/outbox.worker.js:38:7)\n    at async tick (file:///C:/Users/POS/speypos-system/speypos-local/src/services/outbox.worker.js:73:5)","errorStatus":422,"errorSyscall":null,"errorType":null,"level":"error","message":"Cloud sync failed.","timestamp":"2026-07-25T06:00:17.603Z"}
{"attempts":10,"error":"upload_failed","errorAddress":null,"errorCause":null,"errorCode":null,"errorErrno":null,"errorName":"Error","errorPort":null,"errorRequestId":null,"errorStack":"Error: upload_failed\n    at dispatchCloudMiniBatch (file:///C:/Users/POS/speypos-system/speypos-local/src/services/outbox.dispatchers.js:78:11)\n    at process.processTicksAndRejections (node:internal/process/task_queues:95:5)\n    at async processBatch (file:///C:/Users/POS/speypos-system/speypos-local/src/services/outbox.worker.js:38:7)\n    at async tick (file:///C:/Users/POS/speypos-system/speypos-local/src/services/outbox.worker.js:73:5)","errorStatus":null,"errorSyscall":null,"errorType":null,"eventId":"e98e5169-f044-4e17-92e9-8c145f8a2cff","eventType":"cloud.mini_batch","level":"warn","message":"Outbox event dispatch failed","timestamp":"2026-07-25T06:00:17.604Z"}
{"level":"info","message":"Starting print job for order ID: 64df38e1-5e01-47c8-b2b0-3ecbc6b97f5c.","status":"completed","timestamp":"2026-07-25T06:08:17.566Z"}
{"copies":[{"count":1,"variant":"INTERNAL"}],"engine":"canvas","level":"info","message":"Printing 1 variants for order 64df38e1-5e01-47c8-b2b0-3ecbc6b97f5c","timestamp":"2026-07-25T06:08:17.568Z"}
{"level":"info","message":"[canvas] Rendering ESC/POS buffer for variant INTERNAL, order 64df38e1-5e01-47c8-b2b0-3ecbc6b97f5c.","timestamp":"2026-07-25T06:08:17.568Z"}
{"level":"info","message":"[canvas] Sending copy 1/1 of variant INTERNAL for order 64df38e1-5e01-47c8-b2b0-3ecbc6b97f5c.","timestamp":"2026-07-25T06:08:17.598Z"}
{"bufferBytes":23340,"level":"info","message":"ESC/POS transport: preparing to send buffer to printer","printerName":"\\\\localhost\\XP80","timestamp":"2026-07-25T06:08:17.598Z"}
{"bufferBytes":23340,"level":"info","message":"ESC/POS transport: buffer sent successfully","printerName":"\\\\localhost\\XP80","timestamp":"2026-07-25T06:08:17.867Z"}
{"level":"info","message":"Print job for order 64df38e1-5e01-47c8-b2b0-3ecbc6b97f5c completed and marked as printed.","timestamp":"2026-07-25T06:08:17.868Z"}
{"level":"info","message":"Telegram message sent successfully.","timestamp":"2026-07-25T06:08:18.848Z"}
{"level":"info","message":"Successfully sent and marked Telegram notification for order 64df38e1-5e01-47c8-b2b0-3ecbc6b97f5c","timestamp":"2026-07-25T06:08:18.849Z"}
{"baseUrl":"https://speypos-cloud-api.ryong.net","businessDate":"2026-07-25","level":"info","message":"Cloud sync starting.","orderCount":20,"shiftId":"56ef50c8-9581-4ead-9ea4-2c02d6e15628","storeId":"1","timestamp":"2026-07-25T06:08:18.900Z"}
{"error":"Validation failed","errorAddress":null,"errorCause":null,"errorCode":"invalid_event_batch","errorErrno":null,"errorName":"Error","errorPort":null,"errorRequestId":"446c0f98-c871-40e0-8fd7-71b5f625167f","errorStack":"Error: Validation failed\n    at postJson (file:///C:/Users/POS/speypos-system/speypos-local/src/services/cloudIngest.service.js:119:25)\n    at process.processTicksAndRejections (node:internal/process/task_queues:95:5)\n    at async uploadOrdersBatch (file:///C:/Users/POS/speypos-system/speypos-local/src/services/cloudIngest.service.js:170:60)\n    at async dispatchCloudMiniBatch (file:///C:/Users/POS/speypos-system/speypos-local/src/services/outbox.dispatchers.js:75:18)\n    at async processBatch (file:///C:/Users/POS/speypos-system/speypos-local/src/services/outbox.worker.js:38:7)\n    at async tick (file:///C:/Users/POS/speypos-system/speypos-local/src/services/outbox.worker.js:73:5)","errorStatus":422,"errorSyscall":null,"errorType":null,"level":"error","message":"Cloud sync failed.","timestamp":"2026-07-25T06:08:19.147Z"}
{"attempts":1,"error":"upload_failed","errorAddress":null,"errorCause":null,"errorCode":null,"errorErrno":null,"errorName":"Error","errorPort":null,"errorRequestId":null,"errorStack":"Error: upload_failed\n    at dispatchCloudMiniBatch (file:///C:/Users/POS/speypos-system/speypos-local/src/services/outbox.dispatchers.js:78:11)\n    at process.processTicksAndRejections (node:internal/process/task_queues:95:5)\n    at async processBatch (file:///C:/Users/POS/speypos-system/speypos-local/src/services/outbox.worker.js:38:7)\n    at async tick (file:///C:/Users/POS/speypos-system/speypos-local/src/services/outbox.worker.js:73:5)","errorStatus":null,"errorSyscall":null,"errorType":null,"eventId":"e5976d05-292e-4a48-98fe-29d6f07db587","eventType":"cloud.mini_batch","level":"warn","message":"Outbox event dispatch failed","timestamp":"2026-07-25T06:08:19.149Z"}
{"baseUrl":"https://speypos-cloud-api.ryong.net","businessDate":"2026-07-25","level":"info","message":"Cloud sync starting.","orderCount":20,"shiftId":"56ef50c8-9581-4ead-9ea4-2c02d6e15628","storeId":"1","timestamp":"2026-07-25T06:08:20.636Z"}
{"error":"Validation failed","errorAddress":null,"errorCause":null,"errorCode":"invalid_event_batch","errorErrno":null,"errorName":"Error","errorPort":null,"errorRequestId":"f2a9cdb0-0c33-4409-b2c3-ba8641db0c2b","errorStack":"Error: Validation failed\n    at postJson (file:///C:/Users/POS/speypos-system/speypos-local/src/services/cloudIngest.service.js:119:25)\n    at process.processTicksAndRejections (node:internal/process/task_queues:95:5)\n    at async uploadOrdersBatch (file:///C:/Users/POS/speypos-system/speypos-local/src/services/cloudIngest.service.js:170:60)\n    at async dispatchCloudMiniBatch (file:///C:/Users/POS/speypos-system/speypos-local/src/services/outbox.dispatchers.js:75:18)\n    at async processBatch (file:///C:/Users/POS/speypos-system/speypos-local/src/services/outbox.worker.js:38:7)\n    at async tick (file:///C:/Users/POS/speypos-system/speypos-local/src/services/outbox.worker.js:73:5)","errorStatus":422,"errorSyscall":null,"errorType":null,"level":"error","message":"Cloud sync failed.","timestamp":"2026-07-25T06:08:20.709Z"}
{"attempts":2,"error":"upload_failed","errorAddress":null,"errorCause":null,"errorCode":null,"errorErrno":null,"errorName":"Error","errorPort":null,"errorRequestId":null,"errorStack":"Error: upload_failed\n    at dispatchCloudMiniBatch (file:///C:/Users/POS/speypos-system/speypos-local/src/services/outbox.dispatchers.js:78:11)\n    at process.processTicksAndRejections (node:internal/process/task_queues:95:5)\n    at async processBatch (file:///C:/Users/POS/speypos-system/speypos-local/src/services/outbox.worker.js:38:7)\n    at async tick (file:///C:/Users/POS/speypos-system/speypos-local/src/services/outbox.worker.js:73:5)","errorStatus":null,"errorSyscall":null,"errorType":null,"eventId":"e5976d05-292e-4a48-98fe-29d6f07db587","eventType":"cloud.mini_batch","level":"warn","message":"Outbox event dispatch failed","timestamp":"2026-07-25T06:08:20.710Z"}
{"baseUrl":"https://speypos-cloud-api.ryong.net","businessDate":"2026-07-25","level":"info","message":"Cloud sync starting.","orderCount":20,"shiftId":"56ef50c8-9581-4ead-9ea4-2c02d6e15628","storeId":"1","timestamp":"2026-07-25T06:08:23.633Z"}
{"error":"Validation failed","errorAddress":null,"errorCause":null,"errorCode":"invalid_event_batch","errorErrno":null,"errorName":"Error","errorPort":null,"errorRequestId":"86ebc998-f5e4-451c-918b-be441349c2b2","errorStack":"Error: Validation failed\n    at postJson (file:///C:/Users/POS/speypos-system/speypos-local/src/services/cloudIngest.service.js:119:25)\n    at process.processTicksAndRejections (node:internal/process/task_queues:95:5)\n    at async uploadOrdersBatch (file:///C:/Users/POS/speypos-system/speypos-local/src/services/cloudIngest.service.js:170:60)\n    at async dispatchCloudMiniBatch (file:///C:/Users/POS/speypos-system/speypos-local/src/services/outbox.dispatchers.js:75:18)\n    at async processBatch (file:///C:/Users/POS/speypos-system/speypos-local/src/services/outbox.worker.js:38:7)\n    at async tick (file:///C:/Users/POS/speypos-system/speypos-local/src/services/outbox.worker.js:73:5)","errorStatus":422,"errorSyscall":null,"errorType":null,"level":"error","message":"Cloud sync failed.","timestamp":"2026-07-25T06:08:23.691Z"}
{"attempts":3,"error":"upload_failed","errorAddress":null,"errorCause":null,"errorCode":null,"errorErrno":null,"errorName":"Error","errorPort":null,"errorRequestId":null,"errorStack":"Error: upload_failed\n    at dispatchCloudMiniBatch (file:///C:/Users/POS/speypos-system/speypos-local/src/services/outbox.dispatchers.js:78:11)\n    at process.processTicksAndRejections (node:internal/process/task_queues:95:5)\n    at async processBatch (file:///C:/Users/POS/speypos-system/speypos-local/src/services/outbox.worker.js:38:7)\n    at async tick (file:///C:/Users/POS/speypos-system/speypos-local/src/services/outbox.worker.js:73:5)","errorStatus":null,"errorSyscall":null,"errorType":null,"eventId":"e5976d05-292e-4a48-98fe-29d6f07db587","eventType":"cloud.mini_batch","level":"warn","message":"Outbox event dispatch failed","timestamp":"2026-07-25T06:08:23.692Z"}
{"baseUrl":"https://speypos-cloud-api.ryong.net","businessDate":"2026-07-25","level":"info","message":"Cloud sync starting.","orderCount":20,"shiftId":"56ef50c8-9581-4ead-9ea4-2c02d6e15628","storeId":"1","timestamp":"2026-07-25T06:08:28.648Z"}
{"error":"Validation failed","errorAddress":null,"errorCause":null,"errorCode":"invalid_event_batch","errorErrno":null,"errorName":"Error","errorPort":null,"errorRequestId":"923f024d-9bf9-459b-af11-071e408ac8f4","errorStack":"Error: Validation failed\n    at postJson (file:///C:/Users/POS/speypos-system/speypos-local/src/services/cloudIngest.service.js:119:25)\n    at process.processTicksAndRejections (node:internal/process/task_queues:95:5)\n    at async uploadOrdersBatch (file:///C:/Users/POS/speypos-system/speypos-local/src/services/cloudIngest.service.js:170:60)\n    at async dispatchCloudMiniBatch (file:///C:/Users/POS/speypos-system/speypos-local/src/services/outbox.dispatchers.js:75:18)\n    at async processBatch (file:///C:/Users/POS/speypos-system/speypos-local/src/services/outbox.worker.js:38:7)\n    at async tick (file:///C:/Users/POS/speypos-system/speypos-local/src/services/outbox.worker.js:73:5)","errorStatus":422,"errorSyscall":null,"errorType":null,"level":"error","message":"Cloud sync failed.","timestamp":"2026-07-25T06:08:28.803Z"}
{"attempts":4,"error":"upload_failed","errorAddress":null,"errorCause":null,"errorCode":null,"errorErrno":null,"errorName":"Error","errorPort":null,"errorRequestId":null,"errorStack":"Error: upload_failed\n    at dispatchCloudMiniBatch (file:///C:/Users/POS/speypos-system/speypos-local/src/services/outbox.dispatchers.js:78:11)\n    at process.processTicksAndRejections (node:internal/process/task_queues:95:5)\n    at async processBatch (file:///C:/Users/POS/speypos-system/speypos-local/src/services/outbox.worker.js:38:7)\n    at async tick (file:///C:/Users/POS/speypos-system/speypos-local/src/services/outbox.worker.js:73:5)","errorStatus":null,"errorSyscall":null,"errorType":null,"eventId":"e5976d05-292e-4a48-98fe-29d6f07db587","eventType":"cloud.mini_batch","level":"warn","message":"Outbox event dispatch failed","timestamp":"2026-07-25T06:08:28.807Z"}
{"baseUrl":"https://speypos-cloud-api.ryong.net","businessDate":"2026-07-25","level":"info","message":"Cloud sync starting.","orderCount":20,"shiftId":"56ef50c8-9581-4ead-9ea4-2c02d6e15628","storeId":"1","timestamp":"2026-07-25T06:08:37.692Z"}
{"error":"Validation failed","errorAddress":null,"errorCause":null,"errorCode":"invalid_event_batch","errorErrno":null,"errorName":"Error","errorPort":null,"errorRequestId":"cf652efd-d818-42b9-90a0-193d93f40543","errorStack":"Error: Validation failed\n    at postJson (file:///C:/Users/POS/speypos-system/speypos-local/src/services/cloudIngest.service.js:119:25)\n    at process.processTicksAndRejections (node:internal/process/task_queues:95:5)\n    at async uploadOrdersBatch (file:///C:/Users/POS/speypos-system/speypos-local/src/services/cloudIngest.service.js:170:60)\n    at async dispatchCloudMiniBatch (file:///C:/Users/POS/speypos-system/speypos-local/src/services/outbox.dispatchers.js:75:18)\n    at async processBatch (file:///C:/Users/POS/speypos-system/speypos-local/src/services/outbox.worker.js:38:7)\n    at async tick (file:///C:/Users/POS/speypos-system/speypos-local/src/services/outbox.worker.js:73:5)","errorStatus":422,"errorSyscall":null,"errorType":null,"level":"error","message":"Cloud sync failed.","timestamp":"2026-07-25T06:08:37.848Z"}
{"attempts":5,"error":"upload_failed","errorAddress":null,"errorCause":null,"errorCode":null,"errorErrno":null,"errorName":"Error","errorPort":null,"errorRequestId":null,"errorStack":"Error: upload_failed\n    at dispatchCloudMiniBatch (file:///C:/Users/POS/speypos-system/speypos-local/src/services/outbox.dispatchers.js:78:11)\n    at process.processTicksAndRejections (node:internal/process/task_queues:95:5)\n    at async processBatch (file:///C:/Users/POS/speypos-system/speypos-local/src/services/outbox.worker.js:38:7)\n    at async tick (file:///C:/Users/POS/speypos-system/speypos-local/src/services/outbox.worker.js:73:5)","errorStatus":null,"errorSyscall":null,"errorType":null,"eventId":"e5976d05-292e-4a48-98fe-29d6f07db587","eventType":"cloud.mini_batch","level":"warn","message":"Outbox event dispatch failed","timestamp":"2026-07-25T06:08:37.850Z"}
{"level":"info","message":"Starting print job for order ID: f5926b69-4f42-46f6-963f-252e283f3adb.","status":"completed","timestamp":"2026-07-25T06:08:47.661Z"}
{"copies":[{"count":1,"variant":"INTERNAL"}],"engine":"canvas","level":"info","message":"Printing 1 variants for order f5926b69-4f42-46f6-963f-252e283f3adb","timestamp":"2026-07-25T06:08:47.661Z"}
{"level":"info","message":"[canvas] Rendering ESC/POS buffer for variant INTERNAL, order f5926b69-4f42-46f6-963f-252e283f3adb.","timestamp":"2026-07-25T06:08:47.662Z"}
{"level":"info","message":"[canvas] Sending copy 1/1 of variant INTERNAL for order f5926b69-4f42-46f6-963f-252e283f3adb.","timestamp":"2026-07-25T06:08:47.681Z"}
{"bufferBytes":23340,"level":"info","message":"ESC/POS transport: preparing to send buffer to printer","printerName":"\\\\localhost\\XP80","timestamp":"2026-07-25T06:08:47.681Z"}
{"bufferBytes":23340,"level":"info","message":"ESC/POS transport: buffer sent successfully","printerName":"\\\\localhost\\XP80","timestamp":"2026-07-25T06:08:47.948Z"}
{"level":"info","message":"Print job for order f5926b69-4f42-46f6-963f-252e283f3adb completed and marked as printed.","timestamp":"2026-07-25T06:08:47.950Z"}
{"level":"info","message":"Telegram message sent successfully.","timestamp":"2026-07-25T06:08:48.832Z"}
{"level":"info","message":"Successfully sent and marked Telegram notification for order f5926b69-4f42-46f6-963f-252e283f3adb","timestamp":"2026-07-25T06:08:48.833Z"}
{"baseUrl":"https://speypos-cloud-api.ryong.net","businessDate":"2026-07-25","level":"info","message":"Cloud sync starting.","orderCount":20,"shiftId":"56ef50c8-9581-4ead-9ea4-2c02d6e15628","storeId":"1","timestamp":"2026-07-25T06:08:48.892Z"}
{"error":"Validation failed","errorAddress":null,"errorCause":null,"errorCode":"invalid_event_batch","errorErrno":null,"errorName":"Error","errorPort":null,"errorRequestId":"6e479af1-27e5-41b0-98cd-3d3e3a59211e","errorStack":"Error: Validation failed\n    at postJson (file:///C:/Users/POS/speypos-system/speypos-local/src/services/cloudIngest.service.js:119:25)\n    at process.processTicksAndRejections (node:internal/process/task_queues:95:5)\n    at async uploadOrdersBatch (file:///C:/Users/POS/speypos-system/speypos-local/src/services/cloudIngest.service.js:170:60)\n    at async dispatchCloudMiniBatch (file:///C:/Users/POS/speypos-system/speypos-local/src/services/outbox.dispatchers.js:75:18)\n    at async processBatch (file:///C:/Users/POS/speypos-system/speypos-local/src/services/outbox.worker.js:38:7)\n    at async tick (file:///C:/Users/POS/speypos-system/speypos-local/src/services/outbox.worker.js:73:5)","errorStatus":422,"errorSyscall":null,"errorType":null,"level":"error","message":"Cloud sync failed.","timestamp":"2026-07-25T06:08:49.061Z"}
{"attempts":1,"error":"upload_failed","errorAddress":null,"errorCause":null,"errorCode":null,"errorErrno":null,"errorName":"Error","errorPort":null,"errorRequestId":null,"errorStack":"Error: upload_failed\n    at dispatchCloudMiniBatch (file:///C:/Users/POS/speypos-system/speypos-local/src/services/outbox.dispatchers.js:78:11)\n    at process.processTicksAndRejections (node:internal/process/task_queues:95:5)\n    at async processBatch (file:///C:/Users/POS/speypos-system/speypos-local/src/services/outbox.worker.js:38:7)\n    at async tick (file:///C:/Users/POS/speypos-system/speypos-local/src/services/outbox.worker.js:73:5)","errorStatus":null,"errorSyscall":null,"errorType":null,"eventId":"53291265-68cd-4278-a9d4-8ea611c47a7d","eventType":"cloud.mini_batch","level":"warn","message":"Outbox event dispatch failed","timestamp":"2026-07-25T06:08:49.062Z"}
{"baseUrl":"https://speypos-cloud-api.ryong.net","businessDate":"2026-07-25","level":"info","message":"Cloud sync starting.","orderCount":20,"shiftId":"56ef50c8-9581-4ead-9ea4-2c02d6e15628","storeId":"1","timestamp":"2026-07-25T06:08:50.726Z"}
{"error":"Validation failed","errorAddress":null,"errorCause":null,"errorCode":"invalid_event_batch","errorErrno":null,"errorName":"Error","errorPort":null,"errorRequestId":"27b6b907-776a-4759-8a39-75b8278424ca","errorStack":"Error: Validation failed\n    at postJson (file:///C:/Users/POS/speypos-system/speypos-local/src/services/cloudIngest.service.js:119:25)\n    at process.processTicksAndRejections (node:internal/process/task_queues:95:5)\n    at async uploadOrdersBatch (file:///C:/Users/POS/speypos-system/speypos-local/src/services/cloudIngest.service.js:170:60)\n    at async dispatchCloudMiniBatch (file:///C:/Users/POS/speypos-system/speypos-local/src/services/outbox.dispatchers.js:75:18)\n    at async processBatch (file:///C:/Users/POS/speypos-system/speypos-local/src/services/outbox.worker.js:38:7)\n    at async tick (file:///C:/Users/POS/speypos-system/speypos-local/src/services/outbox.worker.js:73:5)","errorStatus":422,"errorSyscall":null,"errorType":null,"level":"error","message":"Cloud sync failed.","timestamp":"2026-07-25T06:08:50.784Z"}
{"attempts":2,"error":"upload_failed","errorAddress":null,"errorCause":null,"errorCode":null,"errorErrno":null,"errorName":"Error","errorPort":null,"errorRequestId":null,"errorStack":"Error: upload_failed\n    at dispatchCloudMiniBatch (file:///C:/Users/POS/speypos-system/speypos-local/src/services/outbox.dispatchers.js:78:11)\n    at process.processTicksAndRejections (node:internal/process/task_queues:95:5)\n    at async processBatch (file:///C:/Users/POS/speypos-system/speypos-local/src/services/outbox.worker.js:38:7)\n    at async tick (file:///C:/Users/POS/speypos-system/speypos-local/src/services/outbox.worker.js:73:5)","errorStatus":null,"errorSyscall":null,"errorType":null,"eventId":"53291265-68cd-4278-a9d4-8ea611c47a7d","eventType":"cloud.mini_batch","level":"warn","message":"Outbox event dispatch failed","timestamp":"2026-07-25T06:08:50.787Z"}
{"baseUrl":"https://speypos-cloud-api.ryong.net","businessDate":"2026-07-25","level":"info","message":"Cloud sync starting.","orderCount":20,"shiftId":"56ef50c8-9581-4ead-9ea4-2c02d6e15628","storeId":"1","timestamp":"2026-07-25T06:08:53.774Z"}
{"error":"Validation failed","errorAddress":null,"errorCause":null,"errorCode":"invalid_event_batch","errorErrno":null,"errorName":"Error","errorPort":null,"errorRequestId":"e8d72db5-f71f-4384-9935-7cd4b76f37b4","errorStack":"Error: Validation failed\n    at postJson (file:///C:/Users/POS/speypos-system/speypos-local/src/services/cloudIngest.service.js:119:25)\n    at process.processTicksAndRejections (node:internal/process/task_queues:95:5)\n    at async uploadOrdersBatch (file:///C:/Users/POS/speypos-system/speypos-local/src/services/cloudIngest.service.js:170:60)\n    at async dispatchCloudMiniBatch (file:///C:/Users/POS/speypos-system/speypos-local/src/services/outbox.dispatchers.js:75:18)\n    at async processBatch (file:///C:/Users/POS/speypos-system/speypos-local/src/services/outbox.worker.js:38:7)\n    at async tick (file:///C:/Users/POS/speypos-system/speypos-local/src/services/outbox.worker.js:73:5)","errorStatus":422,"errorSyscall":null,"errorType":null,"level":"error","message":"Cloud sync failed.","timestamp":"2026-07-25T06:08:53.830Z"}
{"attempts":3,"error":"upload_failed","errorAddress":null,"errorCause":null,"errorCode":null,"errorErrno":null,"errorName":"Error","errorPort":null,"errorRequestId":null,"errorStack":"Error: upload_failed\n    at dispatchCloudMiniBatch (file:///C:/Users/POS/speypos-system/speypos-local/src/services/outbox.dispatchers.js:78:11)\n    at process.processTicksAndRejections (node:internal/process/task_queues:95:5)\n    at async processBatch (file:///C:/Users/POS/speypos-system/speypos-local/src/services/outbox.worker.js:38:7)\n    at async tick (file:///C:/Users/POS/speypos-system/speypos-local/src/services/outbox.worker.js:73:5)","errorStatus":null,"errorSyscall":null,"errorType":null,"eventId":"53291265-68cd-4278-a9d4-8ea611c47a7d","eventType":"cloud.mini_batch","level":"warn","message":"Outbox event dispatch failed","timestamp":"2026-07-25T06:08:53.831Z"}
{"baseUrl":"https://speypos-cloud-api.ryong.net","businessDate":"2026-07-25","level":"info","message":"Cloud sync starting.","orderCount":20,"shiftId":"56ef50c8-9581-4ead-9ea4-2c02d6e15628","storeId":"1","timestamp":"2026-07-25T06:08:54.805Z"}
{"error":"Validation failed","errorAddress":null,"errorCause":null,"errorCode":"invalid_event_batch","errorErrno":null,"errorName":"Error","errorPort":null,"errorRequestId":"d00c7dd4-4c26-4253-b421-a318c47cffe7","errorStack":"Error: Validation failed\n    at postJson (file:///C:/Users/POS/speypos-system/speypos-local/src/services/cloudIngest.service.js:119:25)\n    at process.processTicksAndRejections (node:internal/process/task_queues:95:5)\n    at async uploadOrdersBatch (file:///C:/Users/POS/speypos-system/speypos-local/src/services/cloudIngest.service.js:170:60)\n    at async dispatchCloudMiniBatch (file:///C:/Users/POS/speypos-system/speypos-local/src/services/outbox.dispatchers.js:75:18)\n    at async processBatch (file:///C:/Users/POS/speypos-system/speypos-local/src/services/outbox.worker.js:38:7)\n    at async tick (file:///C:/Users/POS/speypos-system/speypos-local/src/services/outbox.worker.js:73:5)","errorStatus":422,"errorSyscall":null,"errorType":null,"level":"error","message":"Cloud sync failed.","timestamp":"2026-07-25T06:08:54.964Z"}
{"attempts":6,"error":"upload_failed","errorAddress":null,"errorCause":null,"errorCode":null,"errorErrno":null,"errorName":"Error","errorPort":null,"errorRequestId":null,"errorStack":"Error: upload_failed\n    at dispatchCloudMiniBatch (file:///C:/Users/POS/speypos-system/speypos-local/src/services/outbox.dispatchers.js:78:11)\n    at process.processTicksAndRejections (node:internal/process/task_queues:95:5)\n    at async processBatch (file:///C:/Users/POS/speypos-system/speypos-local/src/services/outbox.worker.js:38:7)\n    at async tick (file:///C:/Users/POS/speypos-system/speypos-local/src/services/outbox.worker.js:73:5)","errorStatus":null,"errorSyscall":null,"errorType":null,"eventId":"e5976d05-292e-4a48-98fe-29d6f07db587","eventType":"cloud.mini_batch","level":"warn","message":"Outbox event dispatch failed","timestamp":"2026-07-25T06:08:54.965Z"}
{"baseUrl":"https://speypos-cloud-api.ryong.net","businessDate":"2026-07-25","level":"info","message":"Cloud sync starting.","orderCount":20,"shiftId":"56ef50c8-9581-4ead-9ea4-2c02d6e15628","storeId":"1","timestamp":"2026-07-25T06:08:58.790Z"}
{"error":"Validation failed","errorAddress":null,"errorCause":null,"errorCode":"invalid_event_batch","errorErrno":null,"errorName":"Error","errorPort":null,"errorRequestId":"89cda3ad-82cb-41e4-ab90-e87eeb70bb9a","errorStack":"Error: Validation failed\n    at postJson (file:///C:/Users/POS/speypos-system/speypos-local/src/services/cloudIngest.service.js:119:25)\n    at process.processTicksAndRejections (node:internal/process/task_queues:95:5)\n    at async uploadOrdersBatch (file:///C:/Users/POS/speypos-system/speypos-local/src/services/cloudIngest.service.js:170:60)\n    at async dispatchCloudMiniBatch (file:///C:/Users/POS/speypos-system/speypos-local/src/services/outbox.dispatchers.js:75:18)\n    at async processBatch (file:///C:/Users/POS/speypos-system/speypos-local/src/services/outbox.worker.js:38:7)\n    at async tick (file:///C:/Users/POS/speypos-system/speypos-local/src/services/outbox.worker.js:73:5)","errorStatus":422,"errorSyscall":null,"errorType":null,"level":"error","message":"Cloud sync failed.","timestamp":"2026-07-25T06:08:58.851Z"}
{"attempts":4,"error":"upload_failed","errorAddress":null,"errorCause":null,"errorCode":null,"errorErrno":null,"errorName":"Error","errorPort":null,"errorRequestId":null,"errorStack":"Error: upload_failed\n    at dispatchCloudMiniBatch (file:///C:/Users/POS/speypos-system/speypos-local/src/services/outbox.dispatchers.js:78:11)\n    at process.processTicksAndRejections (node:internal/process/task_queues:95:5)\n    at async processBatch (file:///C:/Users/POS/speypos-system/speypos-local/src/services/outbox.worker.js:38:7)\n    at async tick (file:///C:/Users/POS/speypos-system/speypos-local/src/services/outbox.worker.js:73:5)","errorStatus":null,"errorSyscall":null,"errorType":null,"eventId":"53291265-68cd-4278-a9d4-8ea611c47a7d","eventType":"cloud.mini_batch","level":"warn","message":"Outbox event dispatch failed","timestamp":"2026-07-25T06:08:58.853Z"}
{"baseUrl":"https://speypos-cloud-api.ryong.net","businessDate":"2026-07-25","level":"info","message":"Cloud sync starting.","orderCount":20,"shiftId":"56ef50c8-9581-4ead-9ea4-2c02d6e15628","storeId":"1","timestamp":"2026-07-25T06:09:07.882Z"}
{"error":"Validation failed","errorAddress":null,"errorCause":null,"errorCode":"invalid_event_batch","errorErrno":null,"errorName":"Error","errorPort":null,"errorRequestId":"fbfad58a-b1f7-44f4-a856-33e025018b0f","errorStack":"Error: Validation failed\n    at postJson (file:///C:/Users/POS/speypos-system/speypos-local/src/services/cloudIngest.service.js:119:25)\n    at process.processTicksAndRejections (node:internal/process/task_queues:95:5)\n    at async uploadOrdersBatch (file:///C:/Users/POS/speypos-system/speypos-local/src/services/cloudIngest.service.js:170:60)\n    at async dispatchCloudMiniBatch (file:///C:/Users/POS/speypos-system/speypos-local/src/services/outbox.dispatchers.js:75:18)\n    at async processBatch (file:///C:/Users/POS/speypos-system/speypos-local/src/services/outbox.worker.js:38:7)\n    at async tick (file:///C:/Users/POS/speypos-system/speypos-local/src/services/outbox.worker.js:73:5)","errorStatus":422,"errorSyscall":null,"errorType":null,"level":"error","message":"Cloud sync failed.","timestamp":"2026-07-25T06:09:08.047Z"}
{"attempts":5,"error":"upload_failed","errorAddress":null,"errorCause":null,"errorCode":null,"errorErrno":null,"errorName":"Error","errorPort":null,"errorRequestId":null,"errorStack":"Error: upload_failed\n    at dispatchCloudMiniBatch (file:///C:/Users/POS/speypos-system/speypos-local/src/services/outbox.dispatchers.js:78:11)\n    at process.processTicksAndRejections (node:internal/process/task_queues:95:5)\n    at async processBatch (file:///C:/Users/POS/speypos-system/speypos-local/src/services/outbox.worker.js:38:7)\n    at async tick (file:///C:/Users/POS/speypos-system/speypos-local/src/services/outbox.worker.js:73:5)","errorStatus":null,"errorSyscall":null,"errorType":null,"eventId":"53291265-68cd-4278-a9d4-8ea611c47a7d","eventType":"cloud.mini_batch","level":"warn","message":"Outbox event dispatch failed","timestamp":"2026-07-25T06:09:08.048Z"}
{"baseUrl":"https://speypos-cloud-api.ryong.net","businessDate":"2026-07-25","level":"info","message":"Cloud sync starting.","orderCount":20,"shiftId":"56ef50c8-9581-4ead-9ea4-2c02d6e15628","storeId":"1","timestamp":"2026-07-25T06:09:25.003Z"}
{"error":"Validation failed","errorAddress":null,"errorCause":null,"errorCode":"invalid_event_batch","errorErrno":null,"errorName":"Error","errorPort":null,"errorRequestId":"1bae6d6e-ac1e-459f-b3c1-1841e36c57a2","errorStack":"Error: Validation failed\n    at postJson (file:///C:/Users/POS/speypos-system/speypos-local/src/services/cloudIngest.service.js:119:25)\n    at process.processTicksAndRejections (node:internal/process/task_queues:95:5)\n    at async uploadOrdersBatch (file:///C:/Users/POS/speypos-system/speypos-local/src/services/cloudIngest.service.js:170:60)\n    at async dispatchCloudMiniBatch (file:///C:/Users/POS/speypos-system/speypos-local/src/services/outbox.dispatchers.js:75:18)\n    at async processBatch (file:///C:/Users/POS/speypos-system/speypos-local/src/services/outbox.worker.js:38:7)\n    at async tick (file:///C:/Users/POS/speypos-system/speypos-local/src/services/outbox.worker.js:73:5)","errorStatus":422,"errorSyscall":null,"errorType":null,"level":"error","message":"Cloud sync failed.","timestamp":"2026-07-25T06:09:25.192Z"}
{"attempts":6,"error":"upload_failed","errorAddress":null,"errorCause":null,"errorCode":null,"errorErrno":null,"errorName":"Error","errorPort":null,"errorRequestId":null,"errorStack":"Error: upload_failed\n    at dispatchCloudMiniBatch (file:///C:/Users/POS/speypos-system/speypos-local/src/services/outbox.dispatchers.js:78:11)\n    at process.processTicksAndRejections (node:internal/process/task_queues:95:5)\n    at async processBatch (file:///C:/Users/POS/speypos-system/speypos-local/src/services/outbox.worker.js:38:7)\n    at async tick (file:///C:/Users/POS/speypos-system/speypos-local/src/services/outbox.worker.js:73:5)","errorStatus":null,"errorSyscall":null,"errorType":null,"eventId":"53291265-68cd-4278-a9d4-8ea611c47a7d","eventType":"cloud.mini_batch","level":"warn","message":"Outbox event dispatch failed","timestamp":"2026-07-25T06:09:25.194Z"}
{"baseUrl":"https://speypos-cloud-api.ryong.net","businessDate":"2026-07-25","level":"info","message":"Cloud sync starting.","orderCount":20,"shiftId":"56ef50c8-9581-4ead-9ea4-2c02d6e15628","storeId":"1","timestamp":"2026-07-25T06:09:28.035Z"}
{"error":"Validation failed","errorAddress":null,"errorCause":null,"errorCode":"invalid_event_batch","errorErrno":null,"errorName":"Error","errorPort":null,"errorRequestId":"4956abf1-f228-4b4e-a372-9b9bc94677bd","errorStack":"Error: Validation failed\n    at postJson (file:///C:/Users/POS/speypos-system/speypos-local/src/services/cloudIngest.service.js:119:25)\n    at process.processTicksAndRejections (node:internal/process/task_queues:95:5)\n    at async uploadOrdersBatch (file:///C:/Users/POS/speypos-system/speypos-local/src/services/cloudIngest.service.js:170:60)\n    at async dispatchCloudMiniBatch (file:///C:/Users/POS/speypos-system/speypos-local/src/services/outbox.dispatchers.js:75:18)\n    at async processBatch (file:///C:/Users/POS/speypos-system/speypos-local/src/services/outbox.worker.js:38:7)\n    at async tick (file:///C:/Users/POS/speypos-system/speypos-local/src/services/outbox.worker.js:73:5)","errorStatus":422,"errorSyscall":null,"errorType":null,"level":"error","message":"Cloud sync failed.","timestamp":"2026-07-25T06:09:28.104Z"}
{"attempts":7,"error":"upload_failed","errorAddress":null,"errorCause":null,"errorCode":null,"errorErrno":null,"errorName":"Error","errorPort":null,"errorRequestId":null,"errorStack":"Error: upload_failed\n    at dispatchCloudMiniBatch (file:///C:/Users/POS/speypos-system/speypos-local/src/services/outbox.dispatchers.js:78:11)\n    at process.processTicksAndRejections (node:internal/process/task_queues:95:5)\n    at async processBatch (file:///C:/Users/POS/speypos-system/speypos-local/src/services/outbox.worker.js:38:7)\n    at async tick (file:///C:/Users/POS/speypos-system/speypos-local/src/services/outbox.worker.js:73:5)","errorStatus":null,"errorSyscall":null,"errorType":null,"eventId":"e5976d05-292e-4a48-98fe-29d6f07db587","eventType":"cloud.mini_batch","level":"warn","message":"Outbox event dispatch failed","timestamp":"2026-07-25T06:09:28.106Z"}
{"baseUrl":"https://speypos-cloud-api.ryong.net","businessDate":"2026-07-25","level":"info","message":"Cloud sync starting.","orderCount":20,"shiftId":"56ef50c8-9581-4ead-9ea4-2c02d6e15628","storeId":"1","timestamp":"2026-07-25T06:09:58.142Z"}
{"error":"Validation failed","errorAddress":null,"errorCause":null,"errorCode":"invalid_event_batch","errorErrno":null,"errorName":"Error","errorPort":null,"errorRequestId":"45636b5a-45ea-40a3-aa71-ab2c0c083f8e","errorStack":"Error: Validation failed\n    at postJson (file:///C:/Users/POS/speypos-system/speypos-local/src/services/cloudIngest.service.js:119:25)\n    at process.processTicksAndRejections (node:internal/process/task_queues:95:5)\n    at async uploadOrdersBatch (file:///C:/Users/POS/speypos-system/speypos-local/src/services/cloudIngest.service.js:170:60)\n    at async dispatchCloudMiniBatch (file:///C:/Users/POS/speypos-system/speypos-local/src/services/outbox.dispatchers.js:75:18)\n    at async processBatch (file:///C:/Users/POS/speypos-system/speypos-local/src/services/outbox.worker.js:38:7)\n    at async tick (file:///C:/Users/POS/speypos-system/speypos-local/src/services/outbox.worker.js:73:5)","errorStatus":422,"errorSyscall":null,"errorType":null,"level":"error","message":"Cloud sync failed.","timestamp":"2026-07-25T06:09:58.353Z"}
{"attempts":7,"error":"upload_failed","errorAddress":null,"errorCause":null,"errorCode":null,"errorErrno":null,"errorName":"Error","errorPort":null,"errorRequestId":null,"errorStack":"Error: upload_failed\n    at dispatchCloudMiniBatch (file:///C:/Users/POS/speypos-system/speypos-local/src/services/outbox.dispatchers.js:78:11)\n    at process.processTicksAndRejections (node:internal/process/task_queues:95:5)\n    at async processBatch (file:///C:/Users/POS/speypos-system/speypos-local/src/services/outbox.worker.js:38:7)\n    at async tick (file:///C:/Users/POS/speypos-system/speypos-local/src/services/outbox.worker.js:73:5)","errorStatus":null,"errorSyscall":null,"errorType":null,"eventId":"53291265-68cd-4278-a9d4-8ea611c47a7d","eventType":"cloud.mini_batch","level":"warn","message":"Outbox event dispatch failed","timestamp":"2026-07-25T06:09:58.355Z"}
{"baseUrl":"https://speypos-cloud-api.ryong.net","businessDate":"2026-07-25","level":"info","message":"Cloud sync starting.","orderCount":20,"shiftId":"56ef50c8-9581-4ead-9ea4-2c02d6e15628","storeId":"1","timestamp":"2026-07-25T06:10:32.389Z"}
{"error":"Validation failed","errorAddress":null,"errorCause":null,"errorCode":"invalid_event_batch","errorErrno":null,"errorName":"Error","errorPort":null,"errorRequestId":"fa11406d-e2e4-488f-9e79-4eba321a7c59","errorStack":"Error: Validation failed\n    at postJson (file:///C:/Users/POS/speypos-system/speypos-local/src/services/cloudIngest.service.js:119:25)\n    at process.processTicksAndRejections (node:internal/process/task_queues:95:5)\n    at async uploadOrdersBatch (file:///C:/Users/POS/speypos-system/speypos-local/src/services/cloudIngest.service.js:170:60)\n    at async dispatchCloudMiniBatch (file:///C:/Users/POS/speypos-system/speypos-local/src/services/outbox.dispatchers.js:75:18)\n    at async processBatch (file:///C:/Users/POS/speypos-system/speypos-local/src/services/outbox.worker.js:38:7)\n    at async tick (file:///C:/Users/POS/speypos-system/speypos-local/src/services/outbox.worker.js:73:5)","errorStatus":422,"errorSyscall":null,"errorType":null,"level":"error","message":"Cloud sync failed.","timestamp":"2026-07-25T06:10:32.550Z"}
{"attempts":8,"error":"upload_failed","errorAddress":null,"errorCause":null,"errorCode":null,"errorErrno":null,"errorName":"Error","errorPort":null,"errorRequestId":null,"errorStack":"Error: upload_failed\n    at dispatchCloudMiniBatch (file:///C:/Users/POS/speypos-system/speypos-local/src/services/outbox.dispatchers.js:78:11)\n    at process.processTicksAndRejections (node:internal/process/task_queues:95:5)\n    at async processBatch (file:///C:/Users/POS/speypos-system/speypos-local/src/services/outbox.worker.js:38:7)\n    at async tick (file:///C:/Users/POS/speypos-system/speypos-local/src/services/outbox.worker.js:73:5)","errorStatus":null,"errorSyscall":null,"errorType":null,"eventId":"e5976d05-292e-4a48-98fe-29d6f07db587","eventType":"cloud.mini_batch","level":"warn","message":"Outbox event dispatch failed","timestamp":"2026-07-25T06:10:32.551Z"}
{"baseUrl":"https://speypos-cloud-api.ryong.net","businessDate":"2026-07-25","level":"info","message":"Cloud sync starting.","orderCount":20,"shiftId":"56ef50c8-9581-4ead-9ea4-2c02d6e15628","storeId":"1","timestamp":"2026-07-25T06:11:02.663Z"}
{"error":"Validation failed","errorAddress":null,"errorCause":null,"errorCode":"invalid_event_batch","errorErrno":null,"errorName":"Error","errorPort":null,"errorRequestId":"99caee92-721a-496f-93c4-80f013f90c84","errorStack":"Error: Validation failed\n    at postJson (file:///C:/Users/POS/speypos-system/speypos-local/src/services/cloudIngest.service.js:119:25)\n    at process.processTicksAndRejections (node:internal/process/task_queues:95:5)\n    at async uploadOrdersBatch (file:///C:/Users/POS/speypos-system/speypos-local/src/services/cloudIngest.service.js:170:60)\n    at async dispatchCloudMiniBatch (file:///C:/Users/POS/speypos-system/speypos-local/src/services/outbox.dispatchers.js:75:18)\n    at async processBatch (file:///C:/Users/POS/speypos-system/speypos-local/src/services/outbox.worker.js:38:7)\n    at async tick (file:///C:/Users/POS/speypos-system/speypos-local/src/services/outbox.worker.js:73:5)","errorStatus":422,"errorSyscall":null,"errorType":null,"level":"error","message":"Cloud sync failed.","timestamp":"2026-07-25T06:11:04.218Z"}
{"attempts":8,"error":"upload_failed","errorAddress":null,"errorCause":null,"errorCode":null,"errorErrno":null,"errorName":"Error","errorPort":null,"errorRequestId":null,"errorStack":"Error: upload_failed\n    at dispatchCloudMiniBatch (file:///C:/Users/POS/speypos-system/speypos-local/src/services/outbox.dispatchers.js:78:11)\n    at process.processTicksAndRejections (node:internal/process/task_queues:95:5)\n    at async processBatch (file:///C:/Users/POS/speypos-system/speypos-local/src/services/outbox.worker.js:38:7)\n    at async tick (file:///C:/Users/POS/speypos-system/speypos-local/src/services/outbox.worker.js:73:5)","errorStatus":null,"errorSyscall":null,"errorType":null,"eventId":"53291265-68cd-4278-a9d4-8ea611c47a7d","eventType":"cloud.mini_batch","level":"warn","message":"Outbox event dispatch failed","timestamp":"2026-07-25T06:11:04.219Z"}
{"baseUrl":"https://speypos-cloud-api.ryong.net","businessDate":"2026-07-25","level":"info","message":"Cloud sync starting.","orderCount":20,"shiftId":"56ef50c8-9581-4ead-9ea4-2c02d6e15628","storeId":"1","timestamp":"2026-07-25T06:11:36.943Z"}
{"error":"Validation failed","errorAddress":null,"errorCause":null,"errorCode":"invalid_event_batch","errorErrno":null,"errorName":"Error","errorPort":null,"errorRequestId":"0e09cb31-c6c5-44be-ac42-dce216e7fd69","errorStack":"Error: Validation failed\n    at postJson (file:///C:/Users/POS/speypos-system/speypos-local/src/services/cloudIngest.service.js:119:25)\n    at process.processTicksAndRejections (node:internal/process/task_queues:95:5)\n    at async uploadOrdersBatch (file:///C:/Users/POS/speypos-system/speypos-local/src/services/cloudIngest.service.js:170:60)\n    at async dispatchCloudMiniBatch (file:///C:/Users/POS/speypos-system/speypos-local/src/services/outbox.dispatchers.js:75:18)\n    at async processBatch (file:///C:/Users/POS/speypos-system/speypos-local/src/services/outbox.worker.js:38:7)\n    at async tick (file:///C:/Users/POS/speypos-system/speypos-local/src/services/outbox.worker.js:73:5)","errorStatus":422,"errorSyscall":null,"errorType":null,"level":"error","message":"Cloud sync failed.","timestamp":"2026-07-25T06:11:37.124Z"}
{"attempts":9,"error":"upload_failed","errorAddress":null,"errorCause":null,"errorCode":null,"errorErrno":null,"errorName":"Error","errorPort":null,"errorRequestId":null,"errorStack":"Error: upload_failed\n    at dispatchCloudMiniBatch (file:///C:/Users/POS/speypos-system/speypos-local/src/services/outbox.dispatchers.js:78:11)\n    at process.processTicksAndRejections (node:internal/process/task_queues:95:5)\n    at async processBatch (file:///C:/Users/POS/speypos-system/speypos-local/src/services/outbox.worker.js:38:7)\n    at async tick (file:///C:/Users/POS/speypos-system/speypos-local/src/services/outbox.worker.js:73:5)","errorStatus":null,"errorSyscall":null,"errorType":null,"eventId":"e5976d05-292e-4a48-98fe-29d6f07db587","eventType":"cloud.mini_batch","level":"warn","message":"Outbox event dispatch failed","timestamp":"2026-07-25T06:11:37.126Z"}
{"baseUrl":"https://speypos-cloud-api.ryong.net","businessDate":"2026-07-25","level":"info","message":"Cloud sync starting.","orderCount":20,"shiftId":"56ef50c8-9581-4ead-9ea4-2c02d6e15628","storeId":"1","timestamp":"2026-07-25T06:12:09.149Z"}
{"error":"Validation failed","errorAddress":null,"errorCause":null,"errorCode":"invalid_event_batch","errorErrno":null,"errorName":"Error","errorPort":null,"errorRequestId":"40361507-6d8d-42b3-8516-f9957940d834","errorStack":"Error: Validation failed\n    at postJson (file:///C:/Users/POS/speypos-system/speypos-local/src/services/cloudIngest.service.js:119:25)\n    at process.processTicksAndRejections (node:internal/process/task_queues:95:5)\n    at async uploadOrdersBatch (file:///C:/Users/POS/speypos-system/speypos-local/src/services/cloudIngest.service.js:170:60)\n    at async dispatchCloudMiniBatch (file:///C:/Users/POS/speypos-system/speypos-local/src/services/outbox.dispatchers.js:75:18)\n    at async processBatch (file:///C:/Users/POS/speypos-system/speypos-local/src/services/outbox.worker.js:38:7)\n    at async tick (file:///C:/Users/POS/speypos-system/speypos-local/src/services/outbox.worker.js:73:5)","errorStatus":422,"errorSyscall":null,"errorType":null,"level":"error","message":"Cloud sync failed.","timestamp":"2026-07-25T06:12:09.313Z"}
{"attempts":9,"error":"upload_failed","errorAddress":null,"errorCause":null,"errorCode":null,"errorErrno":null,"errorName":"Error","errorPort":null,"errorRequestId":null,"errorStack":"Error: upload_failed\n    at dispatchCloudMiniBatch (file:///C:/Users/POS/speypos-system/speypos-local/src/services/outbox.dispatchers.js:78:11)\n    at process.processTicksAndRejections (node:internal/process/task_queues:95:5)\n    at async processBatch (file:///C:/Users/POS/speypos-system/speypos-local/src/services/outbox.worker.js:38:7)\n    at async tick (file:///C:/Users/POS/speypos-system/speypos-local/src/services/outbox.worker.js:73:5)","errorStatus":null,"errorSyscall":null,"errorType":null,"eventId":"53291265-68cd-4278-a9d4-8ea611c47a7d","eventType":"cloud.mini_batch","level":"warn","message":"Outbox event dispatch failed","timestamp":"2026-07-25T06:12:09.314Z"}
{"baseUrl":"https://speypos-cloud-api.ryong.net","businessDate":"2026-07-25","level":"info","message":"Cloud sync starting.","orderCount":20,"shiftId":"56ef50c8-9581-4ead-9ea4-2c02d6e15628","storeId":"1","timestamp":"2026-07-25T06:12:41.314Z"}
{"error":"Validation failed","errorAddress":null,"errorCause":null,"errorCode":"invalid_event_batch","errorErrno":null,"errorName":"Error","errorPort":null,"errorRequestId":"c6389463-7639-4ff8-b25f-cc58dd0871b0","errorStack":"Error: Validation failed\n    at postJson (file:///C:/Users/POS/speypos-system/speypos-local/src/services/cloudIngest.service.js:119:25)\n    at process.processTicksAndRejections (node:internal/process/task_queues:95:5)\n    at async uploadOrdersBatch (file:///C:/Users/POS/speypos-system/speypos-local/src/services/cloudIngest.service.js:170:60)\n    at async dispatchCloudMiniBatch (file:///C:/Users/POS/speypos-system/speypos-local/src/services/outbox.dispatchers.js:75:18)\n    at async processBatch (file:///C:/Users/POS/speypos-system/speypos-local/src/services/outbox.worker.js:38:7)\n    at async tick (file:///C:/Users/POS/speypos-system/speypos-local/src/services/outbox.worker.js:73:5)","errorStatus":422,"errorSyscall":null,"errorType":null,"level":"error","message":"Cloud sync failed.","timestamp":"2026-07-25T06:12:41.490Z"}
{"attempts":10,"error":"upload_failed","errorAddress":null,"errorCause":null,"errorCode":null,"errorErrno":null,"errorName":"Error","errorPort":null,"errorRequestId":null,"errorStack":"Error: upload_failed\n    at dispatchCloudMiniBatch (file:///C:/Users/POS/speypos-system/speypos-local/src/services/outbox.dispatchers.js:78:11)\n    at process.processTicksAndRejections (node:internal/process/task_queues:95:5)\n    at async processBatch (file:///C:/Users/POS/speypos-system/speypos-local/src/services/outbox.worker.js:38:7)\n    at async tick (file:///C:/Users/POS/speypos-system/speypos-local/src/services/outbox.worker.js:73:5)","errorStatus":null,"errorSyscall":null,"errorType":null,"eventId":"e5976d05-292e-4a48-98fe-29d6f07db587","eventType":"cloud.mini_batch","level":"warn","message":"Outbox event dispatch failed","timestamp":"2026-07-25T06:12:41.492Z"}
{"baseUrl":"https://speypos-cloud-api.ryong.net","businessDate":"2026-07-25","level":"info","message":"Cloud sync starting.","orderCount":20,"shiftId":"56ef50c8-9581-4ead-9ea4-2c02d6e15628","storeId":"1","timestamp":"2026-07-25T06:13:13.577Z"}
{"error":"Validation failed","errorAddress":null,"errorCause":null,"errorCode":"invalid_event_batch","errorErrno":null,"errorName":"Error","errorPort":null,"errorRequestId":"b38a7bdb-8a84-401a-8a94-c3e51061a378","errorStack":"Error: Validation failed\n    at postJson (file:///C:/Users/POS/speypos-system/speypos-local/src/services/cloudIngest.service.js:119:25)\n    at process.processTicksAndRejections (node:internal/process/task_queues:95:5)\n    at async uploadOrdersBatch (file:///C:/Users/POS/speypos-system/speypos-local/src/services/cloudIngest.service.js:170:60)\n    at async dispatchCloudMiniBatch (file:///C:/Users/POS/speypos-system/speypos-local/src/services/outbox.dispatchers.js:75:18)\n    at async processBatch (file:///C:/Users/POS/speypos-system/speypos-local/src/services/outbox.worker.js:38:7)\n    at async tick (file:///C:/Users/POS/speypos-system/speypos-local/src/services/outbox.worker.js:73:5)","errorStatus":422,"errorSyscall":null,"errorType":null,"level":"error","message":"Cloud sync failed.","timestamp":"2026-07-25T06:13:13.770Z"}
{"attempts":10,"error":"upload_failed","errorAddress":null,"errorCause":null,"errorCode":null,"errorErrno":null,"errorName":"Error","errorPort":null,"errorRequestId":null,"errorStack":"Error: upload_failed\n    at dispatchCloudMiniBatch (file:///C:/Users/POS/speypos-system/speypos-local/src/services/outbox.dispatchers.js:78:11)\n    at process.processTicksAndRejections (node:internal/process/task_queues:95:5)\n    at async processBatch (file:///C:/Users/POS/speypos-system/speypos-local/src/services/outbox.worker.js:38:7)\n    at async tick (file:///C:/Users/POS/speypos-system/speypos-local/src/services/outbox.worker.js:73:5)","errorStatus":null,"errorSyscall":null,"errorType":null,"eventId":"53291265-68cd-4278-a9d4-8ea611c47a7d","eventType":"cloud.mini_batch","level":"warn","message":"Outbox event dispatch failed","timestamp":"2026-07-25T06:13:13.772Z"}
{"level":"info","message":"Starting print job for order ID: 708e94fa-a04c-4548-9b24-6df5b4759dd1.","status":"completed","timestamp":"2026-07-25T06:17:06.833Z"}
{"copies":[{"count":1,"variant":"INTERNAL"}],"engine":"canvas","level":"info","message":"Printing 1 variants for order 708e94fa-a04c-4548-9b24-6df5b4759dd1","timestamp":"2026-07-25T06:17:06.834Z"}
{"level":"info","message":"[canvas] Rendering ESC/POS buffer for variant INTERNAL, order 708e94fa-a04c-4548-9b24-6df5b4759dd1.","timestamp":"2026-07-25T06:17:06.834Z"}
{"level":"info","message":"[canvas] Sending copy 1/1 of variant INTERNAL for order 708e94fa-a04c-4548-9b24-6df5b4759dd1.","timestamp":"2026-07-25T06:17:06.856Z"}
{"bufferBytes":23340,"level":"info","message":"ESC/POS transport: preparing to send buffer to printer","printerName":"\\\\localhost\\XP80","timestamp":"2026-07-25T06:17:06.857Z"}
{"bufferBytes":23340,"level":"info","message":"ESC/POS transport: buffer sent successfully","printerName":"\\\\localhost\\XP80","timestamp":"2026-07-25T06:17:07.140Z"}
{"level":"info","message":"Print job for order 708e94fa-a04c-4548-9b24-6df5b4759dd1 completed and marked as printed.","timestamp":"2026-07-25T06:17:07.141Z"}
{"level":"info","message":"Telegram message sent successfully.","timestamp":"2026-07-25T06:17:08.109Z"}
{"level":"info","message":"Successfully sent and marked Telegram notification for order 708e94fa-a04c-4548-9b24-6df5b4759dd1","timestamp":"2026-07-25T06:17:08.112Z"}
{"baseUrl":"https://speypos-cloud-api.ryong.net","businessDate":"2026-07-25","level":"info","message":"Cloud sync starting.","orderCount":20,"shiftId":"56ef50c8-9581-4ead-9ea4-2c02d6e15628","storeId":"1","timestamp":"2026-07-25T06:17:08.198Z"}
{"error":"Validation failed","errorAddress":null,"errorCause":null,"errorCode":"invalid_event_batch","errorErrno":null,"errorName":"Error","errorPort":null,"errorRequestId":"ab158068-16a8-479c-8581-d4c24f2750f9","errorStack":"Error: Validation failed\n    at postJson (file:///C:/Users/POS/speypos-system/speypos-local/src/services/cloudIngest.service.js:119:25)\n    at process.processTicksAndRejections (node:internal/process/task_queues:95:5)\n    at async uploadOrdersBatch (file:///C:/Users/POS/speypos-system/speypos-local/src/services/cloudIngest.service.js:170:60)\n    at async dispatchCloudMiniBatch (file:///C:/Users/POS/speypos-system/speypos-local/src/services/outbox.dispatchers.js:75:18)\n    at async processBatch (file:///C:/Users/POS/speypos-system/speypos-local/src/services/outbox.worker.js:38:7)\n    at async tick (file:///C:/Users/POS/speypos-system/speypos-local/src/services/outbox.worker.js:73:5)","errorStatus":422,"errorSyscall":null,"errorType":null,"level":"error","message":"Cloud sync failed.","timestamp":"2026-07-25T06:17:08.434Z"}
{"attempts":1,"error":"upload_failed","errorAddress":null,"errorCause":null,"errorCode":null,"errorErrno":null,"errorName":"Error","errorPort":null,"errorRequestId":null,"errorStack":"Error: upload_failed\n    at dispatchCloudMiniBatch (file:///C:/Users/POS/speypos-system/speypos-local/src/services/outbox.dispatchers.js:78:11)\n    at process.processTicksAndRejections (node:internal/process/task_queues:95:5)\n    at async processBatch (file:///C:/Users/POS/speypos-system/speypos-local/src/services/outbox.worker.js:38:7)\n    at async tick (file:///C:/Users/POS/speypos-system/speypos-local/src/services/outbox.worker.js:73:5)","errorStatus":null,"errorSyscall":null,"errorType":null,"eventId":"c4a6a0af-bc7e-461f-b356-611af5903c93","eventType":"cloud.mini_batch","level":"warn","message":"Outbox event dispatch failed","timestamp":"2026-07-25T06:17:08.435Z"}
{"baseUrl":"https://speypos-cloud-api.ryong.net","businessDate":"2026-07-25","level":"info","message":"Cloud sync starting.","orderCount":20,"shiftId":"56ef50c8-9581-4ead-9ea4-2c02d6e15628","storeId":"1","timestamp":"2026-07-25T06:17:09.899Z"}
{"error":"Validation failed","errorAddress":null,"errorCause":null,"errorCode":"invalid_event_batch","errorErrno":null,"errorName":"Error","errorPort":null,"errorRequestId":"747c320e-6bd4-4f35-8113-10c31042beb2","errorStack":"Error: Validation failed\n    at postJson (file:///C:/Users/POS/speypos-system/speypos-local/src/services/cloudIngest.service.js:119:25)\n    at process.processTicksAndRejections (node:internal/process/task_queues:95:5)\n    at async uploadOrdersBatch (file:///C:/Users/POS/speypos-system/speypos-local/src/services/cloudIngest.service.js:170:60)\n    at async dispatchCloudMiniBatch (file:///C:/Users/POS/speypos-system/speypos-local/src/services/outbox.dispatchers.js:75:18)\n    at async processBatch (file:///C:/Users/POS/speypos-system/speypos-local/src/services/outbox.worker.js:38:7)\n    at async tick (file:///C:/Users/POS/speypos-system/speypos-local/src/services/outbox.worker.js:73:5)","errorStatus":422,"errorSyscall":null,"errorType":null,"level":"error","message":"Cloud sync failed.","timestamp":"2026-07-25T06:17:09.956Z"}
{"attempts":2,"error":"upload_failed","errorAddress":null,"errorCause":null,"errorCode":null,"errorErrno":null,"errorName":"Error","errorPort":null,"errorRequestId":null,"errorStack":"Error: upload_failed\n    at dispatchCloudMiniBatch (file:///C:/Users/POS/speypos-system/speypos-local/src/services/outbox.dispatchers.js:78:11)\n    at process.processTicksAndRejections (node:internal/process/task_queues:95:5)\n    at async processBatch (file:///C:/Users/POS/speypos-system/speypos-local/src/services/outbox.worker.js:38:7)\n    at async tick (file:///C:/Users/POS/speypos-system/speypos-local/src/services/outbox.worker.js:73:5)","errorStatus":null,"errorSyscall":null,"errorType":null,"eventId":"c4a6a0af-bc7e-461f-b356-611af5903c93","eventType":"cloud.mini_batch","level":"warn","message":"Outbox event dispatch failed","timestamp":"2026-07-25T06:17:09.957Z"}
{"baseUrl":"https://speypos-cloud-api.ryong.net","businessDate":"2026-07-25","level":"info","message":"Cloud sync starting.","orderCount":20,"shiftId":"56ef50c8-9581-4ead-9ea4-2c02d6e15628","storeId":"1","timestamp":"2026-07-25T06:17:12.919Z"}
{"error":"Validation failed","errorAddress":null,"errorCause":null,"errorCode":"invalid_event_batch","errorErrno":null,"errorName":"Error","errorPort":null,"errorRequestId":"0afad0c4-d1bc-4395-9232-1ec49c9db64e","errorStack":"Error: Validation failed\n    at postJson (file:///C:/Users/POS/speypos-system/speypos-local/src/services/cloudIngest.service.js:119:25)\n    at process.processTicksAndRejections (node:internal/process/task_queues:95:5)\n    at async uploadOrdersBatch (file:///C:/Users/POS/speypos-system/speypos-local/src/services/cloudIngest.service.js:170:60)\n    at async dispatchCloudMiniBatch (file:///C:/Users/POS/speypos-system/speypos-local/src/services/outbox.dispatchers.js:75:18)\n    at async processBatch (file:///C:/Users/POS/speypos-system/speypos-local/src/services/outbox.worker.js:38:7)\n    at async tick (file:///C:/Users/POS/speypos-system/speypos-local/src/services/outbox.worker.js:73:5)","errorStatus":422,"errorSyscall":null,"errorType":null,"level":"error","message":"Cloud sync failed.","timestamp":"2026-07-25T06:17:13.045Z"}
{"attempts":3,"error":"upload_failed","errorAddress":null,"errorCause":null,"errorCode":null,"errorErrno":null,"errorName":"Error","errorPort":null,"errorRequestId":null,"errorStack":"Error: upload_failed\n    at dispatchCloudMiniBatch (file:///C:/Users/POS/speypos-system/speypos-local/src/services/outbox.dispatchers.js:78:11)\n    at process.processTicksAndRejections (node:internal/process/task_queues:95:5)\n    at async processBatch (file:///C:/Users/POS/speypos-system/speypos-local/src/services/outbox.worker.js:38:7)\n    at async tick (file:///C:/Users/POS/speypos-system/speypos-local/src/services/outbox.worker.js:73:5)","errorStatus":null,"errorSyscall":null,"errorType":null,"eventId":"c4a6a0af-bc7e-461f-b356-611af5903c93","eventType":"cloud.mini_batch","level":"warn","message":"Outbox event dispatch failed","timestamp":"2026-07-25T06:17:13.047Z"}
{"level":"info","message":"Starting print job for order ID: 9ae8b9a1-8156-4d29-863c-ff287ce875cb.","status":"completed","timestamp":"2026-07-25T06:17:13.052Z"}
{"copies":[{"count":1,"variant":"INTERNAL"}],"engine":"canvas","level":"info","message":"Printing 1 variants for order 9ae8b9a1-8156-4d29-863c-ff287ce875cb","timestamp":"2026-07-25T06:17:13.052Z"}
{"level":"info","message":"[canvas] Rendering ESC/POS buffer for variant INTERNAL, order 9ae8b9a1-8156-4d29-863c-ff287ce875cb.","timestamp":"2026-07-25T06:17:13.053Z"}
{"level":"info","message":"[canvas] Sending copy 1/1 of variant INTERNAL for order 9ae8b9a1-8156-4d29-863c-ff287ce875cb.","timestamp":"2026-07-25T06:17:13.070Z"}
{"bufferBytes":23340,"level":"info","message":"ESC/POS transport: preparing to send buffer to printer","printerName":"\\\\localhost\\XP80","timestamp":"2026-07-25T06:17:13.070Z"}
{"bufferBytes":23340,"level":"info","message":"ESC/POS transport: buffer sent successfully","printerName":"\\\\localhost\\XP80","timestamp":"2026-07-25T06:17:13.337Z"}
{"level":"info","message":"Print job for order 9ae8b9a1-8156-4d29-863c-ff287ce875cb completed and marked as printed.","timestamp":"2026-07-25T06:17:13.338Z"}
{"baseUrl":"https://speypos-cloud-api.ryong.net","businessDate":"2026-07-25","level":"info","message":"Cloud sync starting.","orderCount":20,"shiftId":"56ef50c8-9581-4ead-9ea4-2c02d6e15628","storeId":"1","timestamp":"2026-07-25T06:17:13.381Z"}
{"error":"Validation failed","errorAddress":null,"errorCause":null,"errorCode":"invalid_event_batch","errorErrno":null,"errorName":"Error","errorPort":null,"errorRequestId":"1f9e4b5d-9856-49a7-bc02-76d0c15eb565","errorStack":"Error: Validation failed\n    at postJson (file:///C:/Users/POS/speypos-system/speypos-local/src/services/cloudIngest.service.js:119:25)\n    at process.processTicksAndRejections (node:internal/process/task_queues:95:5)\n    at async uploadOrdersBatch (file:///C:/Users/POS/speypos-system/speypos-local/src/services/cloudIngest.service.js:170:60)\n    at async dispatchCloudMiniBatch (file:///C:/Users/POS/speypos-system/speypos-local/src/services/outbox.dispatchers.js:75:18)\n    at async processBatch (file:///C:/Users/POS/speypos-system/speypos-local/src/services/outbox.worker.js:38:7)\n    at async tick (file:///C:/Users/POS/speypos-system/speypos-local/src/services/outbox.worker.js:73:5)","errorStatus":422,"errorSyscall":null,"errorType":null,"level":"error","message":"Cloud sync failed.","timestamp":"2026-07-25T06:17:13.437Z"}
{"attempts":1,"error":"upload_failed","errorAddress":null,"errorCause":null,"errorCode":null,"errorErrno":null,"errorName":"Error","errorPort":null,"errorRequestId":null,"errorStack":"Error: upload_failed\n    at dispatchCloudMiniBatch (file:///C:/Users/POS/speypos-system/speypos-local/src/services/outbox.dispatchers.js:78:11)\n    at process.processTicksAndRejections (node:internal/process/task_queues:95:5)\n    at async processBatch (file:///C:/Users/POS/speypos-system/speypos-local/src/services/outbox.worker.js:38:7)\n    at async tick (file:///C:/Users/POS/speypos-system/speypos-local/src/services/outbox.worker.js:73:5)","errorStatus":null,"errorSyscall":null,"errorType":null,"eventId":"519d3650-4c36-4965-8e46-b6afed27cdd5","eventType":"cloud.mini_batch","level":"warn","message":"Outbox event dispatch failed","timestamp":"2026-07-25T06:17:13.439Z"}
{"level":"info","message":"Telegram message sent successfully.","timestamp":"2026-07-25T06:17:14.416Z"}
{"level":"info","message":"Successfully sent and marked Telegram notification for order 9ae8b9a1-8156-4d29-863c-ff287ce875cb","timestamp":"2026-07-25T06:17:14.417Z"}
{"baseUrl":"https://speypos-cloud-api.ryong.net","businessDate":"2026-07-25","level":"info","message":"Cloud sync starting.","orderCount":20,"shiftId":"56ef50c8-9581-4ead-9ea4-2c02d6e15628","storeId":"1","timestamp":"2026-07-25T06:17:14.928Z"}
{"error":"Validation failed","errorAddress":null,"errorCause":null,"errorCode":"invalid_event_batch","errorErrno":null,"errorName":"Error","errorPort":null,"errorRequestId":"88dbc4a3-8920-4fa7-9377-e986180c350b","errorStack":"Error: Validation failed\n    at postJson (file:///C:/Users/POS/speypos-system/speypos-local/src/services/cloudIngest.service.js:119:25)\n    at process.processTicksAndRejections (node:internal/process/task_queues:95:5)\n    at async uploadOrdersBatch (file:///C:/Users/POS/speypos-system/speypos-local/src/services/cloudIngest.service.js:170:60)\n    at async dispatchCloudMiniBatch (file:///C:/Users/POS/speypos-system/speypos-local/src/services/outbox.dispatchers.js:75:18)\n    at async processBatch (file:///C:/Users/POS/speypos-system/speypos-local/src/services/outbox.worker.js:38:7)\n    at async tick (file:///C:/Users/POS/speypos-system/speypos-local/src/services/outbox.worker.js:73:5)","errorStatus":422,"errorSyscall":null,"errorType":null,"level":"error","message":"Cloud sync failed.","timestamp":"2026-07-25T06:17:15.035Z"}
{"attempts":2,"error":"upload_failed","errorAddress":null,"errorCause":null,"errorCode":null,"errorErrno":null,"errorName":"Error","errorPort":null,"errorRequestId":null,"errorStack":"Error: upload_failed\n    at dispatchCloudMiniBatch (file:///C:/Users/POS/speypos-system/speypos-local/src/services/outbox.dispatchers.js:78:11)\n    at process.processTicksAndRejections (node:internal/process/task_queues:95:5)\n    at async processBatch (file:///C:/Users/POS/speypos-system/speypos-local/src/services/outbox.worker.js:38:7)\n    at async tick (file:///C:/Users/POS/speypos-system/speypos-local/src/services/outbox.worker.js:73:5)","errorStatus":null,"errorSyscall":null,"errorType":null,"eventId":"519d3650-4c36-4965-8e46-b6afed27cdd5","eventType":"cloud.mini_batch","level":"warn","message":"Outbox event dispatch failed","timestamp":"2026-07-25T06:17:15.037Z"}
{"baseUrl":"https://speypos-cloud-api.ryong.net","businessDate":"2026-07-25","level":"info","message":"Cloud sync starting.","orderCount":20,"shiftId":"56ef50c8-9581-4ead-9ea4-2c02d6e15628","storeId":"1","timestamp":"2026-07-25T06:17:17.956Z"}
{"error":"Validation failed","errorAddress":null,"errorCause":null,"errorCode":"invalid_event_batch","errorErrno":null,"errorName":"Error","errorPort":null,"errorRequestId":"b1c47a88-621b-42d9-a0ce-109d11298d93","errorStack":"Error: Validation failed\n    at postJson (file:///C:/Users/POS/speypos-system/speypos-local/src/services/cloudIngest.service.js:119:25)\n    at process.processTicksAndRejections (node:internal/process/task_queues:95:5)\n    at async uploadOrdersBatch (file:///C:/Users/POS/speypos-system/speypos-local/src/services/cloudIngest.service.js:170:60)\n    at async dispatchCloudMiniBatch (file:///C:/Users/POS/speypos-system/speypos-local/src/services/outbox.dispatchers.js:75:18)\n    at async processBatch (file:///C:/Users/POS/speypos-system/speypos-local/src/services/outbox.worker.js:38:7)\n    at async tick (file:///C:/Users/POS/speypos-system/speypos-local/src/services/outbox.worker.js:73:5)","errorStatus":422,"errorSyscall":null,"errorType":null,"level":"error","message":"Cloud sync failed.","timestamp":"2026-07-25T06:17:18.018Z"}
{"attempts":4,"error":"upload_failed","errorAddress":null,"errorCause":null,"errorCode":null,"errorErrno":null,"errorName":"Error","errorPort":null,"errorRequestId":null,"errorStack":"Error: upload_failed\n    at dispatchCloudMiniBatch (file:///C:/Users/POS/speypos-system/speypos-local/src/services/outbox.dispatchers.js:78:11)\n    at process.processTicksAndRejections (node:internal/process/task_queues:95:5)\n    at async processBatch (file:///C:/Users/POS/speypos-system/speypos-local/src/services/outbox.worker.js:38:7)\n    at async tick (file:///C:/Users/POS/speypos-system/speypos-local/src/services/outbox.worker.js:73:5)","errorStatus":null,"errorSyscall":null,"errorType":null,"eventId":"c4a6a0af-bc7e-461f-b356-611af5903c93","eventType":"cloud.mini_batch","level":"warn","message":"Outbox event dispatch failed","timestamp":"2026-07-25T06:17:18.020Z"}
{"baseUrl":"https://speypos-cloud-api.ryong.net","businessDate":"2026-07-25","level":"info","message":"Cloud sync starting.","orderCount":20,"shiftId":"56ef50c8-9581-4ead-9ea4-2c02d6e15628","storeId":"1","timestamp":"2026-07-25T06:17:18.081Z"}
{"error":"Validation failed","errorAddress":null,"errorCause":null,"errorCode":"invalid_event_batch","errorErrno":null,"errorName":"Error","errorPort":null,"errorRequestId":"3f241b56-bc58-4e88-8478-59f3b0a7e7de","errorStack":"Error: Validation failed\n    at postJson (file:///C:/Users/POS/speypos-system/speypos-local/src/services/cloudIngest.service.js:119:25)\n    at process.processTicksAndRejections (node:internal/process/task_queues:95:5)\n    at async uploadOrdersBatch (file:///C:/Users/POS/speypos-system/speypos-local/src/services/cloudIngest.service.js:170:60)\n    at async dispatchCloudMiniBatch (file:///C:/Users/POS/speypos-system/speypos-local/src/services/outbox.dispatchers.js:75:18)\n    at async processBatch (file:///C:/Users/POS/speypos-system/speypos-local/src/services/outbox.worker.js:38:7)\n    at async tick (file:///C:/Users/POS/speypos-system/speypos-local/src/services/outbox.worker.js:73:5)","errorStatus":422,"errorSyscall":null,"errorType":null,"level":"error","message":"Cloud sync failed.","timestamp":"2026-07-25T06:17:18.245Z"}
{"attempts":3,"error":"upload_failed","errorAddress":null,"errorCause":null,"errorCode":null,"errorErrno":null,"errorName":"Error","errorPort":null,"errorRequestId":null,"errorStack":"Error: upload_failed\n    at dispatchCloudMiniBatch (file:///C:/Users/POS/speypos-system/speypos-local/src/services/outbox.dispatchers.js:78:11)\n    at process.processTicksAndRejections (node:internal/process/task_queues:95:5)\n    at async processBatch (file:///C:/Users/POS/speypos-system/speypos-local/src/services/outbox.worker.js:38:7)\n    at async tick (file:///C:/Users/POS/speypos-system/speypos-local/src/services/outbox.worker.js:73:5)","errorStatus":null,"errorSyscall":null,"errorType":null,"eventId":"519d3650-4c36-4965-8e46-b6afed27cdd5","eventType":"cloud.mini_batch","level":"warn","message":"Outbox event dispatch failed","timestamp":"2026-07-25T06:17:18.247Z"}
{"baseUrl":"https://speypos-cloud-api.ryong.net","businessDate":"2026-07-25","level":"info","message":"Cloud sync starting.","orderCount":20,"shiftId":"56ef50c8-9581-4ead-9ea4-2c02d6e15628","storeId":"1","timestamp":"2026-07-25T06:17:22.995Z"}
{"error":"Validation failed","errorAddress":null,"errorCause":null,"errorCode":"invalid_event_batch","errorErrno":null,"errorName":"Error","errorPort":null,"errorRequestId":"6ece6b7d-2edd-4cfd-9987-a6a01c270610","errorStack":"Error: Validation failed\n    at postJson (file:///C:/Users/POS/speypos-system/speypos-local/src/services/cloudIngest.service.js:119:25)\n    at process.processTicksAndRejections (node:internal/process/task_queues:95:5)\n    at async uploadOrdersBatch (file:///C:/Users/POS/speypos-system/speypos-local/src/services/cloudIngest.service.js:170:60)\n    at async dispatchCloudMiniBatch (file:///C:/Users/POS/speypos-system/speypos-local/src/services/outbox.dispatchers.js:75:18)\n    at async processBatch (file:///C:/Users/POS/speypos-system/speypos-local/src/services/outbox.worker.js:38:7)\n    at async tick (file:///C:/Users/POS/speypos-system/speypos-local/src/services/outbox.worker.js:73:5)","errorStatus":422,"errorSyscall":null,"errorType":null,"level":"error","message":"Cloud sync failed.","timestamp":"2026-07-25T06:17:23.151Z"}
{"attempts":4,"error":"upload_failed","errorAddress":null,"errorCause":null,"errorCode":null,"errorErrno":null,"errorName":"Error","errorPort":null,"errorRequestId":null,"errorStack":"Error: upload_failed\n    at dispatchCloudMiniBatch (file:///C:/Users/POS/speypos-system/speypos-local/src/services/outbox.dispatchers.js:78:11)\n    at process.processTicksAndRejections (node:internal/process/task_queues:95:5)\n    at async processBatch (file:///C:/Users/POS/speypos-system/speypos-local/src/services/outbox.worker.js:38:7)\n    at async tick (file:///C:/Users/POS/speypos-system/speypos-local/src/services/outbox.worker.js:73:5)","errorStatus":null,"errorSyscall":null,"errorType":null,"eventId":"519d3650-4c36-4965-8e46-b6afed27cdd5","eventType":"cloud.mini_batch","level":"warn","message":"Outbox event dispatch failed","timestamp":"2026-07-25T06:17:23.153Z"}
{"baseUrl":"https://speypos-cloud-api.ryong.net","businessDate":"2026-07-25","level":"info","message":"Cloud sync starting.","orderCount":20,"shiftId":"56ef50c8-9581-4ead-9ea4-2c02d6e15628","storeId":"1","timestamp":"2026-07-25T06:17:27.020Z"}
{"error":"Validation failed","errorAddress":null,"errorCause":null,"errorCode":"invalid_event_batch","errorErrno":null,"errorName":"Error","errorPort":null,"errorRequestId":"385da516-c2b1-4e0f-9e0f-500be01dab37","errorStack":"Error: Validation failed\n    at postJson (file:///C:/Users/POS/speypos-system/speypos-local/src/services/cloudIngest.service.js:119:25)\n    at process.processTicksAndRejections (node:internal/process/task_queues:95:5)\n    at async uploadOrdersBatch (file:///C:/Users/POS/speypos-system/speypos-local/src/services/cloudIngest.service.js:170:60)\n    at async dispatchCloudMiniBatch (file:///C:/Users/POS/speypos-system/speypos-local/src/services/outbox.dispatchers.js:75:18)\n    at async processBatch (file:///C:/Users/POS/speypos-system/speypos-local/src/services/outbox.worker.js:38:7)\n    at async tick (file:///C:/Users/POS/speypos-system/speypos-local/src/services/outbox.worker.js:73:5)","errorStatus":422,"errorSyscall":null,"errorType":null,"level":"error","message":"Cloud sync failed.","timestamp":"2026-07-25T06:17:27.085Z"}
{"attempts":5,"error":"upload_failed","errorAddress":null,"errorCause":null,"errorCode":null,"errorErrno":null,"errorName":"Error","errorPort":null,"errorRequestId":null,"errorStack":"Error: upload_failed\n    at dispatchCloudMiniBatch (file:///C:/Users/POS/speypos-system/speypos-local/src/services/outbox.dispatchers.js:78:11)\n    at process.processTicksAndRejections (node:internal/process/task_queues:95:5)\n    at async processBatch (file:///C:/Users/POS/speypos-system/speypos-local/src/services/outbox.worker.js:38:7)\n    at async tick (file:///C:/Users/POS/speypos-system/speypos-local/src/services/outbox.worker.js:73:5)","errorStatus":null,"errorSyscall":null,"errorType":null,"eventId":"c4a6a0af-bc7e-461f-b356-611af5903c93","eventType":"cloud.mini_batch","level":"warn","message":"Outbox event dispatch failed","timestamp":"2026-07-25T06:17:27.087Z"}
{"baseUrl":"https://speypos-cloud-api.ryong.net","businessDate":"2026-07-25","level":"info","message":"Cloud sync starting.","orderCount":20,"shiftId":"56ef50c8-9581-4ead-9ea4-2c02d6e15628","storeId":"1","timestamp":"2026-07-25T06:17:32.026Z"}
{"error":"Validation failed","errorAddress":null,"errorCause":null,"errorCode":"invalid_event_batch","errorErrno":null,"errorName":"Error","errorPort":null,"errorRequestId":"47b5f0f9-0705-4055-84ca-6071a5e551a6","errorStack":"Error: Validation failed\n    at postJson (file:///C:/Users/POS/speypos-system/speypos-local/src/services/cloudIngest.service.js:119:25)\n    at process.processTicksAndRejections (node:internal/process/task_queues:95:5)\n    at async uploadOrdersBatch (file:///C:/Users/POS/speypos-system/speypos-local/src/services/cloudIngest.service.js:170:60)\n    at async dispatchCloudMiniBatch (file:///C:/Users/POS/speypos-system/speypos-local/src/services/outbox.dispatchers.js:75:18)\n    at async processBatch (file:///C:/Users/POS/speypos-system/speypos-local/src/services/outbox.worker.js:38:7)\n    at async tick (file:///C:/Users/POS/speypos-system/speypos-local/src/services/outbox.worker.js:73:5)","errorStatus":422,"errorSyscall":null,"errorType":null,"level":"error","message":"Cloud sync failed.","timestamp":"2026-07-25T06:17:32.202Z"}
{"attempts":5,"error":"upload_failed","errorAddress":null,"errorCause":null,"errorCode":null,"errorErrno":null,"errorName":"Error","errorPort":null,"errorRequestId":null,"errorStack":"Error: upload_failed\n    at dispatchCloudMiniBatch (file:///C:/Users/POS/speypos-system/speypos-local/src/services/outbox.dispatchers.js:78:11)\n    at process.processTicksAndRejections (node:internal/process/task_queues:95:5)\n    at async processBatch (file:///C:/Users/POS/speypos-system/speypos-local/src/services/outbox.worker.js:38:7)\n    at async tick (file:///C:/Users/POS/speypos-system/speypos-local/src/services/outbox.worker.js:73:5)","errorStatus":null,"errorSyscall":null,"errorType":null,"eventId":"519d3650-4c36-4965-8e46-b6afed27cdd5","eventType":"cloud.mini_batch","level":"warn","message":"Outbox event dispatch failed","timestamp":"2026-07-25T06:17:32.204Z"}
{"baseUrl":"https://speypos-cloud-api.ryong.net","businessDate":"2026-07-25","level":"info","message":"Cloud sync starting.","orderCount":20,"shiftId":"56ef50c8-9581-4ead-9ea4-2c02d6e15628","storeId":"1","timestamp":"2026-07-25T06:17:44.053Z"}
{"error":"Validation failed","errorAddress":null,"errorCause":null,"errorCode":"invalid_event_batch","errorErrno":null,"errorName":"Error","errorPort":null,"errorRequestId":"80cfd6ca-d77d-4123-9992-80f0a6578070","errorStack":"Error: Validation failed\n    at postJson (file:///C:/Users/POS/speypos-system/speypos-local/src/services/cloudIngest.service.js:119:25)\n    at process.processTicksAndRejections (node:internal/process/task_queues:95:5)\n    at async uploadOrdersBatch (file:///C:/Users/POS/speypos-system/speypos-local/src/services/cloudIngest.service.js:170:60)\n    at async dispatchCloudMiniBatch (file:///C:/Users/POS/speypos-system/speypos-local/src/services/outbox.dispatchers.js:75:18)\n    at async processBatch (file:///C:/Users/POS/speypos-system/speypos-local/src/services/outbox.worker.js:38:7)\n    at async tick (file:///C:/Users/POS/speypos-system/speypos-local/src/services/outbox.worker.js:73:5)","errorStatus":422,"errorSyscall":null,"errorType":null,"level":"error","message":"Cloud sync failed.","timestamp":"2026-07-25T06:17:44.212Z"}
{"attempts":6,"error":"upload_failed","errorAddress":null,"errorCause":null,"errorCode":null,"errorErrno":null,"errorName":"Error","errorPort":null,"errorRequestId":null,"errorStack":"Error: upload_failed\n    at dispatchCloudMiniBatch (file:///C:/Users/POS/speypos-system/speypos-local/src/services/outbox.dispatchers.js:78:11)\n    at process.processTicksAndRejections (node:internal/process/task_queues:95:5)\n    at async processBatch (file:///C:/Users/POS/speypos-system/speypos-local/src/services/outbox.worker.js:38:7)\n    at async tick (file:///C:/Users/POS/speypos-system/speypos-local/src/services/outbox.worker.js:73:5)","errorStatus":null,"errorSyscall":null,"errorType":null,"eventId":"c4a6a0af-bc7e-461f-b356-611af5903c93","eventType":"cloud.mini_batch","level":"warn","message":"Outbox event dispatch failed","timestamp":"2026-07-25T06:17:44.214Z"}
{"baseUrl":"https://speypos-cloud-api.ryong.net","businessDate":"2026-07-25","level":"info","message":"Cloud sync starting.","orderCount":20,"shiftId":"56ef50c8-9581-4ead-9ea4-2c02d6e15628","storeId":"1","timestamp":"2026-07-25T06:17:49.067Z"}
{"error":"Validation failed","errorAddress":null,"errorCause":null,"errorCode":"invalid_event_batch","errorErrno":null,"errorName":"Error","errorPort":null,"errorRequestId":"be243a00-9e62-4561-a2b0-8ec1b99ad272","errorStack":"Error: Validation failed\n    at postJson (file:///C:/Users/POS/speypos-system/speypos-local/src/services/cloudIngest.service.js:119:25)\n    at process.processTicksAndRejections (node:internal/process/task_queues:95:5)\n    at async uploadOrdersBatch (file:///C:/Users/POS/speypos-system/speypos-local/src/services/cloudIngest.service.js:170:60)\n    at async dispatchCloudMiniBatch (file:///C:/Users/POS/speypos-system/speypos-local/src/services/outbox.dispatchers.js:75:18)\n    at async processBatch (file:///C:/Users/POS/speypos-system/speypos-local/src/services/outbox.worker.js:38:7)\n    at async tick (file:///C:/Users/POS/speypos-system/speypos-local/src/services/outbox.worker.js:73:5)","errorStatus":422,"errorSyscall":null,"errorType":null,"level":"error","message":"Cloud sync failed.","timestamp":"2026-07-25T06:17:49.125Z"}
{"attempts":6,"error":"upload_failed","errorAddress":null,"errorCause":null,"errorCode":null,"errorErrno":null,"errorName":"Error","errorPort":null,"errorRequestId":null,"errorStack":"Error: upload_failed\n    at dispatchCloudMiniBatch (file:///C:/Users/POS/speypos-system/speypos-local/src/services/outbox.dispatchers.js:78:11)\n    at process.processTicksAndRejections (node:internal/process/task_queues:95:5)\n    at async processBatch (file:///C:/Users/POS/speypos-system/speypos-local/src/services/outbox.worker.js:38:7)\n    at async tick (file:///C:/Users/POS/speypos-system/speypos-local/src/services/outbox.worker.js:73:5)","errorStatus":null,"errorSyscall":null,"errorType":null,"eventId":"519d3650-4c36-4965-8e46-b6afed27cdd5","eventType":"cloud.mini_batch","level":"warn","message":"Outbox event dispatch failed","timestamp":"2026-07-25T06:17:49.126Z"}
{"baseUrl":"https://speypos-cloud-api.ryong.net","businessDate":"2026-07-25","level":"info","message":"Cloud sync starting.","orderCount":20,"shiftId":"56ef50c8-9581-4ead-9ea4-2c02d6e15628","storeId":"1","timestamp":"2026-07-25T06:18:17.158Z"}
{"error":"Validation failed","errorAddress":null,"errorCause":null,"errorCode":"invalid_event_batch","errorErrno":null,"errorName":"Error","errorPort":null,"errorRequestId":"f3f65ad7-93e5-4f3a-86e6-06e106421df8","errorStack":"Error: Validation failed\n    at postJson (file:///C:/Users/POS/speypos-system/speypos-local/src/services/cloudIngest.service.js:119:25)\n    at process.processTicksAndRejections (node:internal/process/task_queues:95:5)\n    at async uploadOrdersBatch (file:///C:/Users/POS/speypos-system/speypos-local/src/services/cloudIngest.service.js:170:60)\n    at async dispatchCloudMiniBatch (file:///C:/Users/POS/speypos-system/speypos-local/src/services/outbox.dispatchers.js:75:18)\n    at async processBatch (file:///C:/Users/POS/speypos-system/speypos-local/src/services/outbox.worker.js:38:7)\n    at async tick (file:///C:/Users/POS/speypos-system/speypos-local/src/services/outbox.worker.js:73:5)","errorStatus":422,"errorSyscall":null,"errorType":null,"level":"error","message":"Cloud sync failed.","timestamp":"2026-07-25T06:18:17.325Z"}
{"attempts":7,"error":"upload_failed","errorAddress":null,"errorCause":null,"errorCode":null,"errorErrno":null,"errorName":"Error","errorPort":null,"errorRequestId":null,"errorStack":"Error: upload_failed\n    at dispatchCloudMiniBatch (file:///C:/Users/POS/speypos-system/speypos-local/src/services/outbox.dispatchers.js:78:11)\n    at process.processTicksAndRejections (node:internal/process/task_queues:95:5)\n    at async processBatch (file:///C:/Users/POS/speypos-system/speypos-local/src/services/outbox.worker.js:38:7)\n    at async tick (file:///C:/Users/POS/speypos-system/speypos-local/src/services/outbox.worker.js:73:5)","errorStatus":null,"errorSyscall":null,"errorType":null,"eventId":"c4a6a0af-bc7e-461f-b356-611af5903c93","eventType":"cloud.mini_batch","level":"warn","message":"Outbox event dispatch failed","timestamp":"2026-07-25T06:18:17.327Z"}
{"baseUrl":"https://speypos-cloud-api.ryong.net","businessDate":"2026-07-25","level":"info","message":"Cloud sync starting.","orderCount":20,"shiftId":"56ef50c8-9581-4ead-9ea4-2c02d6e15628","storeId":"1","timestamp":"2026-07-25T06:18:22.183Z"}
{"error":"Validation failed","errorAddress":null,"errorCause":null,"errorCode":"invalid_event_batch","errorErrno":null,"errorName":"Error","errorPort":null,"errorRequestId":"41044a7d-d5a1-4c86-b278-79920a026244","errorStack":"Error: Validation failed\n    at postJson (file:///C:/Users/POS/speypos-system/speypos-local/src/services/cloudIngest.service.js:119:25)\n    at process.processTicksAndRejections (node:internal/process/task_queues:95:5)\n    at async uploadOrdersBatch (file:///C:/Users/POS/speypos-system/speypos-local/src/services/cloudIngest.service.js:170:60)\n    at async dispatchCloudMiniBatch (file:///C:/Users/POS/speypos-system/speypos-local/src/services/outbox.dispatchers.js:75:18)\n    at async processBatch (file:///C:/Users/POS/speypos-system/speypos-local/src/services/outbox.worker.js:38:7)\n    at async tick (file:///C:/Users/POS/speypos-system/speypos-local/src/services/outbox.worker.js:73:5)","errorStatus":422,"errorSyscall":null,"errorType":null,"level":"error","message":"Cloud sync failed.","timestamp":"2026-07-25T06:18:22.323Z"}
{"attempts":7,"error":"upload_failed","errorAddress":null,"errorCause":null,"errorCode":null,"errorErrno":null,"errorName":"Error","errorPort":null,"errorRequestId":null,"errorStack":"Error: upload_failed\n    at dispatchCloudMiniBatch (file:///C:/Users/POS/speypos-system/speypos-local/src/services/outbox.dispatchers.js:78:11)\n    at process.processTicksAndRejections (node:internal/process/task_queues:95:5)\n    at async processBatch (file:///C:/Users/POS/speypos-system/speypos-local/src/services/outbox.worker.js:38:7)\n    at async tick (file:///C:/Users/POS/speypos-system/speypos-local/src/services/outbox.worker.js:73:5)","errorStatus":null,"errorSyscall":null,"errorType":null,"eventId":"519d3650-4c36-4965-8e46-b6afed27cdd5","eventType":"cloud.mini_batch","level":"warn","message":"Outbox event dispatch failed","timestamp":"2026-07-25T06:18:22.324Z"}
{"baseUrl":"https://speypos-cloud-api.ryong.net","businessDate":"2026-07-25","level":"info","message":"Cloud sync starting.","orderCount":20,"shiftId":"56ef50c8-9581-4ead-9ea4-2c02d6e15628","storeId":"1","timestamp":"2026-07-25T06:19:21.508Z"}
{"error":"Validation failed","errorAddress":null,"errorCause":null,"errorCode":"invalid_event_batch","errorErrno":null,"errorName":"Error","errorPort":null,"errorRequestId":"bf4ccb81-72f2-40a9-9b9a-a98b5b63bb52","errorStack":"Error: Validation failed\n    at postJson (file:///C:/Users/POS/speypos-system/speypos-local/src/services/cloudIngest.service.js:119:25)\n    at process.processTicksAndRejections (node:internal/process/task_queues:95:5)\n    at async uploadOrdersBatch (file:///C:/Users/POS/speypos-system/speypos-local/src/services/cloudIngest.service.js:170:60)\n    at async dispatchCloudMiniBatch (file:///C:/Users/POS/speypos-system/speypos-local/src/services/outbox.dispatchers.js:75:18)\n    at async processBatch (file:///C:/Users/POS/speypos-system/speypos-local/src/services/outbox.worker.js:38:7)\n    at async tick (file:///C:/Users/POS/speypos-system/speypos-local/src/services/outbox.worker.js:73:5)","errorStatus":422,"errorSyscall":null,"errorType":null,"level":"error","message":"Cloud sync failed.","timestamp":"2026-07-25T06:19:21.671Z"}
{"attempts":8,"error":"upload_failed","errorAddress":null,"errorCause":null,"errorCode":null,"errorErrno":null,"errorName":"Error","errorPort":null,"errorRequestId":null,"errorStack":"Error: upload_failed\n    at dispatchCloudMiniBatch (file:///C:/Users/POS/speypos-system/speypos-local/src/services/outbox.dispatchers.js:78:11)\n    at process.processTicksAndRejections (node:internal/process/task_queues:95:5)\n    at async processBatch (file:///C:/Users/POS/speypos-system/speypos-local/src/services/outbox.worker.js:38:7)\n    at async tick (file:///C:/Users/POS/speypos-system/speypos-local/src/services/outbox.worker.js:73:5)","errorStatus":null,"errorSyscall":null,"errorType":null,"eventId":"c4a6a0af-bc7e-461f-b356-611af5903c93","eventType":"cloud.mini_batch","level":"warn","message":"Outbox event dispatch failed","timestamp":"2026-07-25T06:19:21.673Z"}
{"baseUrl":"https://speypos-cloud-api.ryong.net","businessDate":"2026-07-25","level":"info","message":"Cloud sync starting.","orderCount":20,"shiftId":"56ef50c8-9581-4ead-9ea4-2c02d6e15628","storeId":"1","timestamp":"2026-07-25T06:19:26.571Z"}
{"error":"Validation failed","errorAddress":null,"errorCause":null,"errorCode":"invalid_event_batch","errorErrno":null,"errorName":"Error","errorPort":null,"errorRequestId":"28bbfd34-49a5-45ca-905a-7b8ab7a94a94","errorStack":"Error: Validation failed\n    at postJson (file:///C:/Users/POS/speypos-system/speypos-local/src/services/cloudIngest.service.js:119:25)\n    at process.processTicksAndRejections (node:internal/process/task_queues:95:5)\n    at async uploadOrdersBatch (file:///C:/Users/POS/speypos-system/speypos-local/src/services/cloudIngest.service.js:170:60)\n    at async dispatchCloudMiniBatch (file:///C:/Users/POS/speypos-system/speypos-local/src/services/outbox.dispatchers.js:75:18)\n    at async processBatch (file:///C:/Users/POS/speypos-system/speypos-local/src/services/outbox.worker.js:38:7)\n    at async tick (file:///C:/Users/POS/speypos-system/speypos-local/src/services/outbox.worker.js:73:5)","errorStatus":422,"errorSyscall":null,"errorType":null,"level":"error","message":"Cloud sync failed.","timestamp":"2026-07-25T06:19:26.627Z"}
{"attempts":8,"error":"upload_failed","errorAddress":null,"errorCause":null,"errorCode":null,"errorErrno":null,"errorName":"Error","errorPort":null,"errorRequestId":null,"errorStack":"Error: upload_failed\n    at dispatchCloudMiniBatch (file:///C:/Users/POS/speypos-system/speypos-local/src/services/outbox.dispatchers.js:78:11)\n    at process.processTicksAndRejections (node:internal/process/task_queues:95:5)\n    at async processBatch (file:///C:/Users/POS/speypos-system/speypos-local/src/services/outbox.worker.js:38:7)\n    at async tick (file:///C:/Users/POS/speypos-system/speypos-local/src/services/outbox.worker.js:73:5)","errorStatus":null,"errorSyscall":null,"errorType":null,"eventId":"519d3650-4c36-4965-8e46-b6afed27cdd5","eventType":"cloud.mini_batch","level":"warn","message":"Outbox event dispatch failed","timestamp":"2026-07-25T06:19:26.629Z"}
{"baseUrl":"https://speypos-cloud-api.ryong.net","businessDate":"2026-07-25","level":"info","message":"Cloud sync starting.","orderCount":20,"shiftId":"56ef50c8-9581-4ead-9ea4-2c02d6e15628","storeId":"1","timestamp":"2026-07-25T06:20:26.817Z"}
{"error":"Validation failed","errorAddress":null,"errorCause":null,"errorCode":"invalid_event_batch","errorErrno":null,"errorName":"Error","errorPort":null,"errorRequestId":"7358adf1-d947-4b51-821d-d965052358da","errorStack":"Error: Validation failed\n    at postJson (file:///C:/Users/POS/speypos-system/speypos-local/src/services/cloudIngest.service.js:119:25)\n    at process.processTicksAndRejections (node:internal/process/task_queues:95:5)\n    at async uploadOrdersBatch (file:///C:/Users/POS/speypos-system/speypos-local/src/services/cloudIngest.service.js:170:60)\n    at async dispatchCloudMiniBatch (file:///C:/Users/POS/speypos-system/speypos-local/src/services/outbox.dispatchers.js:75:18)\n    at async processBatch (file:///C:/Users/POS/speypos-system/speypos-local/src/services/outbox.worker.js:38:7)\n    at async tick (file:///C:/Users/POS/speypos-system/speypos-local/src/services/outbox.worker.js:73:5)","errorStatus":422,"errorSyscall":null,"errorType":null,"level":"error","message":"Cloud sync failed.","timestamp":"2026-07-25T06:20:26.972Z"}
{"attempts":9,"error":"upload_failed","errorAddress":null,"errorCause":null,"errorCode":null,"errorErrno":null,"errorName":"Error","errorPort":null,"errorRequestId":null,"errorStack":"Error: upload_failed\n    at dispatchCloudMiniBatch (file:///C:/Users/POS/speypos-system/speypos-local/src/services/outbox.dispatchers.js:78:11)\n    at process.processTicksAndRejections (node:internal/process/task_queues:95:5)\n    at async processBatch (file:///C:/Users/POS/speypos-system/speypos-local/src/services/outbox.worker.js:38:7)\n    at async tick (file:///C:/Users/POS/speypos-system/speypos-local/src/services/outbox.worker.js:73:5)","errorStatus":null,"errorSyscall":null,"errorType":null,"eventId":"c4a6a0af-bc7e-461f-b356-611af5903c93","eventType":"cloud.mini_batch","level":"warn","message":"Outbox event dispatch failed","timestamp":"2026-07-25T06:20:26.973Z"}
{"baseUrl":"https://speypos-cloud-api.ryong.net","businessDate":"2026-07-25","level":"info","message":"Cloud sync starting.","orderCount":20,"shiftId":"56ef50c8-9581-4ead-9ea4-2c02d6e15628","storeId":"1","timestamp":"2026-07-25T06:20:30.864Z"}
{"error":"Validation failed","errorAddress":null,"errorCause":null,"errorCode":"invalid_event_batch","errorErrno":null,"errorName":"Error","errorPort":null,"errorRequestId":"333b1f74-aa65-4631-a33b-961554dec04c","errorStack":"Error: Validation failed\n    at postJson (file:///C:/Users/POS/speypos-system/speypos-local/src/services/cloudIngest.service.js:119:25)\n    at process.processTicksAndRejections (node:internal/process/task_queues:95:5)\n    at async uploadOrdersBatch (file:///C:/Users/POS/speypos-system/speypos-local/src/services/cloudIngest.service.js:170:60)\n    at async dispatchCloudMiniBatch (file:///C:/Users/POS/speypos-system/speypos-local/src/services/outbox.dispatchers.js:75:18)\n    at async processBatch (file:///C:/Users/POS/speypos-system/speypos-local/src/services/outbox.worker.js:38:7)\n    at async tick (file:///C:/Users/POS/speypos-system/speypos-local/src/services/outbox.worker.js:73:5)","errorStatus":422,"errorSyscall":null,"errorType":null,"level":"error","message":"Cloud sync failed.","timestamp":"2026-07-25T06:20:30.926Z"}
{"attempts":9,"error":"upload_failed","errorAddress":null,"errorCause":null,"errorCode":null,"errorErrno":null,"errorName":"Error","errorPort":null,"errorRequestId":null,"errorStack":"Error: upload_failed\n    at dispatchCloudMiniBatch (file:///C:/Users/POS/speypos-system/speypos-local/src/services/outbox.dispatchers.js:78:11)\n    at process.processTicksAndRejections (node:internal/process/task_queues:95:5)\n    at async processBatch (file:///C:/Users/POS/speypos-system/speypos-local/src/services/outbox.worker.js:38:7)\n    at async tick (file:///C:/Users/POS/speypos-system/speypos-local/src/services/outbox.worker.js:73:5)","errorStatus":null,"errorSyscall":null,"errorType":null,"eventId":"519d3650-4c36-4965-8e46-b6afed27cdd5","eventType":"cloud.mini_batch","level":"warn","message":"Outbox event dispatch failed","timestamp":"2026-07-25T06:20:30.928Z"}
{"baseUrl":"https://speypos-cloud-api.ryong.net","businessDate":"2026-07-25","level":"info","message":"Cloud sync starting.","orderCount":20,"shiftId":"56ef50c8-9581-4ead-9ea4-2c02d6e15628","storeId":"1","timestamp":"2026-07-25T06:21:31.314Z"}
{"error":"Validation failed","errorAddress":null,"errorCause":null,"errorCode":"invalid_event_batch","errorErrno":null,"errorName":"Error","errorPort":null,"errorRequestId":"5777ad3a-34dd-4213-95a3-2cb92501e405","errorStack":"Error: Validation failed\n    at postJson (file:///C:/Users/POS/speypos-system/speypos-local/src/services/cloudIngest.service.js:119:25)\n    at process.processTicksAndRejections (node:internal/process/task_queues:95:5)\n    at async uploadOrdersBatch (file:///C:/Users/POS/speypos-system/speypos-local/src/services/cloudIngest.service.js:170:60)\n    at async dispatchCloudMiniBatch (file:///C:/Users/POS/speypos-system/speypos-local/src/services/outbox.dispatchers.js:75:18)\n    at async processBatch (file:///C:/Users/POS/speypos-system/speypos-local/src/services/outbox.worker.js:38:7)\n    at async tick (file:///C:/Users/POS/speypos-system/speypos-local/src/services/outbox.worker.js:73:5)","errorStatus":422,"errorSyscall":null,"errorType":null,"level":"error","message":"Cloud sync failed.","timestamp":"2026-07-25T06:21:31.481Z"}
{"attempts":10,"error":"upload_failed","errorAddress":null,"errorCause":null,"errorCode":null,"errorErrno":null,"errorName":"Error","errorPort":null,"errorRequestId":null,"errorStack":"Error: upload_failed\n    at dispatchCloudMiniBatch (file:///C:/Users/POS/speypos-system/speypos-local/src/services/outbox.dispatchers.js:78:11)\n    at process.processTicksAndRejections (node:internal/process/task_queues:95:5)\n    at async processBatch (file:///C:/Users/POS/speypos-system/speypos-local/src/services/outbox.worker.js:38:7)\n    at async tick (file:///C:/Users/POS/speypos-system/speypos-local/src/services/outbox.worker.js:73:5)","errorStatus":null,"errorSyscall":null,"errorType":null,"eventId":"c4a6a0af-bc7e-461f-b356-611af5903c93","eventType":"cloud.mini_batch","level":"warn","message":"Outbox event dispatch failed","timestamp":"2026-07-25T06:21:31.482Z"}
{"baseUrl":"https://speypos-cloud-api.ryong.net","businessDate":"2026-07-25","level":"info","message":"Cloud sync starting.","orderCount":20,"shiftId":"56ef50c8-9581-4ead-9ea4-2c02d6e15628","storeId":"1","timestamp":"2026-07-25T06:21:35.330Z"}
{"error":"Validation failed","errorAddress":null,"errorCause":null,"errorCode":"invalid_event_batch","errorErrno":null,"errorName":"Error","errorPort":null,"errorRequestId":"aafe0f8f-f446-4965-ba6f-2f459c66211a","errorStack":"Error: Validation failed\n    at postJson (file:///C:/Users/POS/speypos-system/speypos-local/src/services/cloudIngest.service.js:119:25)\n    at process.processTicksAndRejections (node:internal/process/task_queues:95:5)\n    at async uploadOrdersBatch (file:///C:/Users/POS/speypos-system/speypos-local/src/services/cloudIngest.service.js:170:60)\n    at async dispatchCloudMiniBatch (file:///C:/Users/POS/speypos-system/speypos-local/src/services/outbox.dispatchers.js:75:18)\n    at async processBatch (file:///C:/Users/POS/speypos-system/speypos-local/src/services/outbox.worker.js:38:7)\n    at async tick (file:///C:/Users/POS/speypos-system/speypos-local/src/services/outbox.worker.js:73:5)","errorStatus":422,"errorSyscall":null,"errorType":null,"level":"error","message":"Cloud sync failed.","timestamp":"2026-07-25T06:21:35.389Z"}
{"attempts":10,"error":"upload_failed","errorAddress":null,"errorCause":null,"errorCode":null,"errorErrno":null,"errorName":"Error","errorPort":null,"errorRequestId":null,"errorStack":"Error: upload_failed\n    at dispatchCloudMiniBatch (file:///C:/Users/POS/speypos-system/speypos-local/src/services/outbox.dispatchers.js:78:11)\n    at process.processTicksAndRejections (node:internal/process/task_queues:95:5)\n    at async processBatch (file:///C:/Users/POS/speypos-system/speypos-local/src/services/outbox.worker.js:38:7)\n    at async tick (file:///C:/Users/POS/speypos-system/speypos-local/src/services/outbox.worker.js:73:5)","errorStatus":null,"errorSyscall":null,"errorType":null,"eventId":"519d3650-4c36-4965-8e46-b6afed27cdd5","eventType":"cloud.mini_batch","level":"warn","message":"Outbox event dispatch failed","timestamp":"2026-07-25T06:21:35.391Z"}
{"level":"info","message":"Starting print job for order ID: 42aa4c40-bf41-48cf-97a6-68b347d1f91a.","status":"completed","timestamp":"2026-07-25T06:52:24.100Z"}
{"copies":[{"count":1,"variant":"INTERNAL"}],"engine":"canvas","level":"info","message":"Printing 1 variants for order 42aa4c40-bf41-48cf-97a6-68b347d1f91a","timestamp":"2026-07-25T06:52:24.101Z"}
{"level":"info","message":"[canvas] Rendering ESC/POS buffer for variant INTERNAL, order 42aa4c40-bf41-48cf-97a6-68b347d1f91a.","timestamp":"2026-07-25T06:52:24.102Z"}
{"level":"info","message":"[canvas] Sending copy 1/1 of variant INTERNAL for order 42aa4c40-bf41-48cf-97a6-68b347d1f91a.","timestamp":"2026-07-25T06:52:24.119Z"}
{"bufferBytes":23340,"level":"info","message":"ESC/POS transport: preparing to send buffer to printer","printerName":"\\\\localhost\\XP80","timestamp":"2026-07-25T06:52:24.119Z"}
{"bufferBytes":23340,"level":"info","message":"ESC/POS transport: buffer sent successfully","printerName":"\\\\localhost\\XP80","timestamp":"2026-07-25T06:52:24.382Z"}
{"level":"info","message":"Print job for order 42aa4c40-bf41-48cf-97a6-68b347d1f91a completed and marked as printed.","timestamp":"2026-07-25T06:52:24.383Z"}
{"level":"info","message":"Telegram message sent successfully.","timestamp":"2026-07-25T06:52:25.344Z"}
{"level":"info","message":"Successfully sent and marked Telegram notification for order 42aa4c40-bf41-48cf-97a6-68b347d1f91a","timestamp":"2026-07-25T06:52:25.345Z"}
{"baseUrl":"https://speypos-cloud-api.ryong.net","businessDate":"2026-07-25","level":"info","message":"Cloud sync starting.","orderCount":20,"shiftId":"56ef50c8-9581-4ead-9ea4-2c02d6e15628","storeId":"1","timestamp":"2026-07-25T06:52:25.408Z"}
{"error":"Validation failed","errorAddress":null,"errorCause":null,"errorCode":"invalid_event_batch","errorErrno":null,"errorName":"Error","errorPort":null,"errorRequestId":"6a1f28e3-b77f-451d-9224-fcd5958698f0","errorStack":"Error: Validation failed\n    at postJson (file:///C:/Users/POS/speypos-system/speypos-local/src/services/cloudIngest.service.js:119:25)\n    at process.processTicksAndRejections (node:internal/process/task_queues:95:5)\n    at async uploadOrdersBatch (file:///C:/Users/POS/speypos-system/speypos-local/src/services/cloudIngest.service.js:170:60)\n    at async dispatchCloudMiniBatch (file:///C:/Users/POS/speypos-system/speypos-local/src/services/outbox.dispatchers.js:75:18)\n    at async processBatch (file:///C:/Users/POS/speypos-system/speypos-local/src/services/outbox.worker.js:38:7)\n    at async tick (file:///C:/Users/POS/speypos-system/speypos-local/src/services/outbox.worker.js:73:5)","errorStatus":422,"errorSyscall":null,"errorType":null,"level":"error","message":"Cloud sync failed.","timestamp":"2026-07-25T06:52:25.649Z"}
{"attempts":1,"error":"upload_failed","errorAddress":null,"errorCause":null,"errorCode":null,"errorErrno":null,"errorName":"Error","errorPort":null,"errorRequestId":null,"errorStack":"Error: upload_failed\n    at dispatchCloudMiniBatch (file:///C:/Users/POS/speypos-system/speypos-local/src/services/outbox.dispatchers.js:78:11)\n    at process.processTicksAndRejections (node:internal/process/task_queues:95:5)\n    at async processBatch (file:///C:/Users/POS/speypos-system/speypos-local/src/services/outbox.worker.js:38:7)\n    at async tick (file:///C:/Users/POS/speypos-system/speypos-local/src/services/outbox.worker.js:73:5)","errorStatus":null,"errorSyscall":null,"errorType":null,"eventId":"cd70cd96-ac87-404f-a6c7-31df13b6a3ab","eventType":"cloud.mini_batch","level":"warn","message":"Outbox event dispatch failed","timestamp":"2026-07-25T06:52:25.651Z"}
{"baseUrl":"https://speypos-cloud-api.ryong.net","businessDate":"2026-07-25","level":"info","message":"Cloud sync starting.","orderCount":20,"shiftId":"56ef50c8-9581-4ead-9ea4-2c02d6e15628","storeId":"1","timestamp":"2026-07-25T06:52:27.171Z"}
{"error":"Validation failed","errorAddress":null,"errorCause":null,"errorCode":"invalid_event_batch","errorErrno":null,"errorName":"Error","errorPort":null,"errorRequestId":"dcdc87a6-b6bf-4581-95a0-384e37ff510b","errorStack":"Error: Validation failed\n    at postJson (file:///C:/Users/POS/speypos-system/speypos-local/src/services/cloudIngest.service.js:119:25)\n    at process.processTicksAndRejections (node:internal/process/task_queues:95:5)\n    at async uploadOrdersBatch (file:///C:/Users/POS/speypos-system/speypos-local/src/services/cloudIngest.service.js:170:60)\n    at async dispatchCloudMiniBatch (file:///C:/Users/POS/speypos-system/speypos-local/src/services/outbox.dispatchers.js:75:18)\n    at async processBatch (file:///C:/Users/POS/speypos-system/speypos-local/src/services/outbox.worker.js:38:7)\n    at async tick (file:///C:/Users/POS/speypos-system/speypos-local/src/services/outbox.worker.js:73:5)","errorStatus":422,"errorSyscall":null,"errorType":null,"level":"error","message":"Cloud sync failed.","timestamp":"2026-07-25T06:52:27.231Z"}
{"attempts":2,"error":"upload_failed","errorAddress":null,"errorCause":null,"errorCode":null,"errorErrno":null,"errorName":"Error","errorPort":null,"errorRequestId":null,"errorStack":"Error: upload_failed\n    at dispatchCloudMiniBatch (file:///C:/Users/POS/speypos-system/speypos-local/src/services/outbox.dispatchers.js:78:11)\n    at process.processTicksAndRejections (node:internal/process/task_queues:95:5)\n    at async processBatch (file:///C:/Users/POS/speypos-system/speypos-local/src/services/outbox.worker.js:38:7)\n    at async tick (file:///C:/Users/POS/speypos-system/speypos-local/src/services/outbox.worker.js:73:5)","errorStatus":null,"errorSyscall":null,"errorType":null,"eventId":"cd70cd96-ac87-404f-a6c7-31df13b6a3ab","eventType":"cloud.mini_batch","level":"warn","message":"Outbox event dispatch failed","timestamp":"2026-07-25T06:52:27.233Z"}
{"baseUrl":"https://speypos-cloud-api.ryong.net","businessDate":"2026-07-25","level":"info","message":"Cloud sync starting.","orderCount":20,"shiftId":"56ef50c8-9581-4ead-9ea4-2c02d6e15628","storeId":"1","timestamp":"2026-07-25T06:52:30.214Z"}
{"error":"Validation failed","errorAddress":null,"errorCause":null,"errorCode":"invalid_event_batch","errorErrno":null,"errorName":"Error","errorPort":null,"errorRequestId":"bbaa887e-d6fc-4e86-a691-61a72bb4a281","errorStack":"Error: Validation failed\n    at postJson (file:///C:/Users/POS/speypos-system/speypos-local/src/services/cloudIngest.service.js:119:25)\n    at process.processTicksAndRejections (node:internal/process/task_queues:95:5)\n    at async uploadOrdersBatch (file:///C:/Users/POS/speypos-system/speypos-local/src/services/cloudIngest.service.js:170:60)\n    at async dispatchCloudMiniBatch (file:///C:/Users/POS/speypos-system/speypos-local/src/services/outbox.dispatchers.js:75:18)\n    at async processBatch (file:///C:/Users/POS/speypos-system/speypos-local/src/services/outbox.worker.js:38:7)\n    at async tick (file:///C:/Users/POS/speypos-system/speypos-local/src/services/outbox.worker.js:73:5)","errorStatus":422,"errorSyscall":null,"errorType":null,"level":"error","message":"Cloud sync failed.","timestamp":"2026-07-25T06:52:30.271Z"}
{"attempts":3,"error":"upload_failed","errorAddress":null,"errorCause":null,"errorCode":null,"errorErrno":null,"errorName":"Error","errorPort":null,"errorRequestId":null,"errorStack":"Error: upload_failed\n    at dispatchCloudMiniBatch (file:///C:/Users/POS/speypos-system/speypos-local/src/services/outbox.dispatchers.js:78:11)\n    at process.processTicksAndRejections (node:internal/process/task_queues:95:5)\n    at async processBatch (file:///C:/Users/POS/speypos-system/speypos-local/src/services/outbox.worker.js:38:7)\n    at async tick (file:///C:/Users/POS/speypos-system/speypos-local/src/services/outbox.worker.js:73:5)","errorStatus":null,"errorSyscall":null,"errorType":null,"eventId":"cd70cd96-ac87-404f-a6c7-31df13b6a3ab","eventType":"cloud.mini_batch","level":"warn","message":"Outbox event dispatch failed","timestamp":"2026-07-25T06:52:30.274Z"}
{"baseUrl":"https://speypos-cloud-api.ryong.net","businessDate":"2026-07-25","level":"info","message":"Cloud sync starting.","orderCount":20,"shiftId":"56ef50c8-9581-4ead-9ea4-2c02d6e15628","storeId":"1","timestamp":"2026-07-25T06:52:35.193Z"}
{"error":"Validation failed","errorAddress":null,"errorCause":null,"errorCode":"invalid_event_batch","errorErrno":null,"errorName":"Error","errorPort":null,"errorRequestId":"4112d492-79d1-4d5c-89eb-0c2e09a80603","errorStack":"Error: Validation failed\n    at postJson (file:///C:/Users/POS/speypos-system/speypos-local/src/services/cloudIngest.service.js:119:25)\n    at process.processTicksAndRejections (node:internal/process/task_queues:95:5)\n    at async uploadOrdersBatch (file:///C:/Users/POS/speypos-system/speypos-local/src/services/cloudIngest.service.js:170:60)\n    at async dispatchCloudMiniBatch (file:///C:/Users/POS/speypos-system/speypos-local/src/services/outbox.dispatchers.js:75:18)\n    at async processBatch (file:///C:/Users/POS/speypos-system/speypos-local/src/services/outbox.worker.js:38:7)\n    at async tick (file:///C:/Users/POS/speypos-system/speypos-local/src/services/outbox.worker.js:73:5)","errorStatus":422,"errorSyscall":null,"errorType":null,"level":"error","message":"Cloud sync failed.","timestamp":"2026-07-25T06:52:35.345Z"}
{"attempts":4,"error":"upload_failed","errorAddress":null,"errorCause":null,"errorCode":null,"errorErrno":null,"errorName":"Error","errorPort":null,"errorRequestId":null,"errorStack":"Error: upload_failed\n    at dispatchCloudMiniBatch (file:///C:/Users/POS/speypos-system/speypos-local/src/services/outbox.dispatchers.js:78:11)\n    at process.processTicksAndRejections (node:internal/process/task_queues:95:5)\n    at async processBatch (file:///C:/Users/POS/speypos-system/speypos-local/src/services/outbox.worker.js:38:7)\n    at async tick (file:///C:/Users/POS/speypos-system/speypos-local/src/services/outbox.worker.js:73:5)","errorStatus":null,"errorSyscall":null,"errorType":null,"eventId":"cd70cd96-ac87-404f-a6c7-31df13b6a3ab","eventType":"cloud.mini_batch","level":"warn","message":"Outbox event dispatch failed","timestamp":"2026-07-25T06:52:35.346Z"}
{"level":"info","message":"Starting print job for order ID: 63d8dd29-b620-4dbd-86f5-64dab51eac22.","status":"completed","timestamp":"2026-07-25T06:52:36.130Z"}
{"copies":[{"count":1,"variant":"INTERNAL"}],"engine":"canvas","level":"info","message":"Printing 1 variants for order 63d8dd29-b620-4dbd-86f5-64dab51eac22","timestamp":"2026-07-25T06:52:36.130Z"}
{"level":"info","message":"[canvas] Rendering ESC/POS buffer for variant INTERNAL, order 63d8dd29-b620-4dbd-86f5-64dab51eac22.","timestamp":"2026-07-25T06:52:36.131Z"}
{"level":"info","message":"[canvas] Sending copy 1/1 of variant INTERNAL for order 63d8dd29-b620-4dbd-86f5-64dab51eac22.","timestamp":"2026-07-25T06:52:36.152Z"}
{"bufferBytes":27660,"level":"info","message":"ESC/POS transport: preparing to send buffer to printer","printerName":"\\\\localhost\\XP80","timestamp":"2026-07-25T06:52:36.153Z"}
{"bufferBytes":27660,"level":"info","message":"ESC/POS transport: buffer sent successfully","printerName":"\\\\localhost\\XP80","timestamp":"2026-07-25T06:52:36.417Z"}
{"level":"info","message":"Print job for order 63d8dd29-b620-4dbd-86f5-64dab51eac22 completed and marked as printed.","timestamp":"2026-07-25T06:52:36.419Z"}
{"level":"info","message":"Telegram message sent successfully.","timestamp":"2026-07-25T06:52:37.329Z"}
{"level":"info","message":"Successfully sent and marked Telegram notification for order 63d8dd29-b620-4dbd-86f5-64dab51eac22","timestamp":"2026-07-25T06:52:37.330Z"}
{"baseUrl":"https://speypos-cloud-api.ryong.net","businessDate":"2026-07-25","level":"info","message":"Cloud sync starting.","orderCount":20,"shiftId":"56ef50c8-9581-4ead-9ea4-2c02d6e15628","storeId":"1","timestamp":"2026-07-25T06:52:37.398Z"}
{"error":"Validation failed","errorAddress":null,"errorCause":null,"errorCode":"invalid_event_batch","errorErrno":null,"errorName":"Error","errorPort":null,"errorRequestId":"86d82945-c19c-40b9-b1a8-ab448e328313","errorStack":"Error: Validation failed\n    at postJson (file:///C:/Users/POS/speypos-system/speypos-local/src/services/cloudIngest.service.js:119:25)\n    at process.processTicksAndRejections (node:internal/process/task_queues:95:5)\n    at async uploadOrdersBatch (file:///C:/Users/POS/speypos-system/speypos-local/src/services/cloudIngest.service.js:170:60)\n    at async dispatchCloudMiniBatch (file:///C:/Users/POS/speypos-system/speypos-local/src/services/outbox.dispatchers.js:75:18)\n    at async processBatch (file:///C:/Users/POS/speypos-system/speypos-local/src/services/outbox.worker.js:38:7)\n    at async tick (file:///C:/Users/POS/speypos-system/speypos-local/src/services/outbox.worker.js:73:5)","errorStatus":422,"errorSyscall":null,"errorType":null,"level":"error","message":"Cloud sync failed.","timestamp":"2026-07-25T06:52:37.465Z"}
{"attempts":1,"error":"upload_failed","errorAddress":null,"errorCause":null,"errorCode":null,"errorErrno":null,"errorName":"Error","errorPort":null,"errorRequestId":null,"errorStack":"Error: upload_failed\n    at dispatchCloudMiniBatch (file:///C:/Users/POS/speypos-system/speypos-local/src/services/outbox.dispatchers.js:78:11)\n    at process.processTicksAndRejections (node:internal/process/task_queues:95:5)\n    at async processBatch (file:///C:/Users/POS/speypos-system/speypos-local/src/services/outbox.worker.js:38:7)\n    at async tick (file:///C:/Users/POS/speypos-system/speypos-local/src/services/outbox.worker.js:73:5)","errorStatus":null,"errorSyscall":null,"errorType":null,"eventId":"9be5db8a-224e-47b9-a437-926426a2db16","eventType":"cloud.mini_batch","level":"warn","message":"Outbox event dispatch failed","timestamp":"2026-07-25T06:52:37.467Z"}
{"baseUrl":"https://speypos-cloud-api.ryong.net","businessDate":"2026-07-25","level":"info","message":"Cloud sync starting.","orderCount":20,"shiftId":"56ef50c8-9581-4ead-9ea4-2c02d6e15628","storeId":"1","timestamp":"2026-07-25T06:52:39.207Z"}
{"error":"Validation failed","errorAddress":null,"errorCause":null,"errorCode":"invalid_event_batch","errorErrno":null,"errorName":"Error","errorPort":null,"errorRequestId":"c10d3c69-732d-4512-9ce9-7ab23c13a729","errorStack":"Error: Validation failed\n    at postJson (file:///C:/Users/POS/speypos-system/speypos-local/src/services/cloudIngest.service.js:119:25)\n    at process.processTicksAndRejections (node:internal/process/task_queues:95:5)\n    at async uploadOrdersBatch (file:///C:/Users/POS/speypos-system/speypos-local/src/services/cloudIngest.service.js:170:60)\n    at async dispatchCloudMiniBatch (file:///C:/Users/POS/speypos-system/speypos-local/src/services/outbox.dispatchers.js:75:18)\n    at async processBatch (file:///C:/Users/POS/speypos-system/speypos-local/src/services/outbox.worker.js:38:7)\n    at async tick (file:///C:/Users/POS/speypos-system/speypos-local/src/services/outbox.worker.js:73:5)","errorStatus":422,"errorSyscall":null,"errorType":null,"level":"error","message":"Cloud sync failed.","timestamp":"2026-07-25T06:52:39.267Z"}
{"attempts":2,"error":"upload_failed","errorAddress":null,"errorCause":null,"errorCode":null,"errorErrno":null,"errorName":"Error","errorPort":null,"errorRequestId":null,"errorStack":"Error: upload_failed\n    at dispatchCloudMiniBatch (file:///C:/Users/POS/speypos-system/speypos-local/src/services/outbox.dispatchers.js:78:11)\n    at process.processTicksAndRejections (node:internal/process/task_queues:95:5)\n    at async processBatch (file:///C:/Users/POS/speypos-system/speypos-local/src/services/outbox.worker.js:38:7)\n    at async tick (file:///C:/Users/POS/speypos-system/speypos-local/src/services/outbox.worker.js:73:5)","errorStatus":null,"errorSyscall":null,"errorType":null,"eventId":"9be5db8a-224e-47b9-a437-926426a2db16","eventType":"cloud.mini_batch","level":"warn","message":"Outbox event dispatch failed","timestamp":"2026-07-25T06:52:39.269Z"}
{"baseUrl":"https://speypos-cloud-api.ryong.net","businessDate":"2026-07-25","level":"info","message":"Cloud sync starting.","orderCount":20,"shiftId":"56ef50c8-9581-4ead-9ea4-2c02d6e15628","storeId":"1","timestamp":"2026-07-25T06:52:42.209Z"}
{"error":"Validation failed","errorAddress":null,"errorCause":null,"errorCode":"invalid_event_batch","errorErrno":null,"errorName":"Error","errorPort":null,"errorRequestId":"8f26a9c0-04e0-4510-a3da-a7cf11f28ffa","errorStack":"Error: Validation failed\n    at postJson (file:///C:/Users/POS/speypos-system/speypos-local/src/services/cloudIngest.service.js:119:25)\n    at process.processTicksAndRejections (node:internal/process/task_queues:95:5)\n    at async uploadOrdersBatch (file:///C:/Users/POS/speypos-system/speypos-local/src/services/cloudIngest.service.js:170:60)\n    at async dispatchCloudMiniBatch (file:///C:/Users/POS/speypos-system/speypos-local/src/services/outbox.dispatchers.js:75:18)\n    at async processBatch (file:///C:/Users/POS/speypos-system/speypos-local/src/services/outbox.worker.js:38:7)\n    at async tick (file:///C:/Users/POS/speypos-system/speypos-local/src/services/outbox.worker.js:73:5)","errorStatus":422,"errorSyscall":null,"errorType":null,"level":"error","message":"Cloud sync failed.","timestamp":"2026-07-25T06:52:42.274Z"}
{"attempts":3,"error":"upload_failed","errorAddress":null,"errorCause":null,"errorCode":null,"errorErrno":null,"errorName":"Error","errorPort":null,"errorRequestId":null,"errorStack":"Error: upload_failed\n    at dispatchCloudMiniBatch (file:///C:/Users/POS/speypos-system/speypos-local/src/services/outbox.dispatchers.js:78:11)\n    at process.processTicksAndRejections (node:internal/process/task_queues:95:5)\n    at async processBatch (file:///C:/Users/POS/speypos-system/speypos-local/src/services/outbox.worker.js:38:7)\n    at async tick (file:///C:/Users/POS/speypos-system/speypos-local/src/services/outbox.worker.js:73:5)","errorStatus":null,"errorSyscall":null,"errorType":null,"eventId":"9be5db8a-224e-47b9-a437-926426a2db16","eventType":"cloud.mini_batch","level":"warn","message":"Outbox event dispatch failed","timestamp":"2026-07-25T06:52:42.275Z"}
{"baseUrl":"https://speypos-cloud-api.ryong.net","businessDate":"2026-07-25","level":"info","message":"Cloud sync starting.","orderCount":20,"shiftId":"56ef50c8-9581-4ead-9ea4-2c02d6e15628","storeId":"1","timestamp":"2026-07-25T06:52:44.202Z"}
{"error":"Validation failed","errorAddress":null,"errorCause":null,"errorCode":"invalid_event_batch","errorErrno":null,"errorName":"Error","errorPort":null,"errorRequestId":"400c1dd0-f9aa-4ac7-ac69-18506cf414ca","errorStack":"Error: Validation failed\n    at postJson (file:///C:/Users/POS/speypos-system/speypos-local/src/services/cloudIngest.service.js:119:25)\n    at process.processTicksAndRejections (node:internal/process/task_queues:95:5)\n    at async uploadOrdersBatch (file:///C:/Users/POS/speypos-system/speypos-local/src/services/cloudIngest.service.js:170:60)\n    at async dispatchCloudMiniBatch (file:///C:/Users/POS/speypos-system/speypos-local/src/services/outbox.dispatchers.js:75:18)\n    at async processBatch (file:///C:/Users/POS/speypos-system/speypos-local/src/services/outbox.worker.js:38:7)\n    at async tick (file:///C:/Users/POS/speypos-system/speypos-local/src/services/outbox.worker.js:73:5)","errorStatus":422,"errorSyscall":null,"errorType":null,"level":"error","message":"Cloud sync failed.","timestamp":"2026-07-25T06:52:44.260Z"}
{"attempts":5,"error":"upload_failed","errorAddress":null,"errorCause":null,"errorCode":null,"errorErrno":null,"errorName":"Error","errorPort":null,"errorRequestId":null,"errorStack":"Error: upload_failed\n    at dispatchCloudMiniBatch (file:///C:/Users/POS/speypos-system/speypos-local/src/services/outbox.dispatchers.js:78:11)\n    at process.processTicksAndRejections (node:internal/process/task_queues:95:5)\n    at async processBatch (file:///C:/Users/POS/speypos-system/speypos-local/src/services/outbox.worker.js:38:7)\n    at async tick (file:///C:/Users/POS/speypos-system/speypos-local/src/services/outbox.worker.js:73:5)","errorStatus":null,"errorSyscall":null,"errorType":null,"eventId":"cd70cd96-ac87-404f-a6c7-31df13b6a3ab","eventType":"cloud.mini_batch","level":"warn","message":"Outbox event dispatch failed","timestamp":"2026-07-25T06:52:44.261Z"}
{"level":"info","message":"Starting print job for order ID: 951ce198-80e0-41a0-8218-c2303fe4d5ce.","status":"completed","timestamp":"2026-07-25T06:52:45.162Z"}
{"copies":[{"count":1,"variant":"INTERNAL"}],"engine":"canvas","level":"info","message":"Printing 1 variants for order 951ce198-80e0-41a0-8218-c2303fe4d5ce","timestamp":"2026-07-25T06:52:45.162Z"}
{"level":"info","message":"[canvas] Rendering ESC/POS buffer for variant INTERNAL, order 951ce198-80e0-41a0-8218-c2303fe4d5ce.","timestamp":"2026-07-25T06:52:45.163Z"}
{"level":"info","message":"[canvas] Sending copy 1/1 of variant INTERNAL for order 951ce198-80e0-41a0-8218-c2303fe4d5ce.","timestamp":"2026-07-25T06:52:45.186Z"}
{"bufferBytes":23340,"level":"info","message":"ESC/POS transport: preparing to send buffer to printer","printerName":"\\\\localhost\\XP80","timestamp":"2026-07-25T06:52:45.187Z"}
{"bufferBytes":23340,"level":"info","message":"ESC/POS transport: buffer sent successfully","printerName":"\\\\localhost\\XP80","timestamp":"2026-07-25T06:52:45.450Z"}
{"level":"info","message":"Print job for order 951ce198-80e0-41a0-8218-c2303fe4d5ce completed and marked as printed.","timestamp":"2026-07-25T06:52:45.451Z"}
{"level":"info","message":"Telegram message sent successfully.","timestamp":"2026-07-25T06:52:46.358Z"}
{"level":"info","message":"Successfully sent and marked Telegram notification for order 951ce198-80e0-41a0-8218-c2303fe4d5ce","timestamp":"2026-07-25T06:52:46.359Z"}
{"baseUrl":"https://speypos-cloud-api.ryong.net","businessDate":"2026-07-25","level":"info","message":"Cloud sync starting.","orderCount":20,"shiftId":"56ef50c8-9581-4ead-9ea4-2c02d6e15628","storeId":"1","timestamp":"2026-07-25T06:52:46.409Z"}
{"error":"Validation failed","errorAddress":null,"errorCause":null,"errorCode":"invalid_event_batch","errorErrno":null,"errorName":"Error","errorPort":null,"errorRequestId":"f5c7b248-4b46-4dcf-b290-23a51d84b144","errorStack":"Error: Validation failed\n    at postJson (file:///C:/Users/POS/speypos-system/speypos-local/src/services/cloudIngest.service.js:119:25)\n    at process.processTicksAndRejections (node:internal/process/task_queues:95:5)\n    at async uploadOrdersBatch (file:///C:/Users/POS/speypos-system/speypos-local/src/services/cloudIngest.service.js:170:60)\n    at async dispatchCloudMiniBatch (file:///C:/Users/POS/speypos-system/speypos-local/src/services/outbox.dispatchers.js:75:18)\n    at async processBatch (file:///C:/Users/POS/speypos-system/speypos-local/src/services/outbox.worker.js:38:7)\n    at async tick (file:///C:/Users/POS/speypos-system/speypos-local/src/services/outbox.worker.js:73:5)","errorStatus":422,"errorSyscall":null,"errorType":null,"level":"error","message":"Cloud sync failed.","timestamp":"2026-07-25T06:52:46.466Z"}
{"attempts":1,"error":"upload_failed","errorAddress":null,"errorCause":null,"errorCode":null,"errorErrno":null,"errorName":"Error","errorPort":null,"errorRequestId":null,"errorStack":"Error: upload_failed\n    at dispatchCloudMiniBatch (file:///C:/Users/POS/speypos-system/speypos-local/src/services/outbox.dispatchers.js:78:11)\n    at process.processTicksAndRejections (node:internal/process/task_queues:95:5)\n    at async processBatch (file:///C:/Users/POS/speypos-system/speypos-local/src/services/outbox.worker.js:38:7)\n    at async tick (file:///C:/Users/POS/speypos-system/speypos-local/src/services/outbox.worker.js:73:5)","errorStatus":null,"errorSyscall":null,"errorType":null,"eventId":"e1f4c0c9-22b8-48b9-9b4b-7dba62c74761","eventType":"cloud.mini_batch","level":"warn","message":"Outbox event dispatch failed","timestamp":"2026-07-25T06:52:46.466Z"}
{"baseUrl":"https://speypos-cloud-api.ryong.net","businessDate":"2026-07-25","level":"info","message":"Cloud sync starting.","orderCount":20,"shiftId":"56ef50c8-9581-4ead-9ea4-2c02d6e15628","storeId":"1","timestamp":"2026-07-25T06:52:47.216Z"}
{"error":"Validation failed","errorAddress":null,"errorCause":null,"errorCode":"invalid_event_batch","errorErrno":null,"errorName":"Error","errorPort":null,"errorRequestId":"339d0c89-c4a4-4ffd-87ea-5c060041c88a","errorStack":"Error: Validation failed\n    at postJson (file:///C:/Users/POS/speypos-system/speypos-local/src/services/cloudIngest.service.js:119:25)\n    at process.processTicksAndRejections (node:internal/process/task_queues:95:5)\n    at async uploadOrdersBatch (file:///C:/Users/POS/speypos-system/speypos-local/src/services/cloudIngest.service.js:170:60)\n    at async dispatchCloudMiniBatch (file:///C:/Users/POS/speypos-system/speypos-local/src/services/outbox.dispatchers.js:75:18)\n    at async processBatch (file:///C:/Users/POS/speypos-system/speypos-local/src/services/outbox.worker.js:38:7)\n    at async tick (file:///C:/Users/POS/speypos-system/speypos-local/src/services/outbox.worker.js:73:5)","errorStatus":422,"errorSyscall":null,"errorType":null,"level":"error","message":"Cloud sync failed.","timestamp":"2026-07-25T06:52:47.273Z"}
{"attempts":4,"error":"upload_failed","errorAddress":null,"errorCause":null,"errorCode":null,"errorErrno":null,"errorName":"Error","errorPort":null,"errorRequestId":null,"errorStack":"Error: upload_failed\n    at dispatchCloudMiniBatch (file:///C:/Users/POS/speypos-system/speypos-local/src/services/outbox.dispatchers.js:78:11)\n    at process.processTicksAndRejections (node:internal/process/task_queues:95:5)\n    at async processBatch (file:///C:/Users/POS/speypos-system/speypos-local/src/services/outbox.worker.js:38:7)\n    at async tick (file:///C:/Users/POS/speypos-system/speypos-local/src/services/outbox.worker.js:73:5)","errorStatus":null,"errorSyscall":null,"errorType":null,"eventId":"9be5db8a-224e-47b9-a437-926426a2db16","eventType":"cloud.mini_batch","level":"warn","message":"Outbox event dispatch failed","timestamp":"2026-07-25T06:52:47.274Z"}
{"baseUrl":"https://speypos-cloud-api.ryong.net","businessDate":"2026-07-25","level":"info","message":"Cloud sync starting.","orderCount":20,"shiftId":"56ef50c8-9581-4ead-9ea4-2c02d6e15628","storeId":"1","timestamp":"2026-07-25T06:52:48.226Z"}
{"error":"Validation failed","errorAddress":null,"errorCause":null,"errorCode":"invalid_event_batch","errorErrno":null,"errorName":"Error","errorPort":null,"errorRequestId":"7e2e2a4a-0ff8-4e1d-b519-4856622382bd","errorStack":"Error: Validation failed\n    at postJson (file:///C:/Users/POS/speypos-system/speypos-local/src/services/cloudIngest.service.js:119:25)\n    at process.processTicksAndRejections (node:internal/process/task_queues:95:5)\n    at async uploadOrdersBatch (file:///C:/Users/POS/speypos-system/speypos-local/src/services/cloudIngest.service.js:170:60)\n    at async dispatchCloudMiniBatch (file:///C:/Users/POS/speypos-system/speypos-local/src/services/outbox.dispatchers.js:75:18)\n    at async processBatch (file:///C:/Users/POS/speypos-system/speypos-local/src/services/outbox.worker.js:38:7)\n    at async tick (file:///C:/Users/POS/speypos-system/speypos-local/src/services/outbox.worker.js:73:5)","errorStatus":422,"errorSyscall":null,"errorType":null,"level":"error","message":"Cloud sync failed.","timestamp":"2026-07-25T06:52:48.282Z"}
{"attempts":2,"error":"upload_failed","errorAddress":null,"errorCause":null,"errorCode":null,"errorErrno":null,"errorName":"Error","errorPort":null,"errorRequestId":null,"errorStack":"Error: upload_failed\n    at dispatchCloudMiniBatch (file:///C:/Users/POS/speypos-system/speypos-local/src/services/outbox.dispatchers.js:78:11)\n    at process.processTicksAndRejections (node:internal/process/task_queues:95:5)\n    at async processBatch (file:///C:/Users/POS/speypos-system/speypos-local/src/services/outbox.worker.js:38:7)\n    at async tick (file:///C:/Users/POS/speypos-system/speypos-local/src/services/outbox.worker.js:73:5)","errorStatus":null,"errorSyscall":null,"errorType":null,"eventId":"e1f4c0c9-22b8-48b9-9b4b-7dba62c74761","eventType":"cloud.mini_batch","level":"warn","message":"Outbox event dispatch failed","timestamp":"2026-07-25T06:52:48.283Z"}
{"baseUrl":"https://speypos-cloud-api.ryong.net","businessDate":"2026-07-25","level":"info","message":"Cloud sync starting.","orderCount":20,"shiftId":"56ef50c8-9581-4ead-9ea4-2c02d6e15628","storeId":"1","timestamp":"2026-07-25T06:52:51.224Z"}
{"error":"Validation failed","errorAddress":null,"errorCause":null,"errorCode":"invalid_event_batch","errorErrno":null,"errorName":"Error","errorPort":null,"errorRequestId":"3d8399a6-5e25-4ebf-a11b-0edd5bc12f12","errorStack":"Error: Validation failed\n    at postJson (file:///C:/Users/POS/speypos-system/speypos-local/src/services/cloudIngest.service.js:119:25)\n    at process.processTicksAndRejections (node:internal/process/task_queues:95:5)\n    at async uploadOrdersBatch (file:///C:/Users/POS/speypos-system/speypos-local/src/services/cloudIngest.service.js:170:60)\n    at async dispatchCloudMiniBatch (file:///C:/Users/POS/speypos-system/speypos-local/src/services/outbox.dispatchers.js:75:18)\n    at async processBatch (file:///C:/Users/POS/speypos-system/speypos-local/src/services/outbox.worker.js:38:7)\n    at async tick (file:///C:/Users/POS/speypos-system/speypos-local/src/services/outbox.worker.js:73:5)","errorStatus":422,"errorSyscall":null,"errorType":null,"level":"error","message":"Cloud sync failed.","timestamp":"2026-07-25T06:52:51.280Z"}
{"attempts":3,"error":"upload_failed","errorAddress":null,"errorCause":null,"errorCode":null,"errorErrno":null,"errorName":"Error","errorPort":null,"errorRequestId":null,"errorStack":"Error: upload_failed\n    at dispatchCloudMiniBatch (file:///C:/Users/POS/speypos-system/speypos-local/src/services/outbox.dispatchers.js:78:11)\n    at process.processTicksAndRejections (node:internal/process/task_queues:95:5)\n    at async processBatch (file:///C:/Users/POS/speypos-system/speypos-local/src/services/outbox.worker.js:38:7)\n    at async tick (file:///C:/Users/POS/speypos-system/speypos-local/src/services/outbox.worker.js:73:5)","errorStatus":null,"errorSyscall":null,"errorType":null,"eventId":"e1f4c0c9-22b8-48b9-9b4b-7dba62c74761","eventType":"cloud.mini_batch","level":"warn","message":"Outbox event dispatch failed","timestamp":"2026-07-25T06:52:51.281Z"}
{"level":"info","message":"Starting print job for order ID: 50dfe511-632e-4a2f-95cd-b865dc9b71b8.","status":"completed","timestamp":"2026-07-25T06:52:55.178Z"}
{"copies":[{"count":1,"variant":"INTERNAL"}],"engine":"canvas","level":"info","message":"Printing 1 variants for order 50dfe511-632e-4a2f-95cd-b865dc9b71b8","timestamp":"2026-07-25T06:52:55.179Z"}
{"level":"info","message":"[canvas] Rendering ESC/POS buffer for variant INTERNAL, order 50dfe511-632e-4a2f-95cd-b865dc9b71b8.","timestamp":"2026-07-25T06:52:55.179Z"}
{"level":"info","message":"[canvas] Sending copy 1/1 of variant INTERNAL for order 50dfe511-632e-4a2f-95cd-b865dc9b71b8.","timestamp":"2026-07-25T06:52:55.204Z"}
{"bufferBytes":27660,"level":"info","message":"ESC/POS transport: preparing to send buffer to printer","printerName":"\\\\localhost\\XP80","timestamp":"2026-07-25T06:52:55.205Z"}
{"bufferBytes":27660,"level":"info","message":"ESC/POS transport: buffer sent successfully","printerName":"\\\\localhost\\XP80","timestamp":"2026-07-25T06:52:55.462Z"}
{"level":"info","message":"Print job for order 50dfe511-632e-4a2f-95cd-b865dc9b71b8 completed and marked as printed.","timestamp":"2026-07-25T06:52:55.463Z"}
{"level":"info","message":"Telegram message sent successfully.","timestamp":"2026-07-25T06:52:56.396Z"}
{"level":"info","message":"Successfully sent and marked Telegram notification for order 50dfe511-632e-4a2f-95cd-b865dc9b71b8","timestamp":"2026-07-25T06:52:56.397Z"}
{"baseUrl":"https://speypos-cloud-api.ryong.net","businessDate":"2026-07-25","level":"info","message":"Cloud sync starting.","orderCount":20,"shiftId":"56ef50c8-9581-4ead-9ea4-2c02d6e15628","storeId":"1","timestamp":"2026-07-25T06:52:56.452Z"}
{"error":"Validation failed","errorAddress":null,"errorCause":null,"errorCode":"invalid_event_batch","errorErrno":null,"errorName":"Error","errorPort":null,"errorRequestId":"79a3e7d4-5bdd-4631-ac62-da61eeeffc2d","errorStack":"Error: Validation failed\n    at postJson (file:///C:/Users/POS/speypos-system/speypos-local/src/services/cloudIngest.service.js:119:25)\n    at process.processTicksAndRejections (node:internal/process/task_queues:95:5)\n    at async uploadOrdersBatch (file:///C:/Users/POS/speypos-system/speypos-local/src/services/cloudIngest.service.js:170:60)\n    at async dispatchCloudMiniBatch (file:///C:/Users/POS/speypos-system/speypos-local/src/services/outbox.dispatchers.js:75:18)\n    at async processBatch (file:///C:/Users/POS/speypos-system/speypos-local/src/services/outbox.worker.js:38:7)\n    at async tick (file:///C:/Users/POS/speypos-system/speypos-local/src/services/outbox.worker.js:73:5)","errorStatus":422,"errorSyscall":null,"errorType":null,"level":"error","message":"Cloud sync failed.","timestamp":"2026-07-25T06:52:56.610Z"}
{"attempts":1,"error":"upload_failed","errorAddress":null,"errorCause":null,"errorCode":null,"errorErrno":null,"errorName":"Error","errorPort":null,"errorRequestId":null,"errorStack":"Error: upload_failed\n    at dispatchCloudMiniBatch (file:///C:/Users/POS/speypos-system/speypos-local/src/services/outbox.dispatchers.js:78:11)\n    at process.processTicksAndRejections (node:internal/process/task_queues:95:5)\n    at async processBatch (file:///C:/Users/POS/speypos-system/speypos-local/src/services/outbox.worker.js:38:7)\n    at async tick (file:///C:/Users/POS/speypos-system/speypos-local/src/services/outbox.worker.js:73:5)","errorStatus":null,"errorSyscall":null,"errorType":null,"eventId":"8f9367f2-bdac-4fcc-8976-ae0f7e6536c4","eventType":"cloud.mini_batch","level":"warn","message":"Outbox event dispatch failed","timestamp":"2026-07-25T06:52:56.611Z"}
{"baseUrl":"https://speypos-cloud-api.ryong.net","businessDate":"2026-07-25","level":"info","message":"Cloud sync starting.","orderCount":20,"shiftId":"56ef50c8-9581-4ead-9ea4-2c02d6e15628","storeId":"1","timestamp":"2026-07-25T06:52:57.250Z"}
{"error":"Validation failed","errorAddress":null,"errorCause":null,"errorCode":"invalid_event_batch","errorErrno":null,"errorName":"Error","errorPort":null,"errorRequestId":"2c066448-f573-4f1a-a3d7-5b4fcc2f80ed","errorStack":"Error: Validation failed\n    at postJson (file:///C:/Users/POS/speypos-system/speypos-local/src/services/cloudIngest.service.js:119:25)\n    at process.processTicksAndRejections (node:internal/process/task_queues:95:5)\n    at async uploadOrdersBatch (file:///C:/Users/POS/speypos-system/speypos-local/src/services/cloudIngest.service.js:170:60)\n    at async dispatchCloudMiniBatch (file:///C:/Users/POS/speypos-system/speypos-local/src/services/outbox.dispatchers.js:75:18)\n    at async processBatch (file:///C:/Users/POS/speypos-system/speypos-local/src/services/outbox.worker.js:38:7)\n    at async tick (file:///C:/Users/POS/speypos-system/speypos-local/src/services/outbox.worker.js:73:5)","errorStatus":422,"errorSyscall":null,"errorType":null,"level":"error","message":"Cloud sync failed.","timestamp":"2026-07-25T06:52:57.306Z"}
{"attempts":4,"error":"upload_failed","errorAddress":null,"errorCause":null,"errorCode":null,"errorErrno":null,"errorName":"Error","errorPort":null,"errorRequestId":null,"errorStack":"Error: upload_failed\n    at dispatchCloudMiniBatch (file:///C:/Users/POS/speypos-system/speypos-local/src/services/outbox.dispatchers.js:78:11)\n    at process.processTicksAndRejections (node:internal/process/task_queues:95:5)\n    at async processBatch (file:///C:/Users/POS/speypos-system/speypos-local/src/services/outbox.worker.js:38:7)\n    at async tick (file:///C:/Users/POS/speypos-system/speypos-local/src/services/outbox.worker.js:73:5)","errorStatus":null,"errorSyscall":null,"errorType":null,"eventId":"e1f4c0c9-22b8-48b9-9b4b-7dba62c74761","eventType":"cloud.mini_batch","level":"warn","message":"Outbox event dispatch failed","timestamp":"2026-07-25T06:52:57.307Z"}
{"baseUrl":"https://speypos-cloud-api.ryong.net","businessDate":"2026-07-25","level":"info","message":"Cloud sync starting.","orderCount":20,"shiftId":"56ef50c8-9581-4ead-9ea4-2c02d6e15628","storeId":"1","timestamp":"2026-07-25T06:52:57.363Z"}
{"error":"Validation failed","errorAddress":null,"errorCause":null,"errorCode":"invalid_event_batch","errorErrno":null,"errorName":"Error","errorPort":null,"errorRequestId":"1b07a63e-75de-4399-af8c-e4dd920eb890","errorStack":"Error: Validation failed\n    at postJson (file:///C:/Users/POS/speypos-system/speypos-local/src/services/cloudIngest.service.js:119:25)\n    at process.processTicksAndRejections (node:internal/process/task_queues:95:5)\n    at async uploadOrdersBatch (file:///C:/Users/POS/speypos-system/speypos-local/src/services/cloudIngest.service.js:170:60)\n    at async dispatchCloudMiniBatch (file:///C:/Users/POS/speypos-system/speypos-local/src/services/outbox.dispatchers.js:75:18)\n    at async processBatch (file:///C:/Users/POS/speypos-system/speypos-local/src/services/outbox.worker.js:38:7)\n    at async tick (file:///C:/Users/POS/speypos-system/speypos-local/src/services/outbox.worker.js:73:5)","errorStatus":422,"errorSyscall":null,"errorType":null,"level":"error","message":"Cloud sync failed.","timestamp":"2026-07-25T06:52:57.521Z"}
{"attempts":5,"error":"upload_failed","errorAddress":null,"errorCause":null,"errorCode":null,"errorErrno":null,"errorName":"Error","errorPort":null,"errorRequestId":null,"errorStack":"Error: upload_failed\n    at dispatchCloudMiniBatch (file:///C:/Users/POS/speypos-system/speypos-local/src/services/outbox.dispatchers.js:78:11)\n    at process.processTicksAndRejections (node:internal/process/task_queues:95:5)\n    at async processBatch (file:///C:/Users/POS/speypos-system/speypos-local/src/services/outbox.worker.js:38:7)\n    at async tick (file:///C:/Users/POS/speypos-system/speypos-local/src/services/outbox.worker.js:73:5)","errorStatus":null,"errorSyscall":null,"errorType":null,"eventId":"9be5db8a-224e-47b9-a437-926426a2db16","eventType":"cloud.mini_batch","level":"warn","message":"Outbox event dispatch failed","timestamp":"2026-07-25T06:52:57.522Z"}
{"baseUrl":"https://speypos-cloud-api.ryong.net","businessDate":"2026-07-25","level":"info","message":"Cloud sync starting.","orderCount":20,"shiftId":"56ef50c8-9581-4ead-9ea4-2c02d6e15628","storeId":"1","timestamp":"2026-07-25T06:52:58.258Z"}
{"error":"Validation failed","errorAddress":null,"errorCause":null,"errorCode":"invalid_event_batch","errorErrno":null,"errorName":"Error","errorPort":null,"errorRequestId":"45a5e458-0b03-4d4d-8f82-9fa6bce31458","errorStack":"Error: Validation failed\n    at postJson (file:///C:/Users/POS/speypos-system/speypos-local/src/services/cloudIngest.service.js:119:25)\n    at process.processTicksAndRejections (node:internal/process/task_queues:95:5)\n    at async uploadOrdersBatch (file:///C:/Users/POS/speypos-system/speypos-local/src/services/cloudIngest.service.js:170:60)\n    at async dispatchCloudMiniBatch (file:///C:/Users/POS/speypos-system/speypos-local/src/services/outbox.dispatchers.js:75:18)\n    at async processBatch (file:///C:/Users/POS/speypos-system/speypos-local/src/services/outbox.worker.js:38:7)\n    at async tick (file:///C:/Users/POS/speypos-system/speypos-local/src/services/outbox.worker.js:73:5)","errorStatus":422,"errorSyscall":null,"errorType":null,"level":"error","message":"Cloud sync failed.","timestamp":"2026-07-25T06:52:58.315Z"}
{"attempts":2,"error":"upload_failed","errorAddress":null,"errorCause":null,"errorCode":null,"errorErrno":null,"errorName":"Error","errorPort":null,"errorRequestId":null,"errorStack":"Error: upload_failed\n    at dispatchCloudMiniBatch (file:///C:/Users/POS/speypos-system/speypos-local/src/services/outbox.dispatchers.js:78:11)\n    at process.processTicksAndRejections (node:internal/process/task_queues:95:5)\n    at async processBatch (file:///C:/Users/POS/speypos-system/speypos-local/src/services/outbox.worker.js:38:7)\n    at async tick (file:///C:/Users/POS/speypos-system/speypos-local/src/services/outbox.worker.js:73:5)","errorStatus":null,"errorSyscall":null,"errorType":null,"eventId":"8f9367f2-bdac-4fcc-8976-ae0f7e6536c4","eventType":"cloud.mini_batch","level":"warn","message":"Outbox event dispatch failed","timestamp":"2026-07-25T06:52:58.316Z"}
{"baseUrl":"https://speypos-cloud-api.ryong.net","businessDate":"2026-07-25","level":"info","message":"Cloud sync starting.","orderCount":20,"shiftId":"56ef50c8-9581-4ead-9ea4-2c02d6e15628","storeId":"1","timestamp":"2026-07-25T06:53:01.248Z"}
{"error":"Validation failed","errorAddress":null,"errorCause":null,"errorCode":"invalid_event_batch","errorErrno":null,"errorName":"Error","errorPort":null,"errorRequestId":"31c8886a-b307-4886-80f1-612a5096323d","errorStack":"Error: Validation failed\n    at postJson (file:///C:/Users/POS/speypos-system/speypos-local/src/services/cloudIngest.service.js:119:25)\n    at process.processTicksAndRejections (node:internal/process/task_queues:95:5)\n    at async uploadOrdersBatch (file:///C:/Users/POS/speypos-system/speypos-local/src/services/cloudIngest.service.js:170:60)\n    at async dispatchCloudMiniBatch (file:///C:/Users/POS/speypos-system/speypos-local/src/services/outbox.dispatchers.js:75:18)\n    at async processBatch (file:///C:/Users/POS/speypos-system/speypos-local/src/services/outbox.worker.js:38:7)\n    at async tick (file:///C:/Users/POS/speypos-system/speypos-local/src/services/outbox.worker.js:73:5)","errorStatus":422,"errorSyscall":null,"errorType":null,"level":"error","message":"Cloud sync failed.","timestamp":"2026-07-25T06:53:01.306Z"}
{"attempts":6,"error":"upload_failed","errorAddress":null,"errorCause":null,"errorCode":null,"errorErrno":null,"errorName":"Error","errorPort":null,"errorRequestId":null,"errorStack":"Error: upload_failed\n    at dispatchCloudMiniBatch (file:///C:/Users/POS/speypos-system/speypos-local/src/services/outbox.dispatchers.js:78:11)\n    at process.processTicksAndRejections (node:internal/process/task_queues:95:5)\n    at async processBatch (file:///C:/Users/POS/speypos-system/speypos-local/src/services/outbox.worker.js:38:7)\n    at async tick (file:///C:/Users/POS/speypos-system/speypos-local/src/services/outbox.worker.js:73:5)","errorStatus":null,"errorSyscall":null,"errorType":null,"eventId":"cd70cd96-ac87-404f-a6c7-31df13b6a3ab","eventType":"cloud.mini_batch","level":"warn","message":"Outbox event dispatch failed","timestamp":"2026-07-25T06:53:01.307Z"}
{"baseUrl":"https://speypos-cloud-api.ryong.net","businessDate":"2026-07-25","level":"info","message":"Cloud sync starting.","orderCount":20,"shiftId":"56ef50c8-9581-4ead-9ea4-2c02d6e15628","storeId":"1","timestamp":"2026-07-25T06:53:01.371Z"}
{"error":"Validation failed","errorAddress":null,"errorCause":null,"errorCode":"invalid_event_batch","errorErrno":null,"errorName":"Error","errorPort":null,"errorRequestId":"2db129eb-72bb-4969-992f-ec63eeb92736","errorStack":"Error: Validation failed\n    at postJson (file:///C:/Users/POS/speypos-system/speypos-local/src/services/cloudIngest.service.js:119:25)\n    at process.processTicksAndRejections (node:internal/process/task_queues:95:5)\n    at async uploadOrdersBatch (file:///C:/Users/POS/speypos-system/speypos-local/src/services/cloudIngest.service.js:170:60)\n    at async dispatchCloudMiniBatch (file:///C:/Users/POS/speypos-system/speypos-local/src/services/outbox.dispatchers.js:75:18)\n    at async processBatch (file:///C:/Users/POS/speypos-system/speypos-local/src/services/outbox.worker.js:38:7)\n    at async tick (file:///C:/Users/POS/speypos-system/speypos-local/src/services/outbox.worker.js:73:5)","errorStatus":422,"errorSyscall":null,"errorType":null,"level":"error","message":"Cloud sync failed.","timestamp":"2026-07-25T06:53:01.429Z"}
{"attempts":3,"error":"upload_failed","errorAddress":null,"errorCause":null,"errorCode":null,"errorErrno":null,"errorName":"Error","errorPort":null,"errorRequestId":null,"errorStack":"Error: upload_failed\n    at dispatchCloudMiniBatch (file:///C:/Users/POS/speypos-system/speypos-local/src/services/outbox.dispatchers.js:78:11)\n    at process.processTicksAndRejections (node:internal/process/task_queues:95:5)\n    at async processBatch (file:///C:/Users/POS/speypos-system/speypos-local/src/services/outbox.worker.js:38:7)\n    at async tick (file:///C:/Users/POS/speypos-system/speypos-local/src/services/outbox.worker.js:73:5)","errorStatus":null,"errorSyscall":null,"errorType":null,"eventId":"8f9367f2-bdac-4fcc-8976-ae0f7e6536c4","eventType":"cloud.mini_batch","level":"warn","message":"Outbox event dispatch failed","timestamp":"2026-07-25T06:53:01.430Z"}
{"level":"info","message":"Starting print job for order ID: 2376beae-63cd-4354-8d5c-a4c96b9a91c2.","status":"completed","timestamp":"2026-07-25T06:53:04.195Z"}
{"copies":[{"count":1,"variant":"INTERNAL"}],"engine":"canvas","level":"info","message":"Printing 1 variants for order 2376beae-63cd-4354-8d5c-a4c96b9a91c2","timestamp":"2026-07-25T06:53:04.196Z"}
{"level":"info","message":"[canvas] Rendering ESC/POS buffer for variant INTERNAL, order 2376beae-63cd-4354-8d5c-a4c96b9a91c2.","timestamp":"2026-07-25T06:53:04.196Z"}
{"level":"info","message":"[canvas] Sending copy 1/1 of variant INTERNAL for order 2376beae-63cd-4354-8d5c-a4c96b9a91c2.","timestamp":"2026-07-25T06:53:04.219Z"}
{"bufferBytes":23340,"level":"info","message":"ESC/POS transport: preparing to send buffer to printer","printerName":"\\\\localhost\\XP80","timestamp":"2026-07-25T06:53:04.220Z"}
{"bufferBytes":23340,"level":"info","message":"ESC/POS transport: buffer sent successfully","printerName":"\\\\localhost\\XP80","timestamp":"2026-07-25T06:53:04.491Z"}
{"level":"info","message":"Print job for order 2376beae-63cd-4354-8d5c-a4c96b9a91c2 completed and marked as printed.","timestamp":"2026-07-25T06:53:04.492Z"}
{"baseUrl":"https://speypos-cloud-api.ryong.net","businessDate":"2026-07-25","level":"info","message":"Cloud sync starting.","orderCount":20,"shiftId":"56ef50c8-9581-4ead-9ea4-2c02d6e15628","storeId":"1","timestamp":"2026-07-25T06:53:04.548Z"}
{"error":"Validation failed","errorAddress":null,"errorCause":null,"errorCode":"invalid_event_batch","errorErrno":null,"errorName":"Error","errorPort":null,"errorRequestId":"56018ff2-9c1d-45cc-86b7-b74718c339a6","errorStack":"Error: Validation failed\n    at postJson (file:///C:/Users/POS/speypos-system/speypos-local/src/services/cloudIngest.service.js:119:25)\n    at process.processTicksAndRejections (node:internal/process/task_queues:95:5)\n    at async uploadOrdersBatch (file:///C:/Users/POS/speypos-system/speypos-local/src/services/cloudIngest.service.js:170:60)\n    at async dispatchCloudMiniBatch (file:///C:/Users/POS/speypos-system/speypos-local/src/services/outbox.dispatchers.js:75:18)\n    at async processBatch (file:///C:/Users/POS/speypos-system/speypos-local/src/services/outbox.worker.js:38:7)\n    at async tick (file:///C:/Users/POS/speypos-system/speypos-local/src/services/outbox.worker.js:73:5)","errorStatus":422,"errorSyscall":null,"errorType":null,"level":"error","message":"Cloud sync failed.","timestamp":"2026-07-25T06:53:04.605Z"}
{"attempts":1,"error":"upload_failed","errorAddress":null,"errorCause":null,"errorCode":null,"errorErrno":null,"errorName":"Error","errorPort":null,"errorRequestId":null,"errorStack":"Error: upload_failed\n    at dispatchCloudMiniBatch (file:///C:/Users/POS/speypos-system/speypos-local/src/services/outbox.dispatchers.js:78:11)\n    at process.processTicksAndRejections (node:internal/process/task_queues:95:5)\n    at async processBatch (file:///C:/Users/POS/speypos-system/speypos-local/src/services/outbox.worker.js:38:7)\n    at async tick (file:///C:/Users/POS/speypos-system/speypos-local/src/services/outbox.worker.js:73:5)","errorStatus":null,"errorSyscall":null,"errorType":null,"eventId":"15f63202-d92e-4d45-8546-12acc39dc575","eventType":"cloud.mini_batch","level":"warn","message":"Outbox event dispatch failed","timestamp":"2026-07-25T06:53:04.607Z"}
{"level":"info","message":"Telegram message sent successfully.","timestamp":"2026-07-25T06:53:05.499Z"}
{"level":"info","message":"Successfully sent and marked Telegram notification for order 2376beae-63cd-4354-8d5c-a4c96b9a91c2","timestamp":"2026-07-25T06:53:05.500Z"}
{"baseUrl":"https://speypos-cloud-api.ryong.net","businessDate":"2026-07-25","level":"info","message":"Cloud sync starting.","orderCount":20,"shiftId":"56ef50c8-9581-4ead-9ea4-2c02d6e15628","storeId":"1","timestamp":"2026-07-25T06:53:06.264Z"}
{"error":"Validation failed","errorAddress":null,"errorCause":null,"errorCode":"invalid_event_batch","errorErrno":null,"errorName":"Error","errorPort":null,"errorRequestId":"f74e81d7-a82c-4261-a9b8-7f82ecbb3696","errorStack":"Error: Validation failed\n    at postJson (file:///C:/Users/POS/speypos-system/speypos-local/src/services/cloudIngest.service.js:119:25)\n    at process.processTicksAndRejections (node:internal/process/task_queues:95:5)\n    at async uploadOrdersBatch (file:///C:/Users/POS/speypos-system/speypos-local/src/services/cloudIngest.service.js:170:60)\n    at async dispatchCloudMiniBatch (file:///C:/Users/POS/speypos-system/speypos-local/src/services/outbox.dispatchers.js:75:18)\n    at async processBatch (file:///C:/Users/POS/speypos-system/speypos-local/src/services/outbox.worker.js:38:7)\n    at async tick (file:///C:/Users/POS/speypos-system/speypos-local/src/services/outbox.worker.js:73:5)","errorStatus":422,"errorSyscall":null,"errorType":null,"level":"error","message":"Cloud sync failed.","timestamp":"2026-07-25T06:53:06.328Z"}
{"attempts":5,"error":"upload_failed","errorAddress":null,"errorCause":null,"errorCode":null,"errorErrno":null,"errorName":"Error","errorPort":null,"errorRequestId":null,"errorStack":"Error: upload_failed\n    at dispatchCloudMiniBatch (file:///C:/Users/POS/speypos-system/speypos-local/src/services/outbox.dispatchers.js:78:11)\n    at process.processTicksAndRejections (node:internal/process/task_queues:95:5)\n    at async processBatch (file:///C:/Users/POS/speypos-system/speypos-local/src/services/outbox.worker.js:38:7)\n    at async tick (file:///C:/Users/POS/speypos-system/speypos-local/src/services/outbox.worker.js:73:5)","errorStatus":null,"errorSyscall":null,"errorType":null,"eventId":"e1f4c0c9-22b8-48b9-9b4b-7dba62c74761","eventType":"cloud.mini_batch","level":"warn","message":"Outbox event dispatch failed","timestamp":"2026-07-25T06:53:06.330Z"}
{"baseUrl":"https://speypos-cloud-api.ryong.net","businessDate":"2026-07-25","level":"info","message":"Cloud sync starting.","orderCount":20,"shiftId":"56ef50c8-9581-4ead-9ea4-2c02d6e15628","storeId":"1","timestamp":"2026-07-25T06:53:06.400Z"}
{"error":"Validation failed","errorAddress":null,"errorCause":null,"errorCode":"invalid_event_batch","errorErrno":null,"errorName":"Error","errorPort":null,"errorRequestId":"a422cf84-dd4d-48e5-8d69-181d4d6a7688","errorStack":"Error: Validation failed\n    at postJson (file:///C:/Users/POS/speypos-system/speypos-local/src/services/cloudIngest.service.js:119:25)\n    at process.processTicksAndRejections (node:internal/process/task_queues:95:5)\n    at async uploadOrdersBatch (file:///C:/Users/POS/speypos-system/speypos-local/src/services/cloudIngest.service.js:170:60)\n    at async dispatchCloudMiniBatch (file:///C:/Users/POS/speypos-system/speypos-local/src/services/outbox.dispatchers.js:75:18)\n    at async processBatch (file:///C:/Users/POS/speypos-system/speypos-local/src/services/outbox.worker.js:38:7)\n    at async tick (file:///C:/Users/POS/speypos-system/speypos-local/src/services/outbox.worker.js:73:5)","errorStatus":422,"errorSyscall":null,"errorType":null,"level":"error","message":"Cloud sync failed.","timestamp":"2026-07-25T06:53:06.559Z"}
{"attempts":4,"error":"upload_failed","errorAddress":null,"errorCause":null,"errorCode":null,"errorErrno":null,"errorName":"Error","errorPort":null,"errorRequestId":null,"errorStack":"Error: upload_failed\n    at dispatchCloudMiniBatch (file:///C:/Users/POS/speypos-system/speypos-local/src/services/outbox.dispatchers.js:78:11)\n    at process.processTicksAndRejections (node:internal/process/task_queues:95:5)\n    at async processBatch (file:///C:/Users/POS/speypos-system/speypos-local/src/services/outbox.worker.js:38:7)\n    at async tick (file:///C:/Users/POS/speypos-system/speypos-local/src/services/outbox.worker.js:73:5)","errorStatus":null,"errorSyscall":null,"errorType":null,"eventId":"8f9367f2-bdac-4fcc-8976-ae0f7e6536c4","eventType":"cloud.mini_batch","level":"warn","message":"Outbox event dispatch failed","timestamp":"2026-07-25T06:53:06.561Z"}
{"baseUrl":"https://speypos-cloud-api.ryong.net","businessDate":"2026-07-25","level":"info","message":"Cloud sync starting.","orderCount":20,"shiftId":"56ef50c8-9581-4ead-9ea4-2c02d6e15628","storeId":"1","timestamp":"2026-07-25T06:53:06.621Z"}
{"error":"Validation failed","errorAddress":null,"errorCause":null,"errorCode":"invalid_event_batch","errorErrno":null,"errorName":"Error","errorPort":null,"errorRequestId":"f1d44af5-d9fc-49f0-a64b-9ee733b9bd92","errorStack":"Error: Validation failed\n    at postJson (file:///C:/Users/POS/speypos-system/speypos-local/src/services/cloudIngest.service.js:119:25)\n    at process.processTicksAndRejections (node:internal/process/task_queues:95:5)\n    at async uploadOrdersBatch (file:///C:/Users/POS/speypos-system/speypos-local/src/services/cloudIngest.service.js:170:60)\n    at async dispatchCloudMiniBatch (file:///C:/Users/POS/speypos-system/speypos-local/src/services/outbox.dispatchers.js:75:18)\n    at async processBatch (file:///C:/Users/POS/speypos-system/speypos-local/src/services/outbox.worker.js:38:7)\n    at async tick (file:///C:/Users/POS/speypos-system/speypos-local/src/services/outbox.worker.js:73:5)","errorStatus":422,"errorSyscall":null,"errorType":null,"level":"error","message":"Cloud sync failed.","timestamp":"2026-07-25T06:53:06.676Z"}
{"attempts":2,"error":"upload_failed","errorAddress":null,"errorCause":null,"errorCode":null,"errorErrno":null,"errorName":"Error","errorPort":null,"errorRequestId":null,"errorStack":"Error: upload_failed\n    at dispatchCloudMiniBatch (file:///C:/Users/POS/speypos-system/speypos-local/src/services/outbox.dispatchers.js:78:11)\n    at process.processTicksAndRejections (node:internal/process/task_queues:95:5)\n    at async processBatch (file:///C:/Users/POS/speypos-system/speypos-local/src/services/outbox.worker.js:38:7)\n    at async tick (file:///C:/Users/POS/speypos-system/speypos-local/src/services/outbox.worker.js:73:5)","errorStatus":null,"errorSyscall":null,"errorType":null,"eventId":"15f63202-d92e-4d45-8546-12acc39dc575","eventType":"cloud.mini_batch","level":"warn","message":"Outbox event dispatch failed","timestamp":"2026-07-25T06:53:06.677Z"}
{"baseUrl":"https://speypos-cloud-api.ryong.net","businessDate":"2026-07-25","level":"info","message":"Cloud sync starting.","orderCount":20,"shiftId":"56ef50c8-9581-4ead-9ea4-2c02d6e15628","storeId":"1","timestamp":"2026-07-25T06:53:09.287Z"}
{"error":"Validation failed","errorAddress":null,"errorCause":null,"errorCode":"invalid_event_batch","errorErrno":null,"errorName":"Error","errorPort":null,"errorRequestId":"30c3ef45-eb07-4243-81f4-1ecb10595685","errorStack":"Error: Validation failed\n    at postJson (file:///C:/Users/POS/speypos-system/speypos-local/src/services/cloudIngest.service.js:119:25)\n    at process.processTicksAndRejections (node:internal/process/task_queues:95:5)\n    at async uploadOrdersBatch (file:///C:/Users/POS/speypos-system/speypos-local/src/services/cloudIngest.service.js:170:60)\n    at async dispatchCloudMiniBatch (file:///C:/Users/POS/speypos-system/speypos-local/src/services/outbox.dispatchers.js:75:18)\n    at async processBatch (file:///C:/Users/POS/speypos-system/speypos-local/src/services/outbox.worker.js:38:7)\n    at async tick (file:///C:/Users/POS/speypos-system/speypos-local/src/services/outbox.worker.js:73:5)","errorStatus":422,"errorSyscall":null,"errorType":null,"level":"error","message":"Cloud sync failed.","timestamp":"2026-07-25T06:53:09.344Z"}
{"attempts":3,"error":"upload_failed","errorAddress":null,"errorCause":null,"errorCode":null,"errorErrno":null,"errorName":"Error","errorPort":null,"errorRequestId":null,"errorStack":"Error: upload_failed\n    at dispatchCloudMiniBatch (file:///C:/Users/POS/speypos-system/speypos-local/src/services/outbox.dispatchers.js:78:11)\n    at process.processTicksAndRejections (node:internal/process/task_queues:95:5)\n    at async processBatch (file:///C:/Users/POS/speypos-system/speypos-local/src/services/outbox.worker.js:38:7)\n    at async tick (file:///C:/Users/POS/speypos-system/speypos-local/src/services/outbox.worker.js:73:5)","errorStatus":null,"errorSyscall":null,"errorType":null,"eventId":"15f63202-d92e-4d45-8546-12acc39dc575","eventType":"cloud.mini_batch","level":"warn","message":"Outbox event dispatch failed","timestamp":"2026-07-25T06:53:09.345Z"}
{"baseUrl":"https://speypos-cloud-api.ryong.net","businessDate":"2026-07-25","level":"info","message":"Cloud sync starting.","orderCount":20,"shiftId":"56ef50c8-9581-4ead-9ea4-2c02d6e15628","storeId":"1","timestamp":"2026-07-25T06:53:14.305Z"}
{"error":"Validation failed","errorAddress":null,"errorCause":null,"errorCode":"invalid_event_batch","errorErrno":null,"errorName":"Error","errorPort":null,"errorRequestId":"c75eda1c-c291-4526-838f-d1513aa70193","errorStack":"Error: Validation failed\n    at postJson (file:///C:/Users/POS/speypos-system/speypos-local/src/services/cloudIngest.service.js:119:25)\n    at process.processTicksAndRejections (node:internal/process/task_queues:95:5)\n    at async uploadOrdersBatch (file:///C:/Users/POS/speypos-system/speypos-local/src/services/cloudIngest.service.js:170:60)\n    at async dispatchCloudMiniBatch (file:///C:/Users/POS/speypos-system/speypos-local/src/services/outbox.dispatchers.js:75:18)\n    at async processBatch (file:///C:/Users/POS/speypos-system/speypos-local/src/services/outbox.worker.js:38:7)\n    at async tick (file:///C:/Users/POS/speypos-system/speypos-local/src/services/outbox.worker.js:73:5)","errorStatus":422,"errorSyscall":null,"errorType":null,"level":"error","message":"Cloud sync failed.","timestamp":"2026-07-25T06:53:14.456Z"}
{"attempts":4,"error":"upload_failed","errorAddress":null,"errorCause":null,"errorCode":null,"errorErrno":null,"errorName":"Error","errorPort":null,"errorRequestId":null,"errorStack":"Error: upload_failed\n    at dispatchCloudMiniBatch (file:///C:/Users/POS/speypos-system/speypos-local/src/services/outbox.dispatchers.js:78:11)\n    at process.processTicksAndRejections (node:internal/process/task_queues:95:5)\n    at async processBatch (file:///C:/Users/POS/speypos-system/speypos-local/src/services/outbox.worker.js:38:7)\n    at async tick (file:///C:/Users/POS/speypos-system/speypos-local/src/services/outbox.worker.js:73:5)","errorStatus":null,"errorSyscall":null,"errorType":null,"eventId":"15f63202-d92e-4d45-8546-12acc39dc575","eventType":"cloud.mini_batch","level":"warn","message":"Outbox event dispatch failed","timestamp":"2026-07-25T06:53:14.458Z"}
{"baseUrl":"https://speypos-cloud-api.ryong.net","businessDate":"2026-07-25","level":"info","message":"Cloud sync starting.","orderCount":20,"shiftId":"56ef50c8-9581-4ead-9ea4-2c02d6e15628","storeId":"1","timestamp":"2026-07-25T06:53:14.516Z"}
{"error":"Validation failed","errorAddress":null,"errorCause":null,"errorCode":"invalid_event_batch","errorErrno":null,"errorName":"Error","errorPort":null,"errorRequestId":"28becb1e-fdc7-4efe-8c57-cb5deab6be73","errorStack":"Error: Validation failed\n    at postJson (file:///C:/Users/POS/speypos-system/speypos-local/src/services/cloudIngest.service.js:119:25)\n    at process.processTicksAndRejections (node:internal/process/task_queues:95:5)\n    at async uploadOrdersBatch (file:///C:/Users/POS/speypos-system/speypos-local/src/services/cloudIngest.service.js:170:60)\n    at async dispatchCloudMiniBatch (file:///C:/Users/POS/speypos-system/speypos-local/src/services/outbox.dispatchers.js:75:18)\n    at async processBatch (file:///C:/Users/POS/speypos-system/speypos-local/src/services/outbox.worker.js:38:7)\n    at async tick (file:///C:/Users/POS/speypos-system/speypos-local/src/services/outbox.worker.js:73:5)","errorStatus":422,"errorSyscall":null,"errorType":null,"level":"error","message":"Cloud sync failed.","timestamp":"2026-07-25T06:53:14.676Z"}
{"attempts":6,"error":"upload_failed","errorAddress":null,"errorCause":null,"errorCode":null,"errorErrno":null,"errorName":"Error","errorPort":null,"errorRequestId":null,"errorStack":"Error: upload_failed\n    at dispatchCloudMiniBatch (file:///C:/Users/POS/speypos-system/speypos-local/src/services/outbox.dispatchers.js:78:11)\n    at process.processTicksAndRejections (node:internal/process/task_queues:95:5)\n    at async processBatch (file:///C:/Users/POS/speypos-system/speypos-local/src/services/outbox.worker.js:38:7)\n    at async tick (file:///C:/Users/POS/speypos-system/speypos-local/src/services/outbox.worker.js:73:5)","errorStatus":null,"errorSyscall":null,"errorType":null,"eventId":"9be5db8a-224e-47b9-a437-926426a2db16","eventType":"cloud.mini_batch","level":"warn","message":"Outbox event dispatch failed","timestamp":"2026-07-25T06:53:14.678Z"}
{"baseUrl":"https://speypos-cloud-api.ryong.net","businessDate":"2026-07-25","level":"info","message":"Cloud sync starting.","orderCount":20,"shiftId":"56ef50c8-9581-4ead-9ea4-2c02d6e15628","storeId":"1","timestamp":"2026-07-25T06:53:15.290Z"}
{"error":"Validation failed","errorAddress":null,"errorCause":null,"errorCode":"invalid_event_batch","errorErrno":null,"errorName":"Error","errorPort":null,"errorRequestId":"ecd438ff-9288-4899-8a6b-da2d63daf0b5","errorStack":"Error: Validation failed\n    at postJson (file:///C:/Users/POS/speypos-system/speypos-local/src/services/cloudIngest.service.js:119:25)\n    at process.processTicksAndRejections (node:internal/process/task_queues:95:5)\n    at async uploadOrdersBatch (file:///C:/Users/POS/speypos-system/speypos-local/src/services/cloudIngest.service.js:170:60)\n    at async dispatchCloudMiniBatch (file:///C:/Users/POS/speypos-system/speypos-local/src/services/outbox.dispatchers.js:75:18)\n    at async processBatch (file:///C:/Users/POS/speypos-system/speypos-local/src/services/outbox.worker.js:38:7)\n    at async tick (file:///C:/Users/POS/speypos-system/speypos-local/src/services/outbox.worker.js:73:5)","errorStatus":422,"errorSyscall":null,"errorType":null,"level":"error","message":"Cloud sync failed.","timestamp":"2026-07-25T06:53:15.356Z"}
{"attempts":5,"error":"upload_failed","errorAddress":null,"errorCause":null,"errorCode":null,"errorErrno":null,"errorName":"Error","errorPort":null,"errorRequestId":null,"errorStack":"Error: upload_failed\n    at dispatchCloudMiniBatch (file:///C:/Users/POS/speypos-system/speypos-local/src/services/outbox.dispatchers.js:78:11)\n    at process.processTicksAndRejections (node:internal/process/task_queues:95:5)\n    at async processBatch (file:///C:/Users/POS/speypos-system/speypos-local/src/services/outbox.worker.js:38:7)\n    at async tick (file:///C:/Users/POS/speypos-system/speypos-local/src/services/outbox.worker.js:73:5)","errorStatus":null,"errorSyscall":null,"errorType":null,"eventId":"8f9367f2-bdac-4fcc-8976-ae0f7e6536c4","eventType":"cloud.mini_batch","level":"warn","message":"Outbox event dispatch failed","timestamp":"2026-07-25T06:53:15.357Z"}
{"level":"info","message":"Starting print job for order ID: c6059b35-612b-4ad5-9fb5-14af258ebdfd.","status":"completed","timestamp":"2026-07-25T06:53:15.359Z"}
{"copies":[{"count":1,"variant":"INTERNAL"}],"engine":"canvas","level":"info","message":"Printing 1 variants for order c6059b35-612b-4ad5-9fb5-14af258ebdfd","timestamp":"2026-07-25T06:53:15.359Z"}
{"level":"info","message":"[canvas] Rendering ESC/POS buffer for variant INTERNAL, order c6059b35-612b-4ad5-9fb5-14af258ebdfd.","timestamp":"2026-07-25T06:53:15.360Z"}
{"level":"info","message":"[canvas] Sending copy 1/1 of variant INTERNAL for order c6059b35-612b-4ad5-9fb5-14af258ebdfd.","timestamp":"2026-07-25T06:53:15.370Z"}
{"bufferBytes":23340,"level":"info","message":"ESC/POS transport: preparing to send buffer to printer","printerName":"\\\\localhost\\XP80","timestamp":"2026-07-25T06:53:15.370Z"}
{"bufferBytes":23340,"level":"info","message":"ESC/POS transport: buffer sent successfully","printerName":"\\\\localhost\\XP80","timestamp":"2026-07-25T06:53:15.621Z"}
{"level":"info","message":"Print job for order c6059b35-612b-4ad5-9fb5-14af258ebdfd completed and marked as printed.","timestamp":"2026-07-25T06:53:15.622Z"}
{"level":"info","message":"Telegram message sent successfully.","timestamp":"2026-07-25T06:53:16.478Z"}
{"level":"info","message":"Successfully sent and marked Telegram notification for order c6059b35-612b-4ad5-9fb5-14af258ebdfd","timestamp":"2026-07-25T06:53:16.479Z"}
{"baseUrl":"https://speypos-cloud-api.ryong.net","businessDate":"2026-07-25","level":"info","message":"Cloud sync starting.","orderCount":20,"shiftId":"56ef50c8-9581-4ead-9ea4-2c02d6e15628","storeId":"1","timestamp":"2026-07-25T06:53:16.539Z"}
{"error":"Validation failed","errorAddress":null,"errorCause":null,"errorCode":"invalid_event_batch","errorErrno":null,"errorName":"Error","errorPort":null,"errorRequestId":"97ba66f7-5c09-42b8-b73e-9624f6a78947","errorStack":"Error: Validation failed\n    at postJson (file:///C:/Users/POS/speypos-system/speypos-local/src/services/cloudIngest.service.js:119:25)\n    at process.processTicksAndRejections (node:internal/process/task_queues:95:5)\n    at async uploadOrdersBatch (file:///C:/Users/POS/speypos-system/speypos-local/src/services/cloudIngest.service.js:170:60)\n    at async dispatchCloudMiniBatch (file:///C:/Users/POS/speypos-system/speypos-local/src/services/outbox.dispatchers.js:75:18)\n    at async processBatch (file:///C:/Users/POS/speypos-system/speypos-local/src/services/outbox.worker.js:38:7)\n    at async tick (file:///C:/Users/POS/speypos-system/speypos-local/src/services/outbox.worker.js:73:5)","errorStatus":422,"errorSyscall":null,"errorType":null,"level":"error","message":"Cloud sync failed.","timestamp":"2026-07-25T06:53:16.596Z"}
{"attempts":1,"error":"upload_failed","errorAddress":null,"errorCause":null,"errorCode":null,"errorErrno":null,"errorName":"Error","errorPort":null,"errorRequestId":null,"errorStack":"Error: upload_failed\n    at dispatchCloudMiniBatch (file:///C:/Users/POS/speypos-system/speypos-local/src/services/outbox.dispatchers.js:78:11)\n    at process.processTicksAndRejections (node:internal/process/task_queues:95:5)\n    at async processBatch (file:///C:/Users/POS/speypos-system/speypos-local/src/services/outbox.worker.js:38:7)\n    at async tick (file:///C:/Users/POS/speypos-system/speypos-local/src/services/outbox.worker.js:73:5)","errorStatus":null,"errorSyscall":null,"errorType":null,"eventId":"caaf6f1a-442a-453d-9c5b-2daad0c0fde2","eventType":"cloud.mini_batch","level":"warn","message":"Outbox event dispatch failed","timestamp":"2026-07-25T06:53:16.598Z"}
{"baseUrl":"https://speypos-cloud-api.ryong.net","businessDate":"2026-07-25","level":"info","message":"Cloud sync starting.","orderCount":20,"shiftId":"56ef50c8-9581-4ead-9ea4-2c02d6e15628","storeId":"1","timestamp":"2026-07-25T06:53:18.309Z"}
{"error":"Validation failed","errorAddress":null,"errorCause":null,"errorCode":"invalid_event_batch","errorErrno":null,"errorName":"Error","errorPort":null,"errorRequestId":"b67696ed-e32f-4c55-8aee-3dbc88f7a50f","errorStack":"Error: Validation failed\n    at postJson (file:///C:/Users/POS/speypos-system/speypos-local/src/services/cloudIngest.service.js:119:25)\n    at process.processTicksAndRejections (node:internal/process/task_queues:95:5)\n    at async uploadOrdersBatch (file:///C:/Users/POS/speypos-system/speypos-local/src/services/cloudIngest.service.js:170:60)\n    at async dispatchCloudMiniBatch (file:///C:/Users/POS/speypos-system/speypos-local/src/services/outbox.dispatchers.js:75:18)\n    at async processBatch (file:///C:/Users/POS/speypos-system/speypos-local/src/services/outbox.worker.js:38:7)\n    at async tick (file:///C:/Users/POS/speypos-system/speypos-local/src/services/outbox.worker.js:73:5)","errorStatus":422,"errorSyscall":null,"errorType":null,"level":"error","message":"Cloud sync failed.","timestamp":"2026-07-25T06:53:18.370Z"}
{"attempts":2,"error":"upload_failed","errorAddress":null,"errorCause":null,"errorCode":null,"errorErrno":null,"errorName":"Error","errorPort":null,"errorRequestId":null,"errorStack":"Error: upload_failed\n    at dispatchCloudMiniBatch (file:///C:/Users/POS/speypos-system/speypos-local/src/services/outbox.dispatchers.js:78:11)\n    at process.processTicksAndRejections (node:internal/process/task_queues:95:5)\n    at async processBatch (file:///C:/Users/POS/speypos-system/speypos-local/src/services/outbox.worker.js:38:7)\n    at async tick (file:///C:/Users/POS/speypos-system/speypos-local/src/services/outbox.worker.js:73:5)","errorStatus":null,"errorSyscall":null,"errorType":null,"eventId":"caaf6f1a-442a-453d-9c5b-2daad0c0fde2","eventType":"cloud.mini_batch","level":"warn","message":"Outbox event dispatch failed","timestamp":"2026-07-25T06:53:18.372Z"}
{"baseUrl":"https://speypos-cloud-api.ryong.net","businessDate":"2026-07-25","level":"info","message":"Cloud sync starting.","orderCount":20,"shiftId":"56ef50c8-9581-4ead-9ea4-2c02d6e15628","storeId":"1","timestamp":"2026-07-25T06:53:21.322Z"}
{"error":"Validation failed","errorAddress":null,"errorCause":null,"errorCode":"invalid_event_batch","errorErrno":null,"errorName":"Error","errorPort":null,"errorRequestId":"49eb60c1-cf41-4c94-bcc9-7d55c75a0b3e","errorStack":"Error: Validation failed\n    at postJson (file:///C:/Users/POS/speypos-system/speypos-local/src/services/cloudIngest.service.js:119:25)\n    at process.processTicksAndRejections (node:internal/process/task_queues:95:5)\n    at async uploadOrdersBatch (file:///C:/Users/POS/speypos-system/speypos-local/src/services/cloudIngest.service.js:170:60)\n    at async dispatchCloudMiniBatch (file:///C:/Users/POS/speypos-system/speypos-local/src/services/outbox.dispatchers.js:75:18)\n    at async processBatch (file:///C:/Users/POS/speypos-system/speypos-local/src/services/outbox.worker.js:38:7)\n    at async tick (file:///C:/Users/POS/speypos-system/speypos-local/src/services/outbox.worker.js:73:5)","errorStatus":422,"errorSyscall":null,"errorType":null,"level":"error","message":"Cloud sync failed.","timestamp":"2026-07-25T06:53:21.382Z"}
{"attempts":3,"error":"upload_failed","errorAddress":null,"errorCause":null,"errorCode":null,"errorErrno":null,"errorName":"Error","errorPort":null,"errorRequestId":null,"errorStack":"Error: upload_failed\n    at dispatchCloudMiniBatch (file:///C:/Users/POS/speypos-system/speypos-local/src/services/outbox.dispatchers.js:78:11)\n    at process.processTicksAndRejections (node:internal/process/task_queues:95:5)\n    at async processBatch (file:///C:/Users/POS/speypos-system/speypos-local/src/services/outbox.worker.js:38:7)\n    at async tick (file:///C:/Users/POS/speypos-system/speypos-local/src/services/outbox.worker.js:73:5)","errorStatus":null,"errorSyscall":null,"errorType":null,"eventId":"caaf6f1a-442a-453d-9c5b-2daad0c0fde2","eventType":"cloud.mini_batch","level":"warn","message":"Outbox event dispatch failed","timestamp":"2026-07-25T06:53:21.387Z"}
{"baseUrl":"https://speypos-cloud-api.ryong.net","businessDate":"2026-07-25","level":"info","message":"Cloud sync starting.","orderCount":20,"shiftId":"56ef50c8-9581-4ead-9ea4-2c02d6e15628","storeId":"1","timestamp":"2026-07-25T06:53:23.304Z"}
{"error":"Validation failed","errorAddress":null,"errorCause":null,"errorCode":"invalid_event_batch","errorErrno":null,"errorName":"Error","errorPort":null,"errorRequestId":"e8c47f38-7d52-4ebd-aabd-b619676ad816","errorStack":"Error: Validation failed\n    at postJson (file:///C:/Users/POS/speypos-system/speypos-local/src/services/cloudIngest.service.js:119:25)\n    at process.processTicksAndRejections (node:internal/process/task_queues:95:5)\n    at async uploadOrdersBatch (file:///C:/Users/POS/speypos-system/speypos-local/src/services/cloudIngest.service.js:170:60)\n    at async dispatchCloudMiniBatch (file:///C:/Users/POS/speypos-system/speypos-local/src/services/outbox.dispatchers.js:75:18)\n    at async processBatch (file:///C:/Users/POS/speypos-system/speypos-local/src/services/outbox.worker.js:38:7)\n    at async tick (file:///C:/Users/POS/speypos-system/speypos-local/src/services/outbox.worker.js:73:5)","errorStatus":422,"errorSyscall":null,"errorType":null,"level":"error","message":"Cloud sync failed.","timestamp":"2026-07-25T06:53:23.364Z"}
{"attempts":6,"error":"upload_failed","errorAddress":null,"errorCause":null,"errorCode":null,"errorErrno":null,"errorName":"Error","errorPort":null,"errorRequestId":null,"errorStack":"Error: upload_failed\n    at dispatchCloudMiniBatch (file:///C:/Users/POS/speypos-system/speypos-local/src/services/outbox.dispatchers.js:78:11)\n    at process.processTicksAndRejections (node:internal/process/task_queues:95:5)\n    at async processBatch (file:///C:/Users/POS/speypos-system/speypos-local/src/services/outbox.worker.js:38:7)\n    at async tick (file:///C:/Users/POS/speypos-system/speypos-local/src/services/outbox.worker.js:73:5)","errorStatus":null,"errorSyscall":null,"errorType":null,"eventId":"e1f4c0c9-22b8-48b9-9b4b-7dba62c74761","eventType":"cloud.mini_batch","level":"warn","message":"Outbox event dispatch failed","timestamp":"2026-07-25T06:53:23.365Z"}
{"baseUrl":"https://speypos-cloud-api.ryong.net","businessDate":"2026-07-25","level":"info","message":"Cloud sync starting.","orderCount":20,"shiftId":"56ef50c8-9581-4ead-9ea4-2c02d6e15628","storeId":"1","timestamp":"2026-07-25T06:53:23.425Z"}
{"error":"Validation failed","errorAddress":null,"errorCause":null,"errorCode":"invalid_event_batch","errorErrno":null,"errorName":"Error","errorPort":null,"errorRequestId":"53ed80a4-35ac-4198-89aa-378439f1592f","errorStack":"Error: Validation failed\n    at postJson (file:///C:/Users/POS/speypos-system/speypos-local/src/services/cloudIngest.service.js:119:25)\n    at process.processTicksAndRejections (node:internal/process/task_queues:95:5)\n    at async uploadOrdersBatch (file:///C:/Users/POS/speypos-system/speypos-local/src/services/cloudIngest.service.js:170:60)\n    at async dispatchCloudMiniBatch (file:///C:/Users/POS/speypos-system/speypos-local/src/services/outbox.dispatchers.js:75:18)\n    at async processBatch (file:///C:/Users/POS/speypos-system/speypos-local/src/services/outbox.worker.js:38:7)\n    at async tick (file:///C:/Users/POS/speypos-system/speypos-local/src/services/outbox.worker.js:73:5)","errorStatus":422,"errorSyscall":null,"errorType":null,"level":"error","message":"Cloud sync failed.","timestamp":"2026-07-25T06:53:23.605Z"}
{"attempts":5,"error":"upload_failed","errorAddress":null,"errorCause":null,"errorCode":null,"errorErrno":null,"errorName":"Error","errorPort":null,"errorRequestId":null,"errorStack":"Error: upload_failed\n    at dispatchCloudMiniBatch (file:///C:/Users/POS/speypos-system/speypos-local/src/services/outbox.dispatchers.js:78:11)\n    at process.processTicksAndRejections (node:internal/process/task_queues:95:5)\n    at async processBatch (file:///C:/Users/POS/speypos-system/speypos-local/src/services/outbox.worker.js:38:7)\n    at async tick (file:///C:/Users/POS/speypos-system/speypos-local/src/services/outbox.worker.js:73:5)","errorStatus":null,"errorSyscall":null,"errorType":null,"eventId":"15f63202-d92e-4d45-8546-12acc39dc575","eventType":"cloud.mini_batch","level":"warn","message":"Outbox event dispatch failed","timestamp":"2026-07-25T06:53:23.606Z"}
{"level":"info","message":"Starting print job for order ID: eb41ed39-f27c-4001-aa24-fe0d933138fc.","status":"completed","timestamp":"2026-07-25T06:53:23.608Z"}
{"copies":[{"count":1,"variant":"INTERNAL"}],"engine":"canvas","level":"info","message":"Printing 1 variants for order eb41ed39-f27c-4001-aa24-fe0d933138fc","timestamp":"2026-07-25T06:53:23.608Z"}
{"level":"info","message":"[canvas] Rendering ESC/POS buffer for variant INTERNAL, order eb41ed39-f27c-4001-aa24-fe0d933138fc.","timestamp":"2026-07-25T06:53:23.609Z"}
{"level":"info","message":"[canvas] Sending copy 1/1 of variant INTERNAL for order eb41ed39-f27c-4001-aa24-fe0d933138fc.","timestamp":"2026-07-25T06:53:23.621Z"}
{"bufferBytes":23340,"level":"info","message":"ESC/POS transport: preparing to send buffer to printer","printerName":"\\\\localhost\\XP80","timestamp":"2026-07-25T06:53:23.621Z"}
{"bufferBytes":23340,"level":"info","message":"ESC/POS transport: buffer sent successfully","printerName":"\\\\localhost\\XP80","timestamp":"2026-07-25T06:53:23.875Z"}
{"level":"info","message":"Print job for order eb41ed39-f27c-4001-aa24-fe0d933138fc completed and marked as printed.","timestamp":"2026-07-25T06:53:23.876Z"}
{"level":"info","message":"Telegram message sent successfully.","timestamp":"2026-07-25T06:53:24.770Z"}
{"level":"info","message":"Successfully sent and marked Telegram notification for order eb41ed39-f27c-4001-aa24-fe0d933138fc","timestamp":"2026-07-25T06:53:24.771Z"}
{"baseUrl":"https://speypos-cloud-api.ryong.net","businessDate":"2026-07-25","level":"info","message":"Cloud sync starting.","orderCount":20,"shiftId":"56ef50c8-9581-4ead-9ea4-2c02d6e15628","storeId":"1","timestamp":"2026-07-25T06:53:24.832Z"}
{"error":"Validation failed","errorAddress":null,"errorCause":null,"errorCode":"invalid_event_batch","errorErrno":null,"errorName":"Error","errorPort":null,"errorRequestId":"24258660-6438-41d3-b7ec-60ce6cc62089","errorStack":"Error: Validation failed\n    at postJson (file:///C:/Users/POS/speypos-system/speypos-local/src/services/cloudIngest.service.js:119:25)\n    at process.processTicksAndRejections (node:internal/process/task_queues:95:5)\n    at async uploadOrdersBatch (file:///C:/Users/POS/speypos-system/speypos-local/src/services/cloudIngest.service.js:170:60)\n    at async dispatchCloudMiniBatch (file:///C:/Users/POS/speypos-system/speypos-local/src/services/outbox.dispatchers.js:75:18)\n    at async processBatch (file:///C:/Users/POS/speypos-system/speypos-local/src/services/outbox.worker.js:38:7)\n    at async tick (file:///C:/Users/POS/speypos-system/speypos-local/src/services/outbox.worker.js:73:5)","errorStatus":422,"errorSyscall":null,"errorType":null,"level":"error","message":"Cloud sync failed.","timestamp":"2026-07-25T06:53:24.889Z"}
{"attempts":1,"error":"upload_failed","errorAddress":null,"errorCause":null,"errorCode":null,"errorErrno":null,"errorName":"Error","errorPort":null,"errorRequestId":null,"errorStack":"Error: upload_failed\n    at dispatchCloudMiniBatch (file:///C:/Users/POS/speypos-system/speypos-local/src/services/outbox.dispatchers.js:78:11)\n    at process.processTicksAndRejections (node:internal/process/task_queues:95:5)\n    at async processBatch (file:///C:/Users/POS/speypos-system/speypos-local/src/services/outbox.worker.js:38:7)\n    at async tick (file:///C:/Users/POS/speypos-system/speypos-local/src/services/outbox.worker.js:73:5)","errorStatus":null,"errorSyscall":null,"errorType":null,"eventId":"23d93ee1-ded4-4648-b07a-c1ff1e20f2a9","eventType":"cloud.mini_batch","level":"warn","message":"Outbox event dispatch failed","timestamp":"2026-07-25T06:53:24.890Z"}
{"baseUrl":"https://speypos-cloud-api.ryong.net","businessDate":"2026-07-25","level":"info","message":"Cloud sync starting.","orderCount":20,"shiftId":"56ef50c8-9581-4ead-9ea4-2c02d6e15628","storeId":"1","timestamp":"2026-07-25T06:53:26.334Z"}
{"error":"Validation failed","errorAddress":null,"errorCause":null,"errorCode":"invalid_event_batch","errorErrno":null,"errorName":"Error","errorPort":null,"errorRequestId":"4502b052-cc1a-4c00-8158-c877fa909445","errorStack":"Error: Validation failed\n    at postJson (file:///C:/Users/POS/speypos-system/speypos-local/src/services/cloudIngest.service.js:119:25)\n    at process.processTicksAndRejections (node:internal/process/task_queues:95:5)\n    at async uploadOrdersBatch (file:///C:/Users/POS/speypos-system/speypos-local/src/services/cloudIngest.service.js:170:60)\n    at async dispatchCloudMiniBatch (file:///C:/Users/POS/speypos-system/speypos-local/src/services/outbox.dispatchers.js:75:18)\n    at async processBatch (file:///C:/Users/POS/speypos-system/speypos-local/src/services/outbox.worker.js:38:7)\n    at async tick (file:///C:/Users/POS/speypos-system/speypos-local/src/services/outbox.worker.js:73:5)","errorStatus":422,"errorSyscall":null,"errorType":null,"level":"error","message":"Cloud sync failed.","timestamp":"2026-07-25T06:53:26.392Z"}
{"attempts":4,"error":"upload_failed","errorAddress":null,"errorCause":null,"errorCode":null,"errorErrno":null,"errorName":"Error","errorPort":null,"errorRequestId":null,"errorStack":"Error: upload_failed\n    at dispatchCloudMiniBatch (file:///C:/Users/POS/speypos-system/speypos-local/src/services/outbox.dispatchers.js:78:11)\n    at process.processTicksAndRejections (node:internal/process/task_queues:95:5)\n    at async processBatch (file:///C:/Users/POS/speypos-system/speypos-local/src/services/outbox.worker.js:38:7)\n    at async tick (file:///C:/Users/POS/speypos-system/speypos-local/src/services/outbox.worker.js:73:5)","errorStatus":null,"errorSyscall":null,"errorType":null,"eventId":"caaf6f1a-442a-453d-9c5b-2daad0c0fde2","eventType":"cloud.mini_batch","level":"warn","message":"Outbox event dispatch failed","timestamp":"2026-07-25T06:53:26.393Z"}
{"baseUrl":"https://speypos-cloud-api.ryong.net","businessDate":"2026-07-25","level":"info","message":"Cloud sync starting.","orderCount":20,"shiftId":"56ef50c8-9581-4ead-9ea4-2c02d6e15628","storeId":"1","timestamp":"2026-07-25T06:53:26.438Z"}
{"error":"Validation failed","errorAddress":null,"errorCause":null,"errorCode":"invalid_event_batch","errorErrno":null,"errorName":"Error","errorPort":null,"errorRequestId":"05c72aba-e2d9-48fb-b805-8ae05c9ee6ae","errorStack":"Error: Validation failed\n    at postJson (file:///C:/Users/POS/speypos-system/speypos-local/src/services/cloudIngest.service.js:119:25)\n    at process.processTicksAndRejections (node:internal/process/task_queues:95:5)\n    at async uploadOrdersBatch (file:///C:/Users/POS/speypos-system/speypos-local/src/services/cloudIngest.service.js:170:60)\n    at async dispatchCloudMiniBatch (file:///C:/Users/POS/speypos-system/speypos-local/src/services/outbox.dispatchers.js:75:18)\n    at async processBatch (file:///C:/Users/POS/speypos-system/speypos-local/src/services/outbox.worker.js:38:7)\n    at async tick (file:///C:/Users/POS/speypos-system/speypos-local/src/services/outbox.worker.js:73:5)","errorStatus":422,"errorSyscall":null,"errorType":null,"level":"error","message":"Cloud sync failed.","timestamp":"2026-07-25T06:53:26.495Z"}
{"attempts":2,"error":"upload_failed","errorAddress":null,"errorCause":null,"errorCode":null,"errorErrno":null,"errorName":"Error","errorPort":null,"errorRequestId":null,"errorStack":"Error: upload_failed\n    at dispatchCloudMiniBatch (file:///C:/Users/POS/speypos-system/speypos-local/src/services/outbox.dispatchers.js:78:11)\n    at process.processTicksAndRejections (node:internal/process/task_queues:95:5)\n    at async processBatch (file:///C:/Users/POS/speypos-system/speypos-local/src/services/outbox.worker.js:38:7)\n    at async tick (file:///C:/Users/POS/speypos-system/speypos-local/src/services/outbox.worker.js:73:5)","errorStatus":null,"errorSyscall":null,"errorType":null,"eventId":"23d93ee1-ded4-4648-b07a-c1ff1e20f2a9","eventType":"cloud.mini_batch","level":"warn","message":"Outbox event dispatch failed","timestamp":"2026-07-25T06:53:26.497Z"}
{"baseUrl":"https://speypos-cloud-api.ryong.net","businessDate":"2026-07-25","level":"info","message":"Cloud sync starting.","orderCount":20,"shiftId":"56ef50c8-9581-4ead-9ea4-2c02d6e15628","storeId":"1","timestamp":"2026-07-25T06:53:29.342Z"}
{"error":"Validation failed","errorAddress":null,"errorCause":null,"errorCode":"invalid_event_batch","errorErrno":null,"errorName":"Error","errorPort":null,"errorRequestId":"40115d2b-1266-4f80-9fb4-0710d6af9077","errorStack":"Error: Validation failed\n    at postJson (file:///C:/Users/POS/speypos-system/speypos-local/src/services/cloudIngest.service.js:119:25)\n    at process.processTicksAndRejections (node:internal/process/task_queues:95:5)\n    at async uploadOrdersBatch (file:///C:/Users/POS/speypos-system/speypos-local/src/services/cloudIngest.service.js:170:60)\n    at async dispatchCloudMiniBatch (file:///C:/Users/POS/speypos-system/speypos-local/src/services/outbox.dispatchers.js:75:18)\n    at async processBatch (file:///C:/Users/POS/speypos-system/speypos-local/src/services/outbox.worker.js:38:7)\n    at async tick (file:///C:/Users/POS/speypos-system/speypos-local/src/services/outbox.worker.js:73:5)","errorStatus":422,"errorSyscall":null,"errorType":null,"level":"error","message":"Cloud sync failed.","timestamp":"2026-07-25T06:53:29.405Z"}
{"attempts":3,"error":"upload_failed","errorAddress":null,"errorCause":null,"errorCode":null,"errorErrno":null,"errorName":"Error","errorPort":null,"errorRequestId":null,"errorStack":"Error: upload_failed\n    at dispatchCloudMiniBatch (file:///C:/Users/POS/speypos-system/speypos-local/src/services/outbox.dispatchers.js:78:11)\n    at process.processTicksAndRejections (node:internal/process/task_queues:95:5)\n    at async processBatch (file:///C:/Users/POS/speypos-system/speypos-local/src/services/outbox.worker.js:38:7)\n    at async tick (file:///C:/Users/POS/speypos-system/speypos-local/src/services/outbox.worker.js:73:5)","errorStatus":null,"errorSyscall":null,"errorType":null,"eventId":"23d93ee1-ded4-4648-b07a-c1ff1e20f2a9","eventType":"cloud.mini_batch","level":"warn","message":"Outbox event dispatch failed","timestamp":"2026-07-25T06:53:29.406Z"}
{"level":"info","message":"Starting print job for order ID: f12a9e82-403f-43f6-925f-7b909de78e9f.","status":"completed","timestamp":"2026-07-25T06:53:32.307Z"}
{"copies":[{"count":1,"variant":"INTERNAL"}],"engine":"canvas","level":"info","message":"Printing 1 variants for order f12a9e82-403f-43f6-925f-7b909de78e9f","timestamp":"2026-07-25T06:53:32.308Z"}
{"level":"info","message":"[canvas] Rendering ESC/POS buffer for variant INTERNAL, order f12a9e82-403f-43f6-925f-7b909de78e9f.","timestamp":"2026-07-25T06:53:32.308Z"}
{"level":"info","message":"[canvas] Sending copy 1/1 of variant INTERNAL for order f12a9e82-403f-43f6-925f-7b909de78e9f.","timestamp":"2026-07-25T06:53:32.328Z"}
{"bufferBytes":23340,"level":"info","message":"ESC/POS transport: preparing to send buffer to printer","printerName":"\\\\localhost\\XP80","timestamp":"2026-07-25T06:53:32.328Z"}
{"bufferBytes":23340,"level":"info","message":"ESC/POS transport: buffer sent successfully","printerName":"\\\\localhost\\XP80","timestamp":"2026-07-25T06:53:32.589Z"}
{"level":"info","message":"Print job for order f12a9e82-403f-43f6-925f-7b909de78e9f completed and marked as printed.","timestamp":"2026-07-25T06:53:32.591Z"}
{"baseUrl":"https://speypos-cloud-api.ryong.net","businessDate":"2026-07-25","level":"info","message":"Cloud sync starting.","orderCount":20,"shiftId":"56ef50c8-9581-4ead-9ea4-2c02d6e15628","storeId":"1","timestamp":"2026-07-25T06:53:32.646Z"}
{"error":"Validation failed","errorAddress":null,"errorCause":null,"errorCode":"invalid_event_batch","errorErrno":null,"errorName":"Error","errorPort":null,"errorRequestId":"207c7233-d0cb-496b-935f-e0a6d03b0a1d","errorStack":"Error: Validation failed\n    at postJson (file:///C:/Users/POS/speypos-system/speypos-local/src/services/cloudIngest.service.js:119:25)\n    at process.processTicksAndRejections (node:internal/process/task_queues:95:5)\n    at async uploadOrdersBatch (file:///C:/Users/POS/speypos-system/speypos-local/src/services/cloudIngest.service.js:170:60)\n    at async dispatchCloudMiniBatch (file:///C:/Users/POS/speypos-system/speypos-local/src/services/outbox.dispatchers.js:75:18)\n    at async processBatch (file:///C:/Users/POS/speypos-system/speypos-local/src/services/outbox.worker.js:38:7)\n    at async tick (file:///C:/Users/POS/speypos-system/speypos-local/src/services/outbox.worker.js:73:5)","errorStatus":422,"errorSyscall":null,"errorType":null,"level":"error","message":"Cloud sync failed.","timestamp":"2026-07-25T06:53:32.706Z"}
{"attempts":1,"error":"upload_failed","errorAddress":null,"errorCause":null,"errorCode":null,"errorErrno":null,"errorName":"Error","errorPort":null,"errorRequestId":null,"errorStack":"Error: upload_failed\n    at dispatchCloudMiniBatch (file:///C:/Users/POS/speypos-system/speypos-local/src/services/outbox.dispatchers.js:78:11)\n    at process.processTicksAndRejections (node:internal/process/task_queues:95:5)\n    at async processBatch (file:///C:/Users/POS/speypos-system/speypos-local/src/services/outbox.worker.js:38:7)\n    at async tick (file:///C:/Users/POS/speypos-system/speypos-local/src/services/outbox.worker.js:73:5)","errorStatus":null,"errorSyscall":null,"errorType":null,"eventId":"4ea248d3-f68b-4983-bb7f-6ef862c55a58","eventType":"cloud.mini_batch","level":"warn","message":"Outbox event dispatch failed","timestamp":"2026-07-25T06:53:32.707Z"}
{"level":"info","message":"Telegram message sent successfully.","timestamp":"2026-07-25T06:53:33.549Z"}
{"level":"info","message":"Successfully sent and marked Telegram notification for order f12a9e82-403f-43f6-925f-7b909de78e9f","timestamp":"2026-07-25T06:53:33.551Z"}
{"baseUrl":"https://speypos-cloud-api.ryong.net","businessDate":"2026-07-25","level":"info","message":"Cloud sync starting.","orderCount":20,"shiftId":"56ef50c8-9581-4ead-9ea4-2c02d6e15628","storeId":"1","timestamp":"2026-07-25T06:53:33.617Z"}
{"error":"Validation failed","errorAddress":null,"errorCause":null,"errorCode":"invalid_event_batch","errorErrno":null,"errorName":"Error","errorPort":null,"errorRequestId":"6a02622b-174b-45d6-bcae-d342eb3fc31c","errorStack":"Error: Validation failed\n    at postJson (file:///C:/Users/POS/speypos-system/speypos-local/src/services/cloudIngest.service.js:119:25)\n    at process.processTicksAndRejections (node:internal/process/task_queues:95:5)\n    at async uploadOrdersBatch (file:///C:/Users/POS/speypos-system/speypos-local/src/services/cloudIngest.service.js:170:60)\n    at async dispatchCloudMiniBatch (file:///C:/Users/POS/speypos-system/speypos-local/src/services/outbox.dispatchers.js:75:18)\n    at async processBatch (file:///C:/Users/POS/speypos-system/speypos-local/src/services/outbox.worker.js:38:7)\n    at async tick (file:///C:/Users/POS/speypos-system/speypos-local/src/services/outbox.worker.js:73:5)","errorStatus":422,"errorSyscall":null,"errorType":null,"level":"error","message":"Cloud sync failed.","timestamp":"2026-07-25T06:53:33.682Z"}
{"attempts":6,"error":"upload_failed","errorAddress":null,"errorCause":null,"errorCode":null,"errorErrno":null,"errorName":"Error","errorPort":null,"errorRequestId":null,"errorStack":"Error: upload_failed\n    at dispatchCloudMiniBatch (file:///C:/Users/POS/speypos-system/speypos-local/src/services/outbox.dispatchers.js:78:11)\n    at process.processTicksAndRejections (node:internal/process/task_queues:95:5)\n    at async processBatch (file:///C:/Users/POS/speypos-system/speypos-local/src/services/outbox.worker.js:38:7)\n    at async tick (file:///C:/Users/POS/speypos-system/speypos-local/src/services/outbox.worker.js:73:5)","errorStatus":null,"errorSyscall":null,"errorType":null,"eventId":"8f9367f2-bdac-4fcc-8976-ae0f7e6536c4","eventType":"cloud.mini_batch","level":"warn","message":"Outbox event dispatch failed","timestamp":"2026-07-25T06:53:33.685Z"}
{"baseUrl":"https://speypos-cloud-api.ryong.net","businessDate":"2026-07-25","level":"info","message":"Cloud sync starting.","orderCount":20,"shiftId":"56ef50c8-9581-4ead-9ea4-2c02d6e15628","storeId":"1","timestamp":"2026-07-25T06:53:34.363Z"}
{"error":"Validation failed","errorAddress":null,"errorCause":null,"errorCode":"invalid_event_batch","errorErrno":null,"errorName":"Error","errorPort":null,"errorRequestId":"4ad1611b-5a82-4d4a-b0f7-64fb58b7bb0c","errorStack":"Error: Validation failed\n    at postJson (file:///C:/Users/POS/speypos-system/speypos-local/src/services/cloudIngest.service.js:119:25)\n    at process.processTicksAndRejections (node:internal/process/task_queues:95:5)\n    at async uploadOrdersBatch (file:///C:/Users/POS/speypos-system/speypos-local/src/services/cloudIngest.service.js:170:60)\n    at async dispatchCloudMiniBatch (file:///C:/Users/POS/speypos-system/speypos-local/src/services/outbox.dispatchers.js:75:18)\n    at async processBatch (file:///C:/Users/POS/speypos-system/speypos-local/src/services/outbox.worker.js:38:7)\n    at async tick (file:///C:/Users/POS/speypos-system/speypos-local/src/services/outbox.worker.js:73:5)","errorStatus":422,"errorSyscall":null,"errorType":null,"level":"error","message":"Cloud sync failed.","timestamp":"2026-07-25T06:53:34.422Z"}
{"attempts":7,"error":"upload_failed","errorAddress":null,"errorCause":null,"errorCode":null,"errorErrno":null,"errorName":"Error","errorPort":null,"errorRequestId":null,"errorStack":"Error: upload_failed\n    at dispatchCloudMiniBatch (file:///C:/Users/POS/speypos-system/speypos-local/src/services/outbox.dispatchers.js:78:11)\n    at process.processTicksAndRejections (node:internal/process/task_queues:95:5)\n    at async processBatch (file:///C:/Users/POS/speypos-system/speypos-local/src/services/outbox.worker.js:38:7)\n    at async tick (file:///C:/Users/POS/speypos-system/speypos-local/src/services/outbox.worker.js:73:5)","errorStatus":null,"errorSyscall":null,"errorType":null,"eventId":"cd70cd96-ac87-404f-a6c7-31df13b6a3ab","eventType":"cloud.mini_batch","level":"warn","message":"Outbox event dispatch failed","timestamp":"2026-07-25T06:53:34.424Z"}
{"baseUrl":"https://speypos-cloud-api.ryong.net","businessDate":"2026-07-25","level":"info","message":"Cloud sync starting.","orderCount":20,"shiftId":"56ef50c8-9581-4ead-9ea4-2c02d6e15628","storeId":"1","timestamp":"2026-07-25T06:53:34.491Z"}
{"error":"Validation failed","errorAddress":null,"errorCause":null,"errorCode":"invalid_event_batch","errorErrno":null,"errorName":"Error","errorPort":null,"errorRequestId":"dbe7a98c-815d-4396-8582-1386f97ff3c9","errorStack":"Error: Validation failed\n    at postJson (file:///C:/Users/POS/speypos-system/speypos-local/src/services/cloudIngest.service.js:119:25)\n    at process.processTicksAndRejections (node:internal/process/task_queues:95:5)\n    at async uploadOrdersBatch (file:///C:/Users/POS/speypos-system/speypos-local/src/services/cloudIngest.service.js:170:60)\n    at async dispatchCloudMiniBatch (file:///C:/Users/POS/speypos-system/speypos-local/src/services/outbox.dispatchers.js:75:18)\n    at async processBatch (file:///C:/Users/POS/speypos-system/speypos-local/src/services/outbox.worker.js:38:7)\n    at async tick (file:///C:/Users/POS/speypos-system/speypos-local/src/services/outbox.worker.js:73:5)","errorStatus":422,"errorSyscall":null,"errorType":null,"level":"error","message":"Cloud sync failed.","timestamp":"2026-07-25T06:53:34.659Z"}
{"attempts":4,"error":"upload_failed","errorAddress":null,"errorCause":null,"errorCode":null,"errorErrno":null,"errorName":"Error","errorPort":null,"errorRequestId":null,"errorStack":"Error: upload_failed\n    at dispatchCloudMiniBatch (file:///C:/Users/POS/speypos-system/speypos-local/src/services/outbox.dispatchers.js:78:11)\n    at process.processTicksAndRejections (node:internal/process/task_queues:95:5)\n    at async processBatch (file:///C:/Users/POS/speypos-system/speypos-local/src/services/outbox.worker.js:38:7)\n    at async tick (file:///C:/Users/POS/speypos-system/speypos-local/src/services/outbox.worker.js:73:5)","errorStatus":null,"errorSyscall":null,"errorType":null,"eventId":"23d93ee1-ded4-4648-b07a-c1ff1e20f2a9","eventType":"cloud.mini_batch","level":"warn","message":"Outbox event dispatch failed","timestamp":"2026-07-25T06:53:34.661Z"}
{"baseUrl":"https://speypos-cloud-api.ryong.net","businessDate":"2026-07-25","level":"info","message":"Cloud sync starting.","orderCount":20,"shiftId":"56ef50c8-9581-4ead-9ea4-2c02d6e15628","storeId":"1","timestamp":"2026-07-25T06:53:34.736Z"}
{"error":"Validation failed","errorAddress":null,"errorCause":null,"errorCode":"invalid_event_batch","errorErrno":null,"errorName":"Error","errorPort":null,"errorRequestId":"f1cf9f9f-ba12-4f07-b17f-d59f93718032","errorStack":"Error: Validation failed\n    at postJson (file:///C:/Users/POS/speypos-system/speypos-local/src/services/cloudIngest.service.js:119:25)\n    at process.processTicksAndRejections (node:internal/process/task_queues:95:5)\n    at async uploadOrdersBatch (file:///C:/Users/POS/speypos-system/speypos-local/src/services/cloudIngest.service.js:170:60)\n    at async dispatchCloudMiniBatch (file:///C:/Users/POS/speypos-system/speypos-local/src/services/outbox.dispatchers.js:75:18)\n    at async processBatch (file:///C:/Users/POS/speypos-system/speypos-local/src/services/outbox.worker.js:38:7)\n    at async tick (file:///C:/Users/POS/speypos-system/speypos-local/src/services/outbox.worker.js:73:5)","errorStatus":422,"errorSyscall":null,"errorType":null,"level":"error","message":"Cloud sync failed.","timestamp":"2026-07-25T06:53:34.793Z"}
{"attempts":2,"error":"upload_failed","errorAddress":null,"errorCause":null,"errorCode":null,"errorErrno":null,"errorName":"Error","errorPort":null,"errorRequestId":null,"errorStack":"Error: upload_failed\n    at dispatchCloudMiniBatch (file:///C:/Users/POS/speypos-system/speypos-local/src/services/outbox.dispatchers.js:78:11)\n    at process.processTicksAndRejections (node:internal/process/task_queues:95:5)\n    at async processBatch (file:///C:/Users/POS/speypos-system/speypos-local/src/services/outbox.worker.js:38:7)\n    at async tick (file:///C:/Users/POS/speypos-system/speypos-local/src/services/outbox.worker.js:73:5)","errorStatus":null,"errorSyscall":null,"errorType":null,"eventId":"4ea248d3-f68b-4983-bb7f-6ef862c55a58","eventType":"cloud.mini_batch","level":"warn","message":"Outbox event dispatch failed","timestamp":"2026-07-25T06:53:34.795Z"}
{"baseUrl":"https://speypos-cloud-api.ryong.net","businessDate":"2026-07-25","level":"info","message":"Cloud sync starting.","orderCount":20,"shiftId":"56ef50c8-9581-4ead-9ea4-2c02d6e15628","storeId":"1","timestamp":"2026-07-25T06:53:35.362Z"}
{"error":"Validation failed","errorAddress":null,"errorCause":null,"errorCode":"invalid_event_batch","errorErrno":null,"errorName":"Error","errorPort":null,"errorRequestId":"7509e2fc-48e0-4783-ae38-0b19bac84b00","errorStack":"Error: Validation failed\n    at postJson (file:///C:/Users/POS/speypos-system/speypos-local/src/services/cloudIngest.service.js:119:25)\n    at process.processTicksAndRejections (node:internal/process/task_queues:95:5)\n    at async uploadOrdersBatch (file:///C:/Users/POS/speypos-system/speypos-local/src/services/cloudIngest.service.js:170:60)\n    at async dispatchCloudMiniBatch (file:///C:/Users/POS/speypos-system/speypos-local/src/services/outbox.dispatchers.js:75:18)\n    at async processBatch (file:///C:/Users/POS/speypos-system/speypos-local/src/services/outbox.worker.js:38:7)\n    at async tick (file:///C:/Users/POS/speypos-system/speypos-local/src/services/outbox.worker.js:73:5)","errorStatus":422,"errorSyscall":null,"errorType":null,"level":"error","message":"Cloud sync failed.","timestamp":"2026-07-25T06:53:35.429Z"}
{"attempts":5,"error":"upload_failed","errorAddress":null,"errorCause":null,"errorCode":null,"errorErrno":null,"errorName":"Error","errorPort":null,"errorRequestId":null,"errorStack":"Error: upload_failed\n    at dispatchCloudMiniBatch (file:///C:/Users/POS/speypos-system/speypos-local/src/services/outbox.dispatchers.js:78:11)\n    at process.processTicksAndRejections (node:internal/process/task_queues:95:5)\n    at async processBatch (file:///C:/Users/POS/speypos-system/speypos-local/src/services/outbox.worker.js:38:7)\n    at async tick (file:///C:/Users/POS/speypos-system/speypos-local/src/services/outbox.worker.js:73:5)","errorStatus":null,"errorSyscall":null,"errorType":null,"eventId":"caaf6f1a-442a-453d-9c5b-2daad0c0fde2","eventType":"cloud.mini_batch","level":"warn","message":"Outbox event dispatch failed","timestamp":"2026-07-25T06:53:35.429Z"}
{"baseUrl":"https://speypos-cloud-api.ryong.net","businessDate":"2026-07-25","level":"info","message":"Cloud sync starting.","orderCount":20,"shiftId":"56ef50c8-9581-4ead-9ea4-2c02d6e15628","storeId":"1","timestamp":"2026-07-25T06:53:37.374Z"}
{"error":"Validation failed","errorAddress":null,"errorCause":null,"errorCode":"invalid_event_batch","errorErrno":null,"errorName":"Error","errorPort":null,"errorRequestId":"826b9488-d74d-4c9b-a7ea-a19ee6d2b1c2","errorStack":"Error: Validation failed\n    at postJson (file:///C:/Users/POS/speypos-system/speypos-local/src/services/cloudIngest.service.js:119:25)\n    at process.processTicksAndRejections (node:internal/process/task_queues:95:5)\n    at async uploadOrdersBatch (file:///C:/Users/POS/speypos-system/speypos-local/src/services/cloudIngest.service.js:170:60)\n    at async dispatchCloudMiniBatch (file:///C:/Users/POS/speypos-system/speypos-local/src/services/outbox.dispatchers.js:75:18)\n    at async processBatch (file:///C:/Users/POS/speypos-system/speypos-local/src/services/outbox.worker.js:38:7)\n    at async tick (file:///C:/Users/POS/speypos-system/speypos-local/src/services/outbox.worker.js:73:5)","errorStatus":422,"errorSyscall":null,"errorType":null,"level":"error","message":"Cloud sync failed.","timestamp":"2026-07-25T06:53:37.440Z"}
{"attempts":3,"error":"upload_failed","errorAddress":null,"errorCause":null,"errorCode":null,"errorErrno":null,"errorName":"Error","errorPort":null,"errorRequestId":null,"errorStack":"Error: upload_failed\n    at dispatchCloudMiniBatch (file:///C:/Users/POS/speypos-system/speypos-local/src/services/outbox.dispatchers.js:78:11)\n    at process.processTicksAndRejections (node:internal/process/task_queues:95:5)\n    at async processBatch (file:///C:/Users/POS/speypos-system/speypos-local/src/services/outbox.worker.js:38:7)\n    at async tick (file:///C:/Users/POS/speypos-system/speypos-local/src/services/outbox.worker.js:73:5)","errorStatus":null,"errorSyscall":null,"errorType":null,"eventId":"4ea248d3-f68b-4983-bb7f-6ef862c55a58","eventType":"cloud.mini_batch","level":"warn","message":"Outbox event dispatch failed","timestamp":"2026-07-25T06:53:37.441Z"}
{"baseUrl":"https://speypos-cloud-api.ryong.net","businessDate":"2026-07-25","level":"info","message":"Cloud sync starting.","orderCount":20,"shiftId":"56ef50c8-9581-4ead-9ea4-2c02d6e15628","storeId":"1","timestamp":"2026-07-25T06:53:40.388Z"}
{"error":"Validation failed","errorAddress":null,"errorCause":null,"errorCode":"invalid_event_batch","errorErrno":null,"errorName":"Error","errorPort":null,"errorRequestId":"e02dcdc3-6ead-48f1-a796-c23623b1eaa0","errorStack":"Error: Validation failed\n    at postJson (file:///C:/Users/POS/speypos-system/speypos-local/src/services/cloudIngest.service.js:119:25)\n    at process.processTicksAndRejections (node:internal/process/task_queues:95:5)\n    at async uploadOrdersBatch (file:///C:/Users/POS/speypos-system/speypos-local/src/services/cloudIngest.service.js:170:60)\n    at async dispatchCloudMiniBatch (file:///C:/Users/POS/speypos-system/speypos-local/src/services/outbox.dispatchers.js:75:18)\n    at async processBatch (file:///C:/Users/POS/speypos-system/speypos-local/src/services/outbox.worker.js:38:7)\n    at async tick (file:///C:/Users/POS/speypos-system/speypos-local/src/services/outbox.worker.js:73:5)","errorStatus":422,"errorSyscall":null,"errorType":null,"level":"error","message":"Cloud sync failed.","timestamp":"2026-07-25T06:53:40.451Z"}
{"attempts":6,"error":"upload_failed","errorAddress":null,"errorCause":null,"errorCode":null,"errorErrno":null,"errorName":"Error","errorPort":null,"errorRequestId":null,"errorStack":"Error: upload_failed\n    at dispatchCloudMiniBatch (file:///C:/Users/POS/speypos-system/speypos-local/src/services/outbox.dispatchers.js:78:11)\n    at process.processTicksAndRejections (node:internal/process/task_queues:95:5)\n    at async processBatch (file:///C:/Users/POS/speypos-system/speypos-local/src/services/outbox.worker.js:38:7)\n    at async tick (file:///C:/Users/POS/speypos-system/speypos-local/src/services/outbox.worker.js:73:5)","errorStatus":null,"errorSyscall":null,"errorType":null,"eventId":"15f63202-d92e-4d45-8546-12acc39dc575","eventType":"cloud.mini_batch","level":"warn","message":"Outbox event dispatch failed","timestamp":"2026-07-25T06:53:40.452Z"}
{"baseUrl":"https://speypos-cloud-api.ryong.net","businessDate":"2026-07-25","level":"info","message":"Cloud sync starting.","orderCount":20,"shiftId":"56ef50c8-9581-4ead-9ea4-2c02d6e15628","storeId":"1","timestamp":"2026-07-25T06:53:42.413Z"}
{"error":"Validation failed","errorAddress":null,"errorCause":null,"errorCode":"invalid_event_batch","errorErrno":null,"errorName":"Error","errorPort":null,"errorRequestId":"dbbb258e-a2c0-4c61-bf5e-43d5b38baece","errorStack":"Error: Validation failed\n    at postJson (file:///C:/Users/POS/speypos-system/speypos-local/src/services/cloudIngest.service.js:119:25)\n    at process.processTicksAndRejections (node:internal/process/task_queues:95:5)\n    at async uploadOrdersBatch (file:///C:/Users/POS/speypos-system/speypos-local/src/services/cloudIngest.service.js:170:60)\n    at async dispatchCloudMiniBatch (file:///C:/Users/POS/speypos-system/speypos-local/src/services/outbox.dispatchers.js:75:18)\n    at async processBatch (file:///C:/Users/POS/speypos-system/speypos-local/src/services/outbox.worker.js:38:7)\n    at async tick (file:///C:/Users/POS/speypos-system/speypos-local/src/services/outbox.worker.js:73:5)","errorStatus":422,"errorSyscall":null,"errorType":null,"level":"error","message":"Cloud sync failed.","timestamp":"2026-07-25T06:53:42.477Z"}
{"attempts":4,"error":"upload_failed","errorAddress":null,"errorCause":null,"errorCode":null,"errorErrno":null,"errorName":"Error","errorPort":null,"errorRequestId":null,"errorStack":"Error: upload_failed\n    at dispatchCloudMiniBatch (file:///C:/Users/POS/speypos-system/speypos-local/src/services/outbox.dispatchers.js:78:11)\n    at process.processTicksAndRejections (node:internal/process/task_queues:95:5)\n    at async processBatch (file:///C:/Users/POS/speypos-system/speypos-local/src/services/outbox.worker.js:38:7)\n    at async tick (file:///C:/Users/POS/speypos-system/speypos-local/src/services/outbox.worker.js:73:5)","errorStatus":null,"errorSyscall":null,"errorType":null,"eventId":"4ea248d3-f68b-4983-bb7f-6ef862c55a58","eventType":"cloud.mini_batch","level":"warn","message":"Outbox event dispatch failed","timestamp":"2026-07-25T06:53:42.479Z"}
{"level":"info","message":"Starting print job for order ID: 0a5a58fa-38de-4604-9974-e1eff5277873.","status":"completed","timestamp":"2026-07-25T06:53:42.488Z"}
{"copies":[{"count":1,"variant":"INTERNAL"}],"engine":"canvas","level":"info","message":"Printing 1 variants for order 0a5a58fa-38de-4604-9974-e1eff5277873","timestamp":"2026-07-25T06:53:42.488Z"}
{"level":"info","message":"[canvas] Rendering ESC/POS buffer for variant INTERNAL, order 0a5a58fa-38de-4604-9974-e1eff5277873.","timestamp":"2026-07-25T06:53:42.488Z"}
{"level":"info","message":"[canvas] Sending copy 1/1 of variant INTERNAL for order 0a5a58fa-38de-4604-9974-e1eff5277873.","timestamp":"2026-07-25T06:53:42.512Z"}
{"bufferBytes":23340,"level":"info","message":"ESC/POS transport: preparing to send buffer to printer","printerName":"\\\\localhost\\XP80","timestamp":"2026-07-25T06:53:42.513Z"}
{"bufferBytes":23340,"level":"info","message":"ESC/POS transport: buffer sent successfully","printerName":"\\\\localhost\\XP80","timestamp":"2026-07-25T06:53:42.775Z"}
{"level":"info","message":"Print job for order 0a5a58fa-38de-4604-9974-e1eff5277873 completed and marked as printed.","timestamp":"2026-07-25T06:53:42.776Z"}
{"level":"info","message":"Telegram message sent successfully.","timestamp":"2026-07-25T06:53:43.644Z"}
{"level":"info","message":"Successfully sent and marked Telegram notification for order 0a5a58fa-38de-4604-9974-e1eff5277873","timestamp":"2026-07-25T06:53:43.645Z"}
{"baseUrl":"https://speypos-cloud-api.ryong.net","businessDate":"2026-07-25","level":"info","message":"Cloud sync starting.","orderCount":20,"shiftId":"56ef50c8-9581-4ead-9ea4-2c02d6e15628","storeId":"1","timestamp":"2026-07-25T06:53:43.704Z"}
{"error":"Validation failed","errorAddress":null,"errorCause":null,"errorCode":"invalid_event_batch","errorErrno":null,"errorName":"Error","errorPort":null,"errorRequestId":"1f51016f-9d89-475d-b7d7-8f7d6dfd74d1","errorStack":"Error: Validation failed\n    at postJson (file:///C:/Users/POS/speypos-system/speypos-local/src/services/cloudIngest.service.js:119:25)\n    at process.processTicksAndRejections (node:internal/process/task_queues:95:5)\n    at async uploadOrdersBatch (file:///C:/Users/POS/speypos-system/speypos-local/src/services/cloudIngest.service.js:170:60)\n    at async dispatchCloudMiniBatch (file:///C:/Users/POS/speypos-system/speypos-local/src/services/outbox.dispatchers.js:75:18)\n    at async processBatch (file:///C:/Users/POS/speypos-system/speypos-local/src/services/outbox.worker.js:38:7)\n    at async tick (file:///C:/Users/POS/speypos-system/speypos-local/src/services/outbox.worker.js:73:5)","errorStatus":422,"errorSyscall":null,"errorType":null,"level":"error","message":"Cloud sync failed.","timestamp":"2026-07-25T06:53:43.763Z"}
{"attempts":1,"error":"upload_failed","errorAddress":null,"errorCause":null,"errorCode":null,"errorErrno":null,"errorName":"Error","errorPort":null,"errorRequestId":null,"errorStack":"Error: upload_failed\n    at dispatchCloudMiniBatch (file:///C:/Users/POS/speypos-system/speypos-local/src/services/outbox.dispatchers.js:78:11)\n    at process.processTicksAndRejections (node:internal/process/task_queues:95:5)\n    at async processBatch (file:///C:/Users/POS/speypos-system/speypos-local/src/services/outbox.worker.js:38:7)\n    at async tick (file:///C:/Users/POS/speypos-system/speypos-local/src/services/outbox.worker.js:73:5)","errorStatus":null,"errorSyscall":null,"errorType":null,"eventId":"ad016018-0ba4-4605-a156-a60d5752fe93","eventType":"cloud.mini_batch","level":"warn","message":"Outbox event dispatch failed","timestamp":"2026-07-25T06:53:43.765Z"}
{"baseUrl":"https://speypos-cloud-api.ryong.net","businessDate":"2026-07-25","level":"info","message":"Cloud sync starting.","orderCount":20,"shiftId":"56ef50c8-9581-4ead-9ea4-2c02d6e15628","storeId":"1","timestamp":"2026-07-25T06:53:44.409Z"}
{"error":"Validation failed","errorAddress":null,"errorCause":null,"errorCode":"invalid_event_batch","errorErrno":null,"errorName":"Error","errorPort":null,"errorRequestId":"7248f776-d49d-436a-851b-91fbf7baad51","errorStack":"Error: Validation failed\n    at postJson (file:///C:/Users/POS/speypos-system/speypos-local/src/services/cloudIngest.service.js:119:25)\n    at process.processTicksAndRejections (node:internal/process/task_queues:95:5)\n    at async uploadOrdersBatch (file:///C:/Users/POS/speypos-system/speypos-local/src/services/cloudIngest.service.js:170:60)\n    at async dispatchCloudMiniBatch (file:///C:/Users/POS/speypos-system/speypos-local/src/services/outbox.dispatchers.js:75:18)\n    at async processBatch (file:///C:/Users/POS/speypos-system/speypos-local/src/services/outbox.worker.js:38:7)\n    at async tick (file:///C:/Users/POS/speypos-system/speypos-local/src/services/outbox.worker.js:73:5)","errorStatus":422,"errorSyscall":null,"errorType":null,"level":"error","message":"Cloud sync failed.","timestamp":"2026-07-25T06:53:44.472Z"}
{"attempts":5,"error":"upload_failed","errorAddress":null,"errorCause":null,"errorCode":null,"errorErrno":null,"errorName":"Error","errorPort":null,"errorRequestId":null,"errorStack":"Error: upload_failed\n    at dispatchCloudMiniBatch (file:///C:/Users/POS/speypos-system/speypos-local/src/services/outbox.dispatchers.js:78:11)\n    at process.processTicksAndRejections (node:internal/process/task_queues:95:5)\n    at async processBatch (file:///C:/Users/POS/speypos-system/speypos-local/src/services/outbox.worker.js:38:7)\n    at async tick (file:///C:/Users/POS/speypos-system/speypos-local/src/services/outbox.worker.js:73:5)","errorStatus":null,"errorSyscall":null,"errorType":null,"eventId":"23d93ee1-ded4-4648-b07a-c1ff1e20f2a9","eventType":"cloud.mini_batch","level":"warn","message":"Outbox event dispatch failed","timestamp":"2026-07-25T06:53:44.474Z"}
{"baseUrl":"https://speypos-cloud-api.ryong.net","businessDate":"2026-07-25","level":"info","message":"Cloud sync starting.","orderCount":20,"shiftId":"56ef50c8-9581-4ead-9ea4-2c02d6e15628","storeId":"1","timestamp":"2026-07-25T06:53:45.414Z"}
{"error":"Validation failed","errorAddress":null,"errorCause":null,"errorCode":"invalid_event_batch","errorErrno":null,"errorName":"Error","errorPort":null,"errorRequestId":"b6d38557-2193-4ac1-a67e-1284f78fda0b","errorStack":"Error: Validation failed\n    at postJson (file:///C:/Users/POS/speypos-system/speypos-local/src/services/cloudIngest.service.js:119:25)\n    at process.processTicksAndRejections (node:internal/process/task_queues:95:5)\n    at async uploadOrdersBatch (file:///C:/Users/POS/speypos-system/speypos-local/src/services/cloudIngest.service.js:170:60)\n    at async dispatchCloudMiniBatch (file:///C:/Users/POS/speypos-system/speypos-local/src/services/outbox.dispatchers.js:75:18)\n    at async processBatch (file:///C:/Users/POS/speypos-system/speypos-local/src/services/outbox.worker.js:38:7)\n    at async tick (file:///C:/Users/POS/speypos-system/speypos-local/src/services/outbox.worker.js:73:5)","errorStatus":422,"errorSyscall":null,"errorType":null,"level":"error","message":"Cloud sync failed.","timestamp":"2026-07-25T06:53:45.485Z"}
{"attempts":2,"error":"upload_failed","errorAddress":null,"errorCause":null,"errorCode":null,"errorErrno":null,"errorName":"Error","errorPort":null,"errorRequestId":null,"errorStack":"Error: upload_failed\n    at dispatchCloudMiniBatch (file:///C:/Users/POS/speypos-system/speypos-local/src/services/outbox.dispatchers.js:78:11)\n    at process.processTicksAndRejections (node:internal/process/task_queues:95:5)\n    at async processBatch (file:///C:/Users/POS/speypos-system/speypos-local/src/services/outbox.worker.js:38:7)\n    at async tick (file:///C:/Users/POS/speypos-system/speypos-local/src/services/outbox.worker.js:73:5)","errorStatus":null,"errorSyscall":null,"errorType":null,"eventId":"ad016018-0ba4-4605-a156-a60d5752fe93","eventType":"cloud.mini_batch","level":"warn","message":"Outbox event dispatch failed","timestamp":"2026-07-25T06:53:45.489Z"}
{"baseUrl":"https://speypos-cloud-api.ryong.net","businessDate":"2026-07-25","level":"info","message":"Cloud sync starting.","orderCount":20,"shiftId":"56ef50c8-9581-4ead-9ea4-2c02d6e15628","storeId":"1","timestamp":"2026-07-25T06:53:47.427Z"}
{"error":"Validation failed","errorAddress":null,"errorCause":null,"errorCode":"invalid_event_batch","errorErrno":null,"errorName":"Error","errorPort":null,"errorRequestId":"d73b7072-c6fe-49d3-8d14-156afa96b64d","errorStack":"Error: Validation failed\n    at postJson (file:///C:/Users/POS/speypos-system/speypos-local/src/services/cloudIngest.service.js:119:25)\n    at process.processTicksAndRejections (node:internal/process/task_queues:95:5)\n    at async uploadOrdersBatch (file:///C:/Users/POS/speypos-system/speypos-local/src/services/cloudIngest.service.js:170:60)\n    at async dispatchCloudMiniBatch (file:///C:/Users/POS/speypos-system/speypos-local/src/services/outbox.dispatchers.js:75:18)\n    at async processBatch (file:///C:/Users/POS/speypos-system/speypos-local/src/services/outbox.worker.js:38:7)\n    at async tick (file:///C:/Users/POS/speypos-system/speypos-local/src/services/outbox.worker.js:73:5)","errorStatus":422,"errorSyscall":null,"errorType":null,"level":"error","message":"Cloud sync failed.","timestamp":"2026-07-25T06:53:47.487Z"}
{"attempts":7,"error":"upload_failed","errorAddress":null,"errorCause":null,"errorCode":null,"errorErrno":null,"errorName":"Error","errorPort":null,"errorRequestId":null,"errorStack":"Error: upload_failed\n    at dispatchCloudMiniBatch (file:///C:/Users/POS/speypos-system/speypos-local/src/services/outbox.dispatchers.js:78:11)\n    at process.processTicksAndRejections (node:internal/process/task_queues:95:5)\n    at async processBatch (file:///C:/Users/POS/speypos-system/speypos-local/src/services/outbox.worker.js:38:7)\n    at async tick (file:///C:/Users/POS/speypos-system/speypos-local/src/services/outbox.worker.js:73:5)","errorStatus":null,"errorSyscall":null,"errorType":null,"eventId":"9be5db8a-224e-47b9-a437-926426a2db16","eventType":"cloud.mini_batch","level":"warn","message":"Outbox event dispatch failed","timestamp":"2026-07-25T06:53:47.489Z"}
{"baseUrl":"https://speypos-cloud-api.ryong.net","businessDate":"2026-07-25","level":"info","message":"Cloud sync starting.","orderCount":20,"shiftId":"56ef50c8-9581-4ead-9ea4-2c02d6e15628","storeId":"1","timestamp":"2026-07-25T06:53:48.423Z"}
{"error":"Validation failed","errorAddress":null,"errorCause":null,"errorCode":"invalid_event_batch","errorErrno":null,"errorName":"Error","errorPort":null,"errorRequestId":"5ddbdbef-a2bb-405e-b2fd-2a4d83d8c50e","errorStack":"Error: Validation failed\n    at postJson (file:///C:/Users/POS/speypos-system/speypos-local/src/services/cloudIngest.service.js:119:25)\n    at process.processTicksAndRejections (node:internal/process/task_queues:95:5)\n    at async uploadOrdersBatch (file:///C:/Users/POS/speypos-system/speypos-local/src/services/cloudIngest.service.js:170:60)\n    at async dispatchCloudMiniBatch (file:///C:/Users/POS/speypos-system/speypos-local/src/services/outbox.dispatchers.js:75:18)\n    at async processBatch (file:///C:/Users/POS/speypos-system/speypos-local/src/services/outbox.worker.js:38:7)\n    at async tick (file:///C:/Users/POS/speypos-system/speypos-local/src/services/outbox.worker.js:73:5)","errorStatus":422,"errorSyscall":null,"errorType":null,"level":"error","message":"Cloud sync failed.","timestamp":"2026-07-25T06:53:48.485Z"}
{"attempts":3,"error":"upload_failed","errorAddress":null,"errorCause":null,"errorCode":null,"errorErrno":null,"errorName":"Error","errorPort":null,"errorRequestId":null,"errorStack":"Error: upload_failed\n    at dispatchCloudMiniBatch (file:///C:/Users/POS/speypos-system/speypos-local/src/services/outbox.dispatchers.js:78:11)\n    at process.processTicksAndRejections (node:internal/process/task_queues:95:5)\n    at async processBatch (file:///C:/Users/POS/speypos-system/speypos-local/src/services/outbox.worker.js:38:7)\n    at async tick (file:///C:/Users/POS/speypos-system/speypos-local/src/services/outbox.worker.js:73:5)","errorStatus":null,"errorSyscall":null,"errorType":null,"eventId":"ad016018-0ba4-4605-a156-a60d5752fe93","eventType":"cloud.mini_batch","level":"warn","message":"Outbox event dispatch failed","timestamp":"2026-07-25T06:53:48.486Z"}
{"baseUrl":"https://speypos-cloud-api.ryong.net","businessDate":"2026-07-25","level":"info","message":"Cloud sync starting.","orderCount":20,"shiftId":"56ef50c8-9581-4ead-9ea4-2c02d6e15628","storeId":"1","timestamp":"2026-07-25T06:53:51.422Z"}
{"error":"Validation failed","errorAddress":null,"errorCause":null,"errorCode":"invalid_event_batch","errorErrno":null,"errorName":"Error","errorPort":null,"errorRequestId":"a03e7e0d-3598-41c5-8fe6-f119e3894ded","errorStack":"Error: Validation failed\n    at postJson (file:///C:/Users/POS/speypos-system/speypos-local/src/services/cloudIngest.service.js:119:25)\n    at process.processTicksAndRejections (node:internal/process/task_queues:95:5)\n    at async uploadOrdersBatch (file:///C:/Users/POS/speypos-system/speypos-local/src/services/cloudIngest.service.js:170:60)\n    at async dispatchCloudMiniBatch (file:///C:/Users/POS/speypos-system/speypos-local/src/services/outbox.dispatchers.js:75:18)\n    at async processBatch (file:///C:/Users/POS/speypos-system/speypos-local/src/services/outbox.worker.js:38:7)\n    at async tick (file:///C:/Users/POS/speypos-system/speypos-local/src/services/outbox.worker.js:73:5)","errorStatus":422,"errorSyscall":null,"errorType":null,"level":"error","message":"Cloud sync failed.","timestamp":"2026-07-25T06:53:51.480Z"}
{"attempts":5,"error":"upload_failed","errorAddress":null,"errorCause":null,"errorCode":null,"errorErrno":null,"errorName":"Error","errorPort":null,"errorRequestId":null,"errorStack":"Error: upload_failed\n    at dispatchCloudMiniBatch (file:///C:/Users/POS/speypos-system/speypos-local/src/services/outbox.dispatchers.js:78:11)\n    at process.processTicksAndRejections (node:internal/process/task_queues:95:5)\n    at async processBatch (file:///C:/Users/POS/speypos-system/speypos-local/src/services/outbox.worker.js:38:7)\n    at async tick (file:///C:/Users/POS/speypos-system/speypos-local/src/services/outbox.worker.js:73:5)","errorStatus":null,"errorSyscall":null,"errorType":null,"eventId":"4ea248d3-f68b-4983-bb7f-6ef862c55a58","eventType":"cloud.mini_batch","level":"warn","message":"Outbox event dispatch failed","timestamp":"2026-07-25T06:53:51.482Z"}
{"baseUrl":"https://speypos-cloud-api.ryong.net","businessDate":"2026-07-25","level":"info","message":"Cloud sync starting.","orderCount":20,"shiftId":"56ef50c8-9581-4ead-9ea4-2c02d6e15628","storeId":"1","timestamp":"2026-07-25T06:53:52.409Z"}
{"error":"Validation failed","errorAddress":null,"errorCause":null,"errorCode":"invalid_event_batch","errorErrno":null,"errorName":"Error","errorPort":null,"errorRequestId":"0dd6db5a-ea5a-49f8-a7c0-43d0c51aaa9d","errorStack":"Error: Validation failed\n    at postJson (file:///C:/Users/POS/speypos-system/speypos-local/src/services/cloudIngest.service.js:119:25)\n    at process.processTicksAndRejections (node:internal/process/task_queues:95:5)\n    at async uploadOrdersBatch (file:///C:/Users/POS/speypos-system/speypos-local/src/services/cloudIngest.service.js:170:60)\n    at async dispatchCloudMiniBatch (file:///C:/Users/POS/speypos-system/speypos-local/src/services/outbox.dispatchers.js:75:18)\n    at async processBatch (file:///C:/Users/POS/speypos-system/speypos-local/src/services/outbox.worker.js:38:7)\n    at async tick (file:///C:/Users/POS/speypos-system/speypos-local/src/services/outbox.worker.js:73:5)","errorStatus":422,"errorSyscall":null,"errorType":null,"level":"error","message":"Cloud sync failed.","timestamp":"2026-07-25T06:53:52.470Z"}
{"attempts":6,"error":"upload_failed","errorAddress":null,"errorCause":null,"errorCode":null,"errorErrno":null,"errorName":"Error","errorPort":null,"errorRequestId":null,"errorStack":"Error: upload_failed\n    at dispatchCloudMiniBatch (file:///C:/Users/POS/speypos-system/speypos-local/src/services/outbox.dispatchers.js:78:11)\n    at process.processTicksAndRejections (node:internal/process/task_queues:95:5)\n    at async processBatch (file:///C:/Users/POS/speypos-system/speypos-local/src/services/outbox.worker.js:38:7)\n    at async tick (file:///C:/Users/POS/speypos-system/speypos-local/src/services/outbox.worker.js:73:5)","errorStatus":null,"errorSyscall":null,"errorType":null,"eventId":"caaf6f1a-442a-453d-9c5b-2daad0c0fde2","eventType":"cloud.mini_batch","level":"warn","message":"Outbox event dispatch failed","timestamp":"2026-07-25T06:53:52.472Z"}
{"baseUrl":"https://speypos-cloud-api.ryong.net","businessDate":"2026-07-25","level":"info","message":"Cloud sync starting.","orderCount":20,"shiftId":"56ef50c8-9581-4ead-9ea4-2c02d6e15628","storeId":"1","timestamp":"2026-07-25T06:53:53.422Z"}
{"error":"Validation failed","errorAddress":null,"errorCause":null,"errorCode":"invalid_event_batch","errorErrno":null,"errorName":"Error","errorPort":null,"errorRequestId":"8a81d060-40ff-403b-a6ed-aaf04c88c230","errorStack":"Error: Validation failed\n    at postJson (file:///C:/Users/POS/speypos-system/speypos-local/src/services/cloudIngest.service.js:119:25)\n    at process.processTicksAndRejections (node:internal/process/task_queues:95:5)\n    at async uploadOrdersBatch (file:///C:/Users/POS/speypos-system/speypos-local/src/services/cloudIngest.service.js:170:60)\n    at async dispatchCloudMiniBatch (file:///C:/Users/POS/speypos-system/speypos-local/src/services/outbox.dispatchers.js:75:18)\n    at async processBatch (file:///C:/Users/POS/speypos-system/speypos-local/src/services/outbox.worker.js:38:7)\n    at async tick (file:///C:/Users/POS/speypos-system/speypos-local/src/services/outbox.worker.js:73:5)","errorStatus":422,"errorSyscall":null,"errorType":null,"level":"error","message":"Cloud sync failed.","timestamp":"2026-07-25T06:53:53.479Z"}
{"attempts":4,"error":"upload_failed","errorAddress":null,"errorCause":null,"errorCode":null,"errorErrno":null,"errorName":"Error","errorPort":null,"errorRequestId":null,"errorStack":"Error: upload_failed\n    at dispatchCloudMiniBatch (file:///C:/Users/POS/speypos-system/speypos-local/src/services/outbox.dispatchers.js:78:11)\n    at process.processTicksAndRejections (node:internal/process/task_queues:95:5)\n    at async processBatch (file:///C:/Users/POS/speypos-system/speypos-local/src/services/outbox.worker.js:38:7)\n    at async tick (file:///C:/Users/POS/speypos-system/speypos-local/src/services/outbox.worker.js:73:5)","errorStatus":null,"errorSyscall":null,"errorType":null,"eventId":"ad016018-0ba4-4605-a156-a60d5752fe93","eventType":"cloud.mini_batch","level":"warn","message":"Outbox event dispatch failed","timestamp":"2026-07-25T06:53:53.481Z"}
{"level":"info","message":"Starting print job for order ID: 7405875b-6e0d-492a-9e1b-54617214873a.","status":"completed","timestamp":"2026-07-25T06:53:53.489Z"}
{"copies":[{"count":1,"variant":"INTERNAL"}],"engine":"canvas","level":"info","message":"Printing 1 variants for order 7405875b-6e0d-492a-9e1b-54617214873a","timestamp":"2026-07-25T06:53:53.489Z"}
{"level":"info","message":"[canvas] Rendering ESC/POS buffer for variant INTERNAL, order 7405875b-6e0d-492a-9e1b-54617214873a.","timestamp":"2026-07-25T06:53:53.490Z"}
{"level":"info","message":"[canvas] Sending copy 1/1 of variant INTERNAL for order 7405875b-6e0d-492a-9e1b-54617214873a.","timestamp":"2026-07-25T06:53:53.510Z"}
{"bufferBytes":27660,"level":"info","message":"ESC/POS transport: preparing to send buffer to printer","printerName":"\\\\localhost\\XP80","timestamp":"2026-07-25T06:53:53.510Z"}
{"bufferBytes":27660,"level":"info","message":"ESC/POS transport: buffer sent successfully","printerName":"\\\\localhost\\XP80","timestamp":"2026-07-25T06:53:53.770Z"}
{"level":"info","message":"Print job for order 7405875b-6e0d-492a-9e1b-54617214873a completed and marked as printed.","timestamp":"2026-07-25T06:53:53.771Z"}
{"baseUrl":"https://speypos-cloud-api.ryong.net","businessDate":"2026-07-25","level":"info","message":"Cloud sync starting.","orderCount":20,"shiftId":"56ef50c8-9581-4ead-9ea4-2c02d6e15628","storeId":"1","timestamp":"2026-07-25T06:53:53.834Z"}
{"error":"Validation failed","errorAddress":null,"errorCause":null,"errorCode":"invalid_event_batch","errorErrno":null,"errorName":"Error","errorPort":null,"errorRequestId":"9ee75d18-e4e8-4e6f-b698-7ca54a56729d","errorStack":"Error: Validation failed\n    at postJson (file:///C:/Users/POS/speypos-system/speypos-local/src/services/cloudIngest.service.js:119:25)\n    at process.processTicksAndRejections (node:internal/process/task_queues:95:5)\n    at async uploadOrdersBatch (file:///C:/Users/POS/speypos-system/speypos-local/src/services/cloudIngest.service.js:170:60)\n    at async dispatchCloudMiniBatch (file:///C:/Users/POS/speypos-system/speypos-local/src/services/outbox.dispatchers.js:75:18)\n    at async processBatch (file:///C:/Users/POS/speypos-system/speypos-local/src/services/outbox.worker.js:38:7)\n    at async tick (file:///C:/Users/POS/speypos-system/speypos-local/src/services/outbox.worker.js:73:5)","errorStatus":422,"errorSyscall":null,"errorType":null,"level":"error","message":"Cloud sync failed.","timestamp":"2026-07-25T06:53:53.890Z"}
{"attempts":1,"error":"upload_failed","errorAddress":null,"errorCause":null,"errorCode":null,"errorErrno":null,"errorName":"Error","errorPort":null,"errorRequestId":null,"errorStack":"Error: upload_failed\n    at dispatchCloudMiniBatch (file:///C:/Users/POS/speypos-system/speypos-local/src/services/outbox.dispatchers.js:78:11)\n    at process.processTicksAndRejections (node:internal/process/task_queues:95:5)\n    at async processBatch (file:///C:/Users/POS/speypos-system/speypos-local/src/services/outbox.worker.js:38:7)\n    at async tick (file:///C:/Users/POS/speypos-system/speypos-local/src/services/outbox.worker.js:73:5)","errorStatus":null,"errorSyscall":null,"errorType":null,"eventId":"235f275b-06c7-416d-b273-1f10b2ade8a6","eventType":"cloud.mini_batch","level":"warn","message":"Outbox event dispatch failed","timestamp":"2026-07-25T06:53:53.891Z"}
{"level":"info","message":"Telegram message sent successfully.","timestamp":"2026-07-25T06:53:54.744Z"}
{"level":"info","message":"Successfully sent and marked Telegram notification for order 7405875b-6e0d-492a-9e1b-54617214873a","timestamp":"2026-07-25T06:53:54.745Z"}
{"baseUrl":"https://speypos-cloud-api.ryong.net","businessDate":"2026-07-25","level":"info","message":"Cloud sync starting.","orderCount":20,"shiftId":"56ef50c8-9581-4ead-9ea4-2c02d6e15628","storeId":"1","timestamp":"2026-07-25T06:53:55.452Z"}
{"error":"Validation failed","errorAddress":null,"errorCause":null,"errorCode":"invalid_event_batch","errorErrno":null,"errorName":"Error","errorPort":null,"errorRequestId":"b2e46350-5797-4639-b112-96c3b3ec4fcd","errorStack":"Error: Validation failed\n    at postJson (file:///C:/Users/POS/speypos-system/speypos-local/src/services/cloudIngest.service.js:119:25)\n    at process.processTicksAndRejections (node:internal/process/task_queues:95:5)\n    at async uploadOrdersBatch (file:///C:/Users/POS/speypos-system/speypos-local/src/services/cloudIngest.service.js:170:60)\n    at async dispatchCloudMiniBatch (file:///C:/Users/POS/speypos-system/speypos-local/src/services/outbox.dispatchers.js:75:18)\n    at async processBatch (file:///C:/Users/POS/speypos-system/speypos-local/src/services/outbox.worker.js:38:7)\n    at async tick (file:///C:/Users/POS/speypos-system/speypos-local/src/services/outbox.worker.js:73:5)","errorStatus":422,"errorSyscall":null,"errorType":null,"level":"error","message":"Cloud sync failed.","timestamp":"2026-07-25T06:53:55.514Z"}
{"attempts":2,"error":"upload_failed","errorAddress":null,"errorCause":null,"errorCode":null,"errorErrno":null,"errorName":"Error","errorPort":null,"errorRequestId":null,"errorStack":"Error: upload_failed\n    at dispatchCloudMiniBatch (file:///C:/Users/POS/speypos-system/speypos-local/src/services/outbox.dispatchers.js:78:11)\n    at process.processTicksAndRejections (node:internal/process/task_queues:95:5)\n    at async processBatch (file:///C:/Users/POS/speypos-system/speypos-local/src/services/outbox.worker.js:38:7)\n    at async tick (file:///C:/Users/POS/speypos-system/speypos-local/src/services/outbox.worker.js:73:5)","errorStatus":null,"errorSyscall":null,"errorType":null,"eventId":"235f275b-06c7-416d-b273-1f10b2ade8a6","eventType":"cloud.mini_batch","level":"warn","message":"Outbox event dispatch failed","timestamp":"2026-07-25T06:53:55.516Z"}
{"baseUrl":"https://speypos-cloud-api.ryong.net","businessDate":"2026-07-25","level":"info","message":"Cloud sync starting.","orderCount":20,"shiftId":"56ef50c8-9581-4ead-9ea4-2c02d6e15628","storeId":"1","timestamp":"2026-07-25T06:53:55.572Z"}
{"error":"Validation failed","errorAddress":null,"errorCause":null,"errorCode":"invalid_event_batch","errorErrno":null,"errorName":"Error","errorPort":null,"errorRequestId":"b52e9950-1dfd-4bdc-aea5-62fbee867427","errorStack":"Error: Validation failed\n    at postJson (file:///C:/Users/POS/speypos-system/speypos-local/src/services/cloudIngest.service.js:119:25)\n    at process.processTicksAndRejections (node:internal/process/task_queues:95:5)\n    at async uploadOrdersBatch (file:///C:/Users/POS/speypos-system/speypos-local/src/services/cloudIngest.service.js:170:60)\n    at async dispatchCloudMiniBatch (file:///C:/Users/POS/speypos-system/speypos-local/src/services/outbox.dispatchers.js:75:18)\n    at async processBatch (file:///C:/Users/POS/speypos-system/speypos-local/src/services/outbox.worker.js:38:7)\n    at async tick (file:///C:/Users/POS/speypos-system/speypos-local/src/services/outbox.worker.js:73:5)","errorStatus":422,"errorSyscall":null,"errorType":null,"level":"error","message":"Cloud sync failed.","timestamp":"2026-07-25T06:53:55.723Z"}
{"attempts":7,"error":"upload_failed","errorAddress":null,"errorCause":null,"errorCode":null,"errorErrno":null,"errorName":"Error","errorPort":null,"errorRequestId":null,"errorStack":"Error: upload_failed\n    at dispatchCloudMiniBatch (file:///C:/Users/POS/speypos-system/speypos-local/src/services/outbox.dispatchers.js:78:11)\n    at process.processTicksAndRejections (node:internal/process/task_queues:95:5)\n    at async processBatch (file:///C:/Users/POS/speypos-system/speypos-local/src/services/outbox.worker.js:38:7)\n    at async tick (file:///C:/Users/POS/speypos-system/speypos-local/src/services/outbox.worker.js:73:5)","errorStatus":null,"errorSyscall":null,"errorType":null,"eventId":"e1f4c0c9-22b8-48b9-9b4b-7dba62c74761","eventType":"cloud.mini_batch","level":"warn","message":"Outbox event dispatch failed","timestamp":"2026-07-25T06:53:55.724Z"}
{"baseUrl":"https://speypos-cloud-api.ryong.net","businessDate":"2026-07-25","level":"info","message":"Cloud sync starting.","orderCount":20,"shiftId":"56ef50c8-9581-4ead-9ea4-2c02d6e15628","storeId":"1","timestamp":"2026-07-25T06:53:58.460Z"}
{"error":"Validation failed","errorAddress":null,"errorCause":null,"errorCode":"invalid_event_batch","errorErrno":null,"errorName":"Error","errorPort":null,"errorRequestId":"d6e9f345-e8c6-4f1c-9cc3-4e83c23f26b0","errorStack":"Error: Validation failed\n    at postJson (file:///C:/Users/POS/speypos-system/speypos-local/src/services/cloudIngest.service.js:119:25)\n    at process.processTicksAndRejections (node:internal/process/task_queues:95:5)\n    at async uploadOrdersBatch (file:///C:/Users/POS/speypos-system/speypos-local/src/services/cloudIngest.service.js:170:60)\n    at async dispatchCloudMiniBatch (file:///C:/Users/POS/speypos-system/speypos-local/src/services/outbox.dispatchers.js:75:18)\n    at async processBatch (file:///C:/Users/POS/speypos-system/speypos-local/src/services/outbox.worker.js:38:7)\n    at async tick (file:///C:/Users/POS/speypos-system/speypos-local/src/services/outbox.worker.js:73:5)","errorStatus":422,"errorSyscall":null,"errorType":null,"level":"error","message":"Cloud sync failed.","timestamp":"2026-07-25T06:53:58.525Z"}
{"attempts":3,"error":"upload_failed","errorAddress":null,"errorCause":null,"errorCode":null,"errorErrno":null,"errorName":"Error","errorPort":null,"errorRequestId":null,"errorStack":"Error: upload_failed\n    at dispatchCloudMiniBatch (file:///C:/Users/POS/speypos-system/speypos-local/src/services/outbox.dispatchers.js:78:11)\n    at process.processTicksAndRejections (node:internal/process/task_queues:95:5)\n    at async processBatch (file:///C:/Users/POS/speypos-system/speypos-local/src/services/outbox.worker.js:38:7)\n    at async tick (file:///C:/Users/POS/speypos-system/speypos-local/src/services/outbox.worker.js:73:5)","errorStatus":null,"errorSyscall":null,"errorType":null,"eventId":"235f275b-06c7-416d-b273-1f10b2ade8a6","eventType":"cloud.mini_batch","level":"warn","message":"Outbox event dispatch failed","timestamp":"2026-07-25T06:53:58.527Z"}
{"baseUrl":"https://speypos-cloud-api.ryong.net","businessDate":"2026-07-25","level":"info","message":"Cloud sync starting.","orderCount":20,"shiftId":"56ef50c8-9581-4ead-9ea4-2c02d6e15628","storeId":"1","timestamp":"2026-07-25T06:54:01.459Z"}
{"error":"Validation failed","errorAddress":null,"errorCause":null,"errorCode":"invalid_event_batch","errorErrno":null,"errorName":"Error","errorPort":null,"errorRequestId":"b5d0a2c8-cfd1-48ea-9fd8-db2db76503ed","errorStack":"Error: Validation failed\n    at postJson (file:///C:/Users/POS/speypos-system/speypos-local/src/services/cloudIngest.service.js:119:25)\n    at process.processTicksAndRejections (node:internal/process/task_queues:95:5)\n    at async uploadOrdersBatch (file:///C:/Users/POS/speypos-system/speypos-local/src/services/cloudIngest.service.js:170:60)\n    at async dispatchCloudMiniBatch (file:///C:/Users/POS/speypos-system/speypos-local/src/services/outbox.dispatchers.js:75:18)\n    at async processBatch (file:///C:/Users/POS/speypos-system/speypos-local/src/services/outbox.worker.js:38:7)\n    at async tick (file:///C:/Users/POS/speypos-system/speypos-local/src/services/outbox.worker.js:73:5)","errorStatus":422,"errorSyscall":null,"errorType":null,"level":"error","message":"Cloud sync failed.","timestamp":"2026-07-25T06:54:01.519Z"}
{"attempts":6,"error":"upload_failed","errorAddress":null,"errorCause":null,"errorCode":null,"errorErrno":null,"errorName":"Error","errorPort":null,"errorRequestId":null,"errorStack":"Error: upload_failed\n    at dispatchCloudMiniBatch (file:///C:/Users/POS/speypos-system/speypos-local/src/services/outbox.dispatchers.js:78:11)\n    at process.processTicksAndRejections (node:internal/process/task_queues:95:5)\n    at async processBatch (file:///C:/Users/POS/speypos-system/speypos-local/src/services/outbox.worker.js:38:7)\n    at async tick (file:///C:/Users/POS/speypos-system/speypos-local/src/services/outbox.worker.js:73:5)","errorStatus":null,"errorSyscall":null,"errorType":null,"eventId":"23d93ee1-ded4-4648-b07a-c1ff1e20f2a9","eventType":"cloud.mini_batch","level":"warn","message":"Outbox event dispatch failed","timestamp":"2026-07-25T06:54:01.520Z"}
{"baseUrl":"https://speypos-cloud-api.ryong.net","businessDate":"2026-07-25","level":"info","message":"Cloud sync starting.","orderCount":20,"shiftId":"56ef50c8-9581-4ead-9ea4-2c02d6e15628","storeId":"1","timestamp":"2026-07-25T06:54:02.456Z"}
{"error":"Validation failed","errorAddress":null,"errorCause":null,"errorCode":"invalid_event_batch","errorErrno":null,"errorName":"Error","errorPort":null,"errorRequestId":"30a336d3-7873-4a7c-82c5-d7718161d982","errorStack":"Error: Validation failed\n    at postJson (file:///C:/Users/POS/speypos-system/speypos-local/src/services/cloudIngest.service.js:119:25)\n    at process.processTicksAndRejections (node:internal/process/task_queues:95:5)\n    at async uploadOrdersBatch (file:///C:/Users/POS/speypos-system/speypos-local/src/services/cloudIngest.service.js:170:60)\n    at async dispatchCloudMiniBatch (file:///C:/Users/POS/speypos-system/speypos-local/src/services/outbox.dispatchers.js:75:18)\n    at async processBatch (file:///C:/Users/POS/speypos-system/speypos-local/src/services/outbox.worker.js:38:7)\n    at async tick (file:///C:/Users/POS/speypos-system/speypos-local/src/services/outbox.worker.js:73:5)","errorStatus":422,"errorSyscall":null,"errorType":null,"level":"error","message":"Cloud sync failed.","timestamp":"2026-07-25T06:54:02.519Z"}
{"attempts":5,"error":"upload_failed","errorAddress":null,"errorCause":null,"errorCode":null,"errorErrno":null,"errorName":"Error","errorPort":null,"errorRequestId":null,"errorStack":"Error: upload_failed\n    at dispatchCloudMiniBatch (file:///C:/Users/POS/speypos-system/speypos-local/src/services/outbox.dispatchers.js:78:11)\n    at process.processTicksAndRejections (node:internal/process/task_queues:95:5)\n    at async processBatch (file:///C:/Users/POS/speypos-system/speypos-local/src/services/outbox.worker.js:38:7)\n    at async tick (file:///C:/Users/POS/speypos-system/speypos-local/src/services/outbox.worker.js:73:5)","errorStatus":null,"errorSyscall":null,"errorType":null,"eventId":"ad016018-0ba4-4605-a156-a60d5752fe93","eventType":"cloud.mini_batch","level":"warn","message":"Outbox event dispatch failed","timestamp":"2026-07-25T06:54:02.524Z"}
{"baseUrl":"https://speypos-cloud-api.ryong.net","businessDate":"2026-07-25","level":"info","message":"Cloud sync starting.","orderCount":20,"shiftId":"56ef50c8-9581-4ead-9ea4-2c02d6e15628","storeId":"1","timestamp":"2026-07-25T06:54:03.484Z"}
{"error":"Validation failed","errorAddress":null,"errorCause":null,"errorCode":"invalid_event_batch","errorErrno":null,"errorName":"Error","errorPort":null,"errorRequestId":"bb266e9f-0cdd-420d-8087-24c23926d6ad","errorStack":"Error: Validation failed\n    at postJson (file:///C:/Users/POS/speypos-system/speypos-local/src/services/cloudIngest.service.js:119:25)\n    at process.processTicksAndRejections (node:internal/process/task_queues:95:5)\n    at async uploadOrdersBatch (file:///C:/Users/POS/speypos-system/speypos-local/src/services/cloudIngest.service.js:170:60)\n    at async dispatchCloudMiniBatch (file:///C:/Users/POS/speypos-system/speypos-local/src/services/outbox.dispatchers.js:75:18)\n    at async processBatch (file:///C:/Users/POS/speypos-system/speypos-local/src/services/outbox.worker.js:38:7)\n    at async tick (file:///C:/Users/POS/speypos-system/speypos-local/src/services/outbox.worker.js:73:5)","errorStatus":422,"errorSyscall":null,"errorType":null,"level":"error","message":"Cloud sync failed.","timestamp":"2026-07-25T06:54:03.542Z"}
{"attempts":4,"error":"upload_failed","errorAddress":null,"errorCause":null,"errorCode":null,"errorErrno":null,"errorName":"Error","errorPort":null,"errorRequestId":null,"errorStack":"Error: upload_failed\n    at dispatchCloudMiniBatch (file:///C:/Users/POS/speypos-system/speypos-local/src/services/outbox.dispatchers.js:78:11)\n    at process.processTicksAndRejections (node:internal/process/task_queues:95:5)\n    at async processBatch (file:///C:/Users/POS/speypos-system/speypos-local/src/services/outbox.worker.js:38:7)\n    at async tick (file:///C:/Users/POS/speypos-system/speypos-local/src/services/outbox.worker.js:73:5)","errorStatus":null,"errorSyscall":null,"errorType":null,"eventId":"235f275b-06c7-416d-b273-1f10b2ade8a6","eventType":"cloud.mini_batch","level":"warn","message":"Outbox event dispatch failed","timestamp":"2026-07-25T06:54:03.543Z"}
{"baseUrl":"https://speypos-cloud-api.ryong.net","businessDate":"2026-07-25","level":"info","message":"Cloud sync starting.","orderCount":20,"shiftId":"56ef50c8-9581-4ead-9ea4-2c02d6e15628","storeId":"1","timestamp":"2026-07-25T06:54:06.484Z"}
{"error":"Validation failed","errorAddress":null,"errorCause":null,"errorCode":"invalid_event_batch","errorErrno":null,"errorName":"Error","errorPort":null,"errorRequestId":"bd44bfe7-074d-4133-9d55-59cd71713ca9","errorStack":"Error: Validation failed\n    at postJson (file:///C:/Users/POS/speypos-system/speypos-local/src/services/cloudIngest.service.js:119:25)\n    at process.processTicksAndRejections (node:internal/process/task_queues:95:5)\n    at async uploadOrdersBatch (file:///C:/Users/POS/speypos-system/speypos-local/src/services/cloudIngest.service.js:170:60)\n    at async dispatchCloudMiniBatch (file:///C:/Users/POS/speypos-system/speypos-local/src/services/outbox.dispatchers.js:75:18)\n    at async processBatch (file:///C:/Users/POS/speypos-system/speypos-local/src/services/outbox.worker.js:38:7)\n    at async tick (file:///C:/Users/POS/speypos-system/speypos-local/src/services/outbox.worker.js:73:5)","errorStatus":422,"errorSyscall":null,"errorType":null,"level":"error","message":"Cloud sync failed.","timestamp":"2026-07-25T06:54:06.540Z"}
{"attempts":7,"error":"upload_failed","errorAddress":null,"errorCause":null,"errorCode":null,"errorErrno":null,"errorName":"Error","errorPort":null,"errorRequestId":null,"errorStack":"Error: upload_failed\n    at dispatchCloudMiniBatch (file:///C:/Users/POS/speypos-system/speypos-local/src/services/outbox.dispatchers.js:78:11)\n    at process.processTicksAndRejections (node:internal/process/task_queues:95:5)\n    at async processBatch (file:///C:/Users/POS/speypos-system/speypos-local/src/services/outbox.worker.js:38:7)\n    at async tick (file:///C:/Users/POS/speypos-system/speypos-local/src/services/outbox.worker.js:73:5)","errorStatus":null,"errorSyscall":null,"errorType":null,"eventId":"8f9367f2-bdac-4fcc-8976-ae0f7e6536c4","eventType":"cloud.mini_batch","level":"warn","message":"Outbox event dispatch failed","timestamp":"2026-07-25T06:54:06.541Z"}
{"baseUrl":"https://speypos-cloud-api.ryong.net","businessDate":"2026-07-25","level":"info","message":"Cloud sync starting.","orderCount":20,"shiftId":"56ef50c8-9581-4ead-9ea4-2c02d6e15628","storeId":"1","timestamp":"2026-07-25T06:54:08.511Z"}
{"error":"Validation failed","errorAddress":null,"errorCause":null,"errorCode":"invalid_event_batch","errorErrno":null,"errorName":"Error","errorPort":null,"errorRequestId":"36f589cd-19e2-4797-92c4-ca902da6bb1a","errorStack":"Error: Validation failed\n    at postJson (file:///C:/Users/POS/speypos-system/speypos-local/src/services/cloudIngest.service.js:119:25)\n    at process.processTicksAndRejections (node:internal/process/task_queues:95:5)\n    at async uploadOrdersBatch (file:///C:/Users/POS/speypos-system/speypos-local/src/services/cloudIngest.service.js:170:60)\n    at async dispatchCloudMiniBatch (file:///C:/Users/POS/speypos-system/speypos-local/src/services/outbox.dispatchers.js:75:18)\n    at async processBatch (file:///C:/Users/POS/speypos-system/speypos-local/src/services/outbox.worker.js:38:7)\n    at async tick (file:///C:/Users/POS/speypos-system/speypos-local/src/services/outbox.worker.js:73:5)","errorStatus":422,"errorSyscall":null,"errorType":null,"level":"error","message":"Cloud sync failed.","timestamp":"2026-07-25T06:54:08.570Z"}
{"attempts":6,"error":"upload_failed","errorAddress":null,"errorCause":null,"errorCode":null,"errorErrno":null,"errorName":"Error","errorPort":null,"errorRequestId":null,"errorStack":"Error: upload_failed\n    at dispatchCloudMiniBatch (file:///C:/Users/POS/speypos-system/speypos-local/src/services/outbox.dispatchers.js:78:11)\n    at process.processTicksAndRejections (node:internal/process/task_queues:95:5)\n    at async processBatch (file:///C:/Users/POS/speypos-system/speypos-local/src/services/outbox.worker.js:38:7)\n    at async tick (file:///C:/Users/POS/speypos-system/speypos-local/src/services/outbox.worker.js:73:5)","errorStatus":null,"errorSyscall":null,"errorType":null,"eventId":"4ea248d3-f68b-4983-bb7f-6ef862c55a58","eventType":"cloud.mini_batch","level":"warn","message":"Outbox event dispatch failed","timestamp":"2026-07-25T06:54:08.571Z"}
{"baseUrl":"https://speypos-cloud-api.ryong.net","businessDate":"2026-07-25","level":"info","message":"Cloud sync starting.","orderCount":20,"shiftId":"56ef50c8-9581-4ead-9ea4-2c02d6e15628","storeId":"1","timestamp":"2026-07-25T06:54:12.509Z"}
{"error":"Validation failed","errorAddress":null,"errorCause":null,"errorCode":"invalid_event_batch","errorErrno":null,"errorName":"Error","errorPort":null,"errorRequestId":"e9735152-22f0-4eaf-9b5d-193b2143b372","errorStack":"Error: Validation failed\n    at postJson (file:///C:/Users/POS/speypos-system/speypos-local/src/services/cloudIngest.service.js:119:25)\n    at process.processTicksAndRejections (node:internal/process/task_queues:95:5)\n    at async uploadOrdersBatch (file:///C:/Users/POS/speypos-system/speypos-local/src/services/cloudIngest.service.js:170:60)\n    at async dispatchCloudMiniBatch (file:///C:/Users/POS/speypos-system/speypos-local/src/services/outbox.dispatchers.js:75:18)\n    at async processBatch (file:///C:/Users/POS/speypos-system/speypos-local/src/services/outbox.worker.js:38:7)\n    at async tick (file:///C:/Users/POS/speypos-system/speypos-local/src/services/outbox.worker.js:73:5)","errorStatus":422,"errorSyscall":null,"errorType":null,"level":"error","message":"Cloud sync failed.","timestamp":"2026-07-25T06:54:12.571Z"}
{"attempts":5,"error":"upload_failed","errorAddress":null,"errorCause":null,"errorCode":null,"errorErrno":null,"errorName":"Error","errorPort":null,"errorRequestId":null,"errorStack":"Error: upload_failed\n    at dispatchCloudMiniBatch (file:///C:/Users/POS/speypos-system/speypos-local/src/services/outbox.dispatchers.js:78:11)\n    at process.processTicksAndRejections (node:internal/process/task_queues:95:5)\n    at async processBatch (file:///C:/Users/POS/speypos-system/speypos-local/src/services/outbox.worker.js:38:7)\n    at async tick (file:///C:/Users/POS/speypos-system/speypos-local/src/services/outbox.worker.js:73:5)","errorStatus":null,"errorSyscall":null,"errorType":null,"eventId":"235f275b-06c7-416d-b273-1f10b2ade8a6","eventType":"cloud.mini_batch","level":"warn","message":"Outbox event dispatch failed","timestamp":"2026-07-25T06:54:12.573Z"}
{"baseUrl":"https://speypos-cloud-api.ryong.net","businessDate":"2026-07-25","level":"info","message":"Cloud sync starting.","orderCount":20,"shiftId":"56ef50c8-9581-4ead-9ea4-2c02d6e15628","storeId":"1","timestamp":"2026-07-25T06:54:13.555Z"}
{"error":"Validation failed","errorAddress":null,"errorCause":null,"errorCode":"invalid_event_batch","errorErrno":null,"errorName":"Error","errorPort":null,"errorRequestId":"4aab41b9-d403-4ee5-aeeb-8fc11da970cc","errorStack":"Error: Validation failed\n    at postJson (file:///C:/Users/POS/speypos-system/speypos-local/src/services/cloudIngest.service.js:119:25)\n    at process.processTicksAndRejections (node:internal/process/task_queues:95:5)\n    at async uploadOrdersBatch (file:///C:/Users/POS/speypos-system/speypos-local/src/services/cloudIngest.service.js:170:60)\n    at async dispatchCloudMiniBatch (file:///C:/Users/POS/speypos-system/speypos-local/src/services/outbox.dispatchers.js:75:18)\n    at async processBatch (file:///C:/Users/POS/speypos-system/speypos-local/src/services/outbox.worker.js:38:7)\n    at async tick (file:///C:/Users/POS/speypos-system/speypos-local/src/services/outbox.worker.js:73:5)","errorStatus":422,"errorSyscall":null,"errorType":null,"level":"error","message":"Cloud sync failed.","timestamp":"2026-07-25T06:54:13.619Z"}
{"attempts":7,"error":"upload_failed","errorAddress":null,"errorCause":null,"errorCode":null,"errorErrno":null,"errorName":"Error","errorPort":null,"errorRequestId":null,"errorStack":"Error: upload_failed\n    at dispatchCloudMiniBatch (file:///C:/Users/POS/speypos-system/speypos-local/src/services/outbox.dispatchers.js:78:11)\n    at process.processTicksAndRejections (node:internal/process/task_queues:95:5)\n    at async processBatch (file:///C:/Users/POS/speypos-system/speypos-local/src/services/outbox.worker.js:38:7)\n    at async tick (file:///C:/Users/POS/speypos-system/speypos-local/src/services/outbox.worker.js:73:5)","errorStatus":null,"errorSyscall":null,"errorType":null,"eventId":"15f63202-d92e-4d45-8546-12acc39dc575","eventType":"cloud.mini_batch","level":"warn","message":"Outbox event dispatch failed","timestamp":"2026-07-25T06:54:13.619Z"}
{"baseUrl":"https://speypos-cloud-api.ryong.net","businessDate":"2026-07-25","level":"info","message":"Cloud sync starting.","orderCount":20,"shiftId":"56ef50c8-9581-4ead-9ea4-2c02d6e15628","storeId":"1","timestamp":"2026-07-25T06:54:19.562Z"}
{"error":"Validation failed","errorAddress":null,"errorCause":null,"errorCode":"invalid_event_batch","errorErrno":null,"errorName":"Error","errorPort":null,"errorRequestId":"c1e7b223-1208-4f40-8b6d-446f35096159","errorStack":"Error: Validation failed\n    at postJson (file:///C:/Users/POS/speypos-system/speypos-local/src/services/cloudIngest.service.js:119:25)\n    at process.processTicksAndRejections (node:internal/process/task_queues:95:5)\n    at async uploadOrdersBatch (file:///C:/Users/POS/speypos-system/speypos-local/src/services/cloudIngest.service.js:170:60)\n    at async dispatchCloudMiniBatch (file:///C:/Users/POS/speypos-system/speypos-local/src/services/outbox.dispatchers.js:75:18)\n    at async processBatch (file:///C:/Users/POS/speypos-system/speypos-local/src/services/outbox.worker.js:38:7)\n    at async tick (file:///C:/Users/POS/speypos-system/speypos-local/src/services/outbox.worker.js:73:5)","errorStatus":422,"errorSyscall":null,"errorType":null,"level":"error","message":"Cloud sync failed.","timestamp":"2026-07-25T06:54:19.732Z"}
{"attempts":6,"error":"upload_failed","errorAddress":null,"errorCause":null,"errorCode":null,"errorErrno":null,"errorName":"Error","errorPort":null,"errorRequestId":null,"errorStack":"Error: upload_failed\n    at dispatchCloudMiniBatch (file:///C:/Users/POS/speypos-system/speypos-local/src/services/outbox.dispatchers.js:78:11)\n    at process.processTicksAndRejections (node:internal/process/task_queues:95:5)\n    at async processBatch (file:///C:/Users/POS/speypos-system/speypos-local/src/services/outbox.worker.js:38:7)\n    at async tick (file:///C:/Users/POS/speypos-system/speypos-local/src/services/outbox.worker.js:73:5)","errorStatus":null,"errorSyscall":null,"errorType":null,"eventId":"ad016018-0ba4-4605-a156-a60d5752fe93","eventType":"cloud.mini_batch","level":"warn","message":"Outbox event dispatch failed","timestamp":"2026-07-25T06:54:19.733Z"}
{"baseUrl":"https://speypos-cloud-api.ryong.net","businessDate":"2026-07-25","level":"info","message":"Cloud sync starting.","orderCount":20,"shiftId":"56ef50c8-9581-4ead-9ea4-2c02d6e15628","storeId":"1","timestamp":"2026-07-25T06:54:25.573Z"}
{"error":"Validation failed","errorAddress":null,"errorCause":null,"errorCode":"invalid_event_batch","errorErrno":null,"errorName":"Error","errorPort":null,"errorRequestId":"a1e00a2a-98e0-4cf6-b16e-928aae11417e","errorStack":"Error: Validation failed\n    at postJson (file:///C:/Users/POS/speypos-system/speypos-local/src/services/cloudIngest.service.js:119:25)\n    at process.processTicksAndRejections (node:internal/process/task_queues:95:5)\n    at async uploadOrdersBatch (file:///C:/Users/POS/speypos-system/speypos-local/src/services/cloudIngest.service.js:170:60)\n    at async dispatchCloudMiniBatch (file:///C:/Users/POS/speypos-system/speypos-local/src/services/outbox.dispatchers.js:75:18)\n    at async processBatch (file:///C:/Users/POS/speypos-system/speypos-local/src/services/outbox.worker.js:38:7)\n    at async tick (file:///C:/Users/POS/speypos-system/speypos-local/src/services/outbox.worker.js:73:5)","errorStatus":422,"errorSyscall":null,"errorType":null,"level":"error","message":"Cloud sync failed.","timestamp":"2026-07-25T06:54:25.731Z"}
{"attempts":7,"error":"upload_failed","errorAddress":null,"errorCause":null,"errorCode":null,"errorErrno":null,"errorName":"Error","errorPort":null,"errorRequestId":null,"errorStack":"Error: upload_failed\n    at dispatchCloudMiniBatch (file:///C:/Users/POS/speypos-system/speypos-local/src/services/outbox.dispatchers.js:78:11)\n    at process.processTicksAndRejections (node:internal/process/task_queues:95:5)\n    at async processBatch (file:///C:/Users/POS/speypos-system/speypos-local/src/services/outbox.worker.js:38:7)\n    at async tick (file:///C:/Users/POS/speypos-system/speypos-local/src/services/outbox.worker.js:73:5)","errorStatus":null,"errorSyscall":null,"errorType":null,"eventId":"caaf6f1a-442a-453d-9c5b-2daad0c0fde2","eventType":"cloud.mini_batch","level":"warn","message":"Outbox event dispatch failed","timestamp":"2026-07-25T06:54:25.733Z"}
{"baseUrl":"https://speypos-cloud-api.ryong.net","businessDate":"2026-07-25","level":"info","message":"Cloud sync starting.","orderCount":20,"shiftId":"56ef50c8-9581-4ead-9ea4-2c02d6e15628","storeId":"1","timestamp":"2026-07-25T06:54:29.594Z"}
{"error":"Validation failed","errorAddress":null,"errorCause":null,"errorCode":"invalid_event_batch","errorErrno":null,"errorName":"Error","errorPort":null,"errorRequestId":"d3b39ef7-febf-4ffc-bec4-d564db820a98","errorStack":"Error: Validation failed\n    at postJson (file:///C:/Users/POS/speypos-system/speypos-local/src/services/cloudIngest.service.js:119:25)\n    at process.processTicksAndRejections (node:internal/process/task_queues:95:5)\n    at async uploadOrdersBatch (file:///C:/Users/POS/speypos-system/speypos-local/src/services/cloudIngest.service.js:170:60)\n    at async dispatchCloudMiniBatch (file:///C:/Users/POS/speypos-system/speypos-local/src/services/outbox.dispatchers.js:75:18)\n    at async processBatch (file:///C:/Users/POS/speypos-system/speypos-local/src/services/outbox.worker.js:38:7)\n    at async tick (file:///C:/Users/POS/speypos-system/speypos-local/src/services/outbox.worker.js:73:5)","errorStatus":422,"errorSyscall":null,"errorType":null,"level":"error","message":"Cloud sync failed.","timestamp":"2026-07-25T06:54:29.652Z"}
{"attempts":6,"error":"upload_failed","errorAddress":null,"errorCause":null,"errorCode":null,"errorErrno":null,"errorName":"Error","errorPort":null,"errorRequestId":null,"errorStack":"Error: upload_failed\n    at dispatchCloudMiniBatch (file:///C:/Users/POS/speypos-system/speypos-local/src/services/outbox.dispatchers.js:78:11)\n    at process.processTicksAndRejections (node:internal/process/task_queues:95:5)\n    at async processBatch (file:///C:/Users/POS/speypos-system/speypos-local/src/services/outbox.worker.js:38:7)\n    at async tick (file:///C:/Users/POS/speypos-system/speypos-local/src/services/outbox.worker.js:73:5)","errorStatus":null,"errorSyscall":null,"errorType":null,"eventId":"235f275b-06c7-416d-b273-1f10b2ade8a6","eventType":"cloud.mini_batch","level":"warn","message":"Outbox event dispatch failed","timestamp":"2026-07-25T06:54:29.653Z"}
{"baseUrl":"https://speypos-cloud-api.ryong.net","businessDate":"2026-07-25","level":"info","message":"Cloud sync starting.","orderCount":20,"shiftId":"56ef50c8-9581-4ead-9ea4-2c02d6e15628","storeId":"1","timestamp":"2026-07-25T06:54:33.617Z"}
{"error":"Validation failed","errorAddress":null,"errorCause":null,"errorCode":"invalid_event_batch","errorErrno":null,"errorName":"Error","errorPort":null,"errorRequestId":"799ee953-4414-4c07-a506-615e7db7b004","errorStack":"Error: Validation failed\n    at postJson (file:///C:/Users/POS/speypos-system/speypos-local/src/services/cloudIngest.service.js:119:25)\n    at process.processTicksAndRejections (node:internal/process/task_queues:95:5)\n    at async uploadOrdersBatch (file:///C:/Users/POS/speypos-system/speypos-local/src/services/cloudIngest.service.js:170:60)\n    at async dispatchCloudMiniBatch (file:///C:/Users/POS/speypos-system/speypos-local/src/services/outbox.dispatchers.js:75:18)\n    at async processBatch (file:///C:/Users/POS/speypos-system/speypos-local/src/services/outbox.worker.js:38:7)\n    at async tick (file:///C:/Users/POS/speypos-system/speypos-local/src/services/outbox.worker.js:73:5)","errorStatus":422,"errorSyscall":null,"errorType":null,"level":"error","message":"Cloud sync failed.","timestamp":"2026-07-25T06:54:33.680Z"}
{"attempts":7,"error":"upload_failed","errorAddress":null,"errorCause":null,"errorCode":null,"errorErrno":null,"errorName":"Error","errorPort":null,"errorRequestId":null,"errorStack":"Error: upload_failed\n    at dispatchCloudMiniBatch (file:///C:/Users/POS/speypos-system/speypos-local/src/services/outbox.dispatchers.js:78:11)\n    at process.processTicksAndRejections (node:internal/process/task_queues:95:5)\n    at async processBatch (file:///C:/Users/POS/speypos-system/speypos-local/src/services/outbox.worker.js:38:7)\n    at async tick (file:///C:/Users/POS/speypos-system/speypos-local/src/services/outbox.worker.js:73:5)","errorStatus":null,"errorSyscall":null,"errorType":null,"eventId":"23d93ee1-ded4-4648-b07a-c1ff1e20f2a9","eventType":"cloud.mini_batch","level":"warn","message":"Outbox event dispatch failed","timestamp":"2026-07-25T06:54:33.682Z"}
{"level":"info","message":"Telegram message sent successfully.","timestamp":"2026-07-25T06:54:38.700Z"}
{"level":"info","message":"Successfully sent and marked Telegram notification for shift 56ef50c8-9581-4ead-9ea4-2c02d6e15628","timestamp":"2026-07-25T06:54:38.701Z"}
{"baseUrl":"https://speypos-cloud-api.ryong.net","businessDate":"2026-07-25","level":"info","message":"Cloud sync starting.","orderCount":20,"shiftId":"56ef50c8-9581-4ead-9ea4-2c02d6e15628","storeId":"1","timestamp":"2026-07-25T06:54:38.772Z"}
{"error":"Validation failed","errorAddress":null,"errorCause":null,"errorCode":"invalid_event_batch","errorErrno":null,"errorName":"Error","errorPort":null,"errorRequestId":"4a47cc77-588e-4a12-88fa-643a055d9335","errorStack":"Error: Validation failed\n    at postJson (file:///C:/Users/POS/speypos-system/speypos-local/src/services/cloudIngest.service.js:119:25)\n    at process.processTicksAndRejections (node:internal/process/task_queues:95:5)\n    at async uploadOrdersBatch (file:///C:/Users/POS/speypos-system/speypos-local/src/services/cloudIngest.service.js:170:60)\n    at async dispatchCloudFlush (file:///C:/Users/POS/speypos-system/speypos-local/src/services/outbox.dispatchers.js:104:20)\n    at async processBatch (file:///C:/Users/POS/speypos-system/speypos-local/src/services/outbox.worker.js:38:7)\n    at async tick (file:///C:/Users/POS/speypos-system/speypos-local/src/services/outbox.worker.js:73:5)","errorStatus":422,"errorSyscall":null,"errorType":null,"level":"error","message":"Cloud sync failed.","timestamp":"2026-07-25T06:54:38.931Z"}
{"attempts":1,"error":"upload_failed","errorAddress":null,"errorCause":null,"errorCode":null,"errorErrno":null,"errorName":"Error","errorPort":null,"errorRequestId":null,"errorStack":"Error: upload_failed\n    at dispatchCloudFlush (file:///C:/Users/POS/speypos-system/speypos-local/src/services/outbox.dispatchers.js:107:13)\n    at process.processTicksAndRejections (node:internal/process/task_queues:95:5)\n    at async processBatch (file:///C:/Users/POS/speypos-system/speypos-local/src/services/outbox.worker.js:38:7)\n    at async tick (file:///C:/Users/POS/speypos-system/speypos-local/src/services/outbox.worker.js:73:5)","errorStatus":null,"errorSyscall":null,"errorType":null,"eventId":"3b685b77-fe49-41d3-9060-429769f7fac6","eventType":"cloud.flush","level":"warn","message":"Outbox event dispatch failed","timestamp":"2026-07-25T06:54:38.933Z"}
{"level":"info","message":"Skipping cloud mini-batch for shift 56ef50c8-9581-4ead-9ea4-2c02d6e15628 because it is not open.","timestamp":"2026-07-25T06:54:39.582Z"}
{"baseUrl":"https://speypos-cloud-api.ryong.net","businessDate":"2026-07-25","level":"info","message":"Cloud sync starting.","orderCount":20,"shiftId":"56ef50c8-9581-4ead-9ea4-2c02d6e15628","storeId":"1","timestamp":"2026-07-25T06:54:40.636Z"}
{"error":"Validation failed","errorAddress":null,"errorCause":null,"errorCode":"invalid_event_batch","errorErrno":null,"errorName":"Error","errorPort":null,"errorRequestId":"f0ed0938-22ab-4b70-bda9-e02fbcd9f9e1","errorStack":"Error: Validation failed\n    at postJson (file:///C:/Users/POS/speypos-system/speypos-local/src/services/cloudIngest.service.js:119:25)\n    at process.processTicksAndRejections (node:internal/process/task_queues:95:5)\n    at async uploadOrdersBatch (file:///C:/Users/POS/speypos-system/speypos-local/src/services/cloudIngest.service.js:170:60)\n    at async dispatchCloudFlush (file:///C:/Users/POS/speypos-system/speypos-local/src/services/outbox.dispatchers.js:104:20)\n    at async processBatch (file:///C:/Users/POS/speypos-system/speypos-local/src/services/outbox.worker.js:38:7)\n    at async tick (file:///C:/Users/POS/speypos-system/speypos-local/src/services/outbox.worker.js:73:5)","errorStatus":422,"errorSyscall":null,"errorType":null,"level":"error","message":"Cloud sync failed.","timestamp":"2026-07-25T06:54:40.691Z"}
{"attempts":2,"error":"upload_failed","errorAddress":null,"errorCause":null,"errorCode":null,"errorErrno":null,"errorName":"Error","errorPort":null,"errorRequestId":null,"errorStack":"Error: upload_failed\n    at dispatchCloudFlush (file:///C:/Users/POS/speypos-system/speypos-local/src/services/outbox.dispatchers.js:107:13)\n    at process.processTicksAndRejections (node:internal/process/task_queues:95:5)\n    at async processBatch (file:///C:/Users/POS/speypos-system/speypos-local/src/services/outbox.worker.js:38:7)\n    at async tick (file:///C:/Users/POS/speypos-system/speypos-local/src/services/outbox.worker.js:73:5)","errorStatus":null,"errorSyscall":null,"errorType":null,"eventId":"3b685b77-fe49-41d3-9060-429769f7fac6","eventType":"cloud.flush","level":"warn","message":"Outbox event dispatch failed","timestamp":"2026-07-25T06:54:40.692Z"}
{"level":"info","message":"Skipping cloud mini-batch for shift 56ef50c8-9581-4ead-9ea4-2c02d6e15628 because it is not open.","timestamp":"2026-07-25T06:54:41.583Z"}
{"baseUrl":"https://speypos-cloud-api.ryong.net","businessDate":"2026-07-25","level":"info","message":"Cloud sync starting.","orderCount":20,"shiftId":"56ef50c8-9581-4ead-9ea4-2c02d6e15628","storeId":"1","timestamp":"2026-07-25T06:54:43.653Z"}
{"error":"Validation failed","errorAddress":null,"errorCause":null,"errorCode":"invalid_event_batch","errorErrno":null,"errorName":"Error","errorPort":null,"errorRequestId":"aae5b234-c25f-4c19-8616-40c953bd6f6e","errorStack":"Error: Validation failed\n    at postJson (file:///C:/Users/POS/speypos-system/speypos-local/src/services/cloudIngest.service.js:119:25)\n    at process.processTicksAndRejections (node:internal/process/task_queues:95:5)\n    at async uploadOrdersBatch (file:///C:/Users/POS/speypos-system/speypos-local/src/services/cloudIngest.service.js:170:60)\n    at async dispatchCloudFlush (file:///C:/Users/POS/speypos-system/speypos-local/src/services/outbox.dispatchers.js:104:20)\n    at async processBatch (file:///C:/Users/POS/speypos-system/speypos-local/src/services/outbox.worker.js:38:7)\n    at async tick (file:///C:/Users/POS/speypos-system/speypos-local/src/services/outbox.worker.js:73:5)","errorStatus":422,"errorSyscall":null,"errorType":null,"level":"error","message":"Cloud sync failed.","timestamp":"2026-07-25T06:54:43.713Z"}
{"attempts":3,"error":"upload_failed","errorAddress":null,"errorCause":null,"errorCode":null,"errorErrno":null,"errorName":"Error","errorPort":null,"errorRequestId":null,"errorStack":"Error: upload_failed\n    at dispatchCloudFlush (file:///C:/Users/POS/speypos-system/speypos-local/src/services/outbox.dispatchers.js:107:13)\n    at process.processTicksAndRejections (node:internal/process/task_queues:95:5)\n    at async processBatch (file:///C:/Users/POS/speypos-system/speypos-local/src/services/outbox.worker.js:38:7)\n    at async tick (file:///C:/Users/POS/speypos-system/speypos-local/src/services/outbox.worker.js:73:5)","errorStatus":null,"errorSyscall":null,"errorType":null,"eventId":"3b685b77-fe49-41d3-9060-429769f7fac6","eventType":"cloud.flush","level":"warn","message":"Outbox event dispatch failed","timestamp":"2026-07-25T06:54:43.714Z"}
{"baseUrl":"https://speypos-cloud-api.ryong.net","businessDate":"2026-07-25","level":"info","message":"Cloud sync starting.","orderCount":20,"shiftId":"56ef50c8-9581-4ead-9ea4-2c02d6e15628","storeId":"1","timestamp":"2026-07-25T06:54:48.657Z"}
{"error":"Validation failed","errorAddress":null,"errorCause":null,"errorCode":"invalid_event_batch","errorErrno":null,"errorName":"Error","errorPort":null,"errorRequestId":"2283a1dc-57bf-4a8d-b7c0-6f499d81fe07","errorStack":"Error: Validation failed\n    at postJson (file:///C:/Users/POS/speypos-system/speypos-local/src/services/cloudIngest.service.js:119:25)\n    at process.processTicksAndRejections (node:internal/process/task_queues:95:5)\n    at async uploadOrdersBatch (file:///C:/Users/POS/speypos-system/speypos-local/src/services/cloudIngest.service.js:170:60)\n    at async dispatchCloudFlush (file:///C:/Users/POS/speypos-system/speypos-local/src/services/outbox.dispatchers.js:104:20)\n    at async processBatch (file:///C:/Users/POS/speypos-system/speypos-local/src/services/outbox.worker.js:38:7)\n    at async tick (file:///C:/Users/POS/speypos-system/speypos-local/src/services/outbox.worker.js:73:5)","errorStatus":422,"errorSyscall":null,"errorType":null,"level":"error","message":"Cloud sync failed.","timestamp":"2026-07-25T06:54:48.820Z"}
{"attempts":4,"error":"upload_failed","errorAddress":null,"errorCause":null,"errorCode":null,"errorErrno":null,"errorName":"Error","errorPort":null,"errorRequestId":null,"errorStack":"Error: upload_failed\n    at dispatchCloudFlush (file:///C:/Users/POS/speypos-system/speypos-local/src/services/outbox.dispatchers.js:107:13)\n    at process.processTicksAndRejections (node:internal/process/task_queues:95:5)\n    at async processBatch (file:///C:/Users/POS/speypos-system/speypos-local/src/services/outbox.worker.js:38:7)\n    at async tick (file:///C:/Users/POS/speypos-system/speypos-local/src/services/outbox.worker.js:73:5)","errorStatus":null,"errorSyscall":null,"errorType":null,"eventId":"3b685b77-fe49-41d3-9060-429769f7fac6","eventType":"cloud.flush","level":"warn","message":"Outbox event dispatch failed","timestamp":"2026-07-25T06:54:48.822Z"}
{"level":"info","message":"Skipping cloud mini-batch for shift 56ef50c8-9581-4ead-9ea4-2c02d6e15628 because it is not open.","timestamp":"2026-07-25T06:54:51.631Z"}
{"level":"info","message":"Skipping cloud mini-batch for shift 56ef50c8-9581-4ead-9ea4-2c02d6e15628 because it is not open.","timestamp":"2026-07-25T06:54:52.630Z"}
{"baseUrl":"https://speypos-cloud-api.ryong.net","businessDate":"2026-07-25","level":"info","message":"Cloud sync starting.","orderCount":20,"shiftId":"56ef50c8-9581-4ead-9ea4-2c02d6e15628","storeId":"1","timestamp":"2026-07-25T06:54:57.724Z"}
{"error":"Validation failed","errorAddress":null,"errorCause":null,"errorCode":"invalid_event_batch","errorErrno":null,"errorName":"Error","errorPort":null,"errorRequestId":"be4ff5fd-4166-4f80-a18a-cafdf0e751e1","errorStack":"Error: Validation failed\n    at postJson (file:///C:/Users/POS/speypos-system/speypos-local/src/services/cloudIngest.service.js:119:25)\n    at process.processTicksAndRejections (node:internal/process/task_queues:95:5)\n    at async uploadOrdersBatch (file:///C:/Users/POS/speypos-system/speypos-local/src/services/cloudIngest.service.js:170:60)\n    at async dispatchCloudFlush (file:///C:/Users/POS/speypos-system/speypos-local/src/services/outbox.dispatchers.js:104:20)\n    at async processBatch (file:///C:/Users/POS/speypos-system/speypos-local/src/services/outbox.worker.js:38:7)\n    at async tick (file:///C:/Users/POS/speypos-system/speypos-local/src/services/outbox.worker.js:73:5)","errorStatus":422,"errorSyscall":null,"errorType":null,"level":"error","message":"Cloud sync failed.","timestamp":"2026-07-25T06:54:57.888Z"}
{"attempts":5,"error":"upload_failed","errorAddress":null,"errorCause":null,"errorCode":null,"errorErrno":null,"errorName":"Error","errorPort":null,"errorRequestId":null,"errorStack":"Error: upload_failed\n    at dispatchCloudFlush (file:///C:/Users/POS/speypos-system/speypos-local/src/services/outbox.dispatchers.js:107:13)\n    at process.processTicksAndRejections (node:internal/process/task_queues:95:5)\n    at async processBatch (file:///C:/Users/POS/speypos-system/speypos-local/src/services/outbox.worker.js:38:7)\n    at async tick (file:///C:/Users/POS/speypos-system/speypos-local/src/services/outbox.worker.js:73:5)","errorStatus":null,"errorSyscall":null,"errorType":null,"eventId":"3b685b77-fe49-41d3-9060-429769f7fac6","eventType":"cloud.flush","level":"warn","message":"Outbox event dispatch failed","timestamp":"2026-07-25T06:54:57.890Z"}
{"level":"info","message":"Skipping cloud mini-batch for shift 56ef50c8-9581-4ead-9ea4-2c02d6e15628 because it is not open.","timestamp":"2026-07-25T06:55:00.696Z"}
{"level":"info","message":"Skipping cloud mini-batch for shift 56ef50c8-9581-4ead-9ea4-2c02d6e15628 because it is not open.","timestamp":"2026-07-25T06:55:02.729Z"}
{"level":"info","message":"Skipping cloud mini-batch for shift 56ef50c8-9581-4ead-9ea4-2c02d6e15628 because it is not open.","timestamp":"2026-07-25T06:55:10.796Z"}
{"baseUrl":"https://speypos-cloud-api.ryong.net","businessDate":"2026-07-25","level":"info","message":"Cloud sync starting.","orderCount":20,"shiftId":"56ef50c8-9581-4ead-9ea4-2c02d6e15628","storeId":"1","timestamp":"2026-07-25T06:55:14.917Z"}
{"error":"Validation failed","errorAddress":null,"errorCause":null,"errorCode":"invalid_event_batch","errorErrno":null,"errorName":"Error","errorPort":null,"errorRequestId":"50eccd1c-ca5b-4979-bcba-946f59d008c5","errorStack":"Error: Validation failed\n    at postJson (file:///C:/Users/POS/speypos-system/speypos-local/src/services/cloudIngest.service.js:119:25)\n    at process.processTicksAndRejections (node:internal/process/task_queues:95:5)\n    at async uploadOrdersBatch (file:///C:/Users/POS/speypos-system/speypos-local/src/services/cloudIngest.service.js:170:60)\n    at async dispatchCloudFlush (file:///C:/Users/POS/speypos-system/speypos-local/src/services/outbox.dispatchers.js:104:20)\n    at async processBatch (file:///C:/Users/POS/speypos-system/speypos-local/src/services/outbox.worker.js:38:7)\n    at async tick (file:///C:/Users/POS/speypos-system/speypos-local/src/services/outbox.worker.js:73:5)","errorStatus":422,"errorSyscall":null,"errorType":null,"level":"error","message":"Cloud sync failed.","timestamp":"2026-07-25T06:55:15.133Z"}
{"attempts":6,"error":"upload_failed","errorAddress":null,"errorCause":null,"errorCode":null,"errorErrno":null,"errorName":"Error","errorPort":null,"errorRequestId":null,"errorStack":"Error: upload_failed\n    at dispatchCloudFlush (file:///C:/Users/POS/speypos-system/speypos-local/src/services/outbox.dispatchers.js:107:13)\n    at process.processTicksAndRejections (node:internal/process/task_queues:95:5)\n    at async processBatch (file:///C:/Users/POS/speypos-system/speypos-local/src/services/outbox.worker.js:38:7)\n    at async tick (file:///C:/Users/POS/speypos-system/speypos-local/src/services/outbox.worker.js:73:5)","errorStatus":null,"errorSyscall":null,"errorType":null,"eventId":"3b685b77-fe49-41d3-9060-429769f7fac6","eventType":"cloud.flush","level":"warn","message":"Outbox event dispatch failed","timestamp":"2026-07-25T06:55:15.135Z"}
{"level":"info","message":"Skipping cloud mini-batch for shift 56ef50c8-9581-4ead-9ea4-2c02d6e15628 because it is not open.","timestamp":"2026-07-25T06:55:17.861Z"}
{"level":"info","message":"Skipping cloud mini-batch for shift 56ef50c8-9581-4ead-9ea4-2c02d6e15628 because it is not open.","timestamp":"2026-07-25T06:55:29.977Z"}
{"level":"info","message":"Skipping cloud mini-batch for shift 56ef50c8-9581-4ead-9ea4-2c02d6e15628 because it is not open.","timestamp":"2026-07-25T06:55:38.043Z"}
{"baseUrl":"https://speypos-cloud-api.ryong.net","businessDate":"2026-07-25","level":"info","message":"Cloud sync starting.","orderCount":20,"shiftId":"56ef50c8-9581-4ead-9ea4-2c02d6e15628","storeId":"1","timestamp":"2026-07-25T06:55:48.148Z"}
{"error":"Validation failed","errorAddress":null,"errorCause":null,"errorCode":"invalid_event_batch","errorErrno":null,"errorName":"Error","errorPort":null,"errorRequestId":"ec22e216-5f72-40b8-93e2-318bf1277ee8","errorStack":"Error: Validation failed\n    at postJson (file:///C:/Users/POS/speypos-system/speypos-local/src/services/cloudIngest.service.js:119:25)\n    at process.processTicksAndRejections (node:internal/process/task_queues:95:5)\n    at async uploadOrdersBatch (file:///C:/Users/POS/speypos-system/speypos-local/src/services/cloudIngest.service.js:170:60)\n    at async dispatchCloudFlush (file:///C:/Users/POS/speypos-system/speypos-local/src/services/outbox.dispatchers.js:104:20)\n    at async processBatch (file:///C:/Users/POS/speypos-system/speypos-local/src/services/outbox.worker.js:38:7)\n    at async tick (file:///C:/Users/POS/speypos-system/speypos-local/src/services/outbox.worker.js:73:5)","errorStatus":422,"errorSyscall":null,"errorType":null,"level":"error","message":"Cloud sync failed.","timestamp":"2026-07-25T06:55:48.325Z"}
{"attempts":7,"error":"upload_failed","errorAddress":null,"errorCause":null,"errorCode":null,"errorErrno":null,"errorName":"Error","errorPort":null,"errorRequestId":null,"errorStack":"Error: upload_failed\n    at dispatchCloudFlush (file:///C:/Users/POS/speypos-system/speypos-local/src/services/outbox.dispatchers.js:107:13)\n    at process.processTicksAndRejections (node:internal/process/task_queues:95:5)\n    at async processBatch (file:///C:/Users/POS/speypos-system/speypos-local/src/services/outbox.worker.js:38:7)\n    at async tick (file:///C:/Users/POS/speypos-system/speypos-local/src/services/outbox.worker.js:73:5)","errorStatus":null,"errorSyscall":null,"errorType":null,"eventId":"3b685b77-fe49-41d3-9060-429769f7fac6","eventType":"cloud.flush","level":"warn","message":"Outbox event dispatch failed","timestamp":"2026-07-25T06:55:48.327Z"}
{"baseUrl":"https://speypos-cloud-api.ryong.net","businessDate":"2026-07-25","level":"info","message":"Cloud sync starting.","orderCount":20,"shiftId":"56ef50c8-9581-4ead-9ea4-2c02d6e15628","storeId":"1","timestamp":"2026-07-25T06:56:53.509Z"}
{"error":"Validation failed","errorAddress":null,"errorCause":null,"errorCode":"invalid_event_batch","errorErrno":null,"errorName":"Error","errorPort":null,"errorRequestId":"d4ba847d-99df-445e-84af-41533cf55ac6","errorStack":"Error: Validation failed\n    at postJson (file:///C:/Users/POS/speypos-system/speypos-local/src/services/cloudIngest.service.js:119:25)\n    at process.processTicksAndRejections (node:internal/process/task_queues:95:5)\n    at async uploadOrdersBatch (file:///C:/Users/POS/speypos-system/speypos-local/src/services/cloudIngest.service.js:170:60)\n    at async dispatchCloudFlush (file:///C:/Users/POS/speypos-system/speypos-local/src/services/outbox.dispatchers.js:104:20)\n    at async processBatch (file:///C:/Users/POS/speypos-system/speypos-local/src/services/outbox.worker.js:38:7)\n    at async tick (file:///C:/Users/POS/speypos-system/speypos-local/src/services/outbox.worker.js:73:5)","errorStatus":422,"errorSyscall":null,"errorType":null,"level":"error","message":"Cloud sync failed.","timestamp":"2026-07-25T06:56:53.678Z"}
{"attempts":8,"error":"upload_failed","errorAddress":null,"errorCause":null,"errorCode":null,"errorErrno":null,"errorName":"Error","errorPort":null,"errorRequestId":null,"errorStack":"Error: upload_failed\n    at dispatchCloudFlush (file:///C:/Users/POS/speypos-system/speypos-local/src/services/outbox.dispatchers.js:107:13)\n    at process.processTicksAndRejections (node:internal/process/task_queues:95:5)\n    at async processBatch (file:///C:/Users/POS/speypos-system/speypos-local/src/services/outbox.worker.js:38:7)\n    at async tick (file:///C:/Users/POS/speypos-system/speypos-local/src/services/outbox.worker.js:73:5)","errorStatus":null,"errorSyscall":null,"errorType":null,"eventId":"3b685b77-fe49-41d3-9060-429769f7fac6","eventType":"cloud.flush","level":"warn","message":"Outbox event dispatch failed","timestamp":"2026-07-25T06:56:53.679Z"}
{"baseUrl":"https://speypos-cloud-api.ryong.net","businessDate":"2026-07-25","level":"info","message":"Cloud sync starting.","orderCount":20,"shiftId":"56ef50c8-9581-4ead-9ea4-2c02d6e15628","storeId":"1","timestamp":"2026-07-25T06:57:58.670Z"}
{"error":"Validation failed","errorAddress":null,"errorCause":null,"errorCode":"invalid_event_batch","errorErrno":null,"errorName":"Error","errorPort":null,"errorRequestId":"959dbcdd-36b5-4373-b247-f184569261c9","errorStack":"Error: Validation failed\n    at postJson (file:///C:/Users/POS/speypos-system/speypos-local/src/services/cloudIngest.service.js:119:25)\n    at process.processTicksAndRejections (node:internal/process/task_queues:95:5)\n    at async uploadOrdersBatch (file:///C:/Users/POS/speypos-system/speypos-local/src/services/cloudIngest.service.js:170:60)\n    at async dispatchCloudFlush (file:///C:/Users/POS/speypos-system/speypos-local/src/services/outbox.dispatchers.js:104:20)\n    at async processBatch (file:///C:/Users/POS/speypos-system/speypos-local/src/services/outbox.worker.js:38:7)\n    at async tick (file:///C:/Users/POS/speypos-system/speypos-local/src/services/outbox.worker.js:73:5)","errorStatus":422,"errorSyscall":null,"errorType":null,"level":"error","message":"Cloud sync failed.","timestamp":"2026-07-25T06:57:58.887Z"}
{"attempts":9,"error":"upload_failed","errorAddress":null,"errorCause":null,"errorCode":null,"errorErrno":null,"errorName":"Error","errorPort":null,"errorRequestId":null,"errorStack":"Error: upload_failed\n    at dispatchCloudFlush (file:///C:/Users/POS/speypos-system/speypos-local/src/services/outbox.dispatchers.js:107:13)\n    at process.processTicksAndRejections (node:internal/process/task_queues:95:5)\n    at async processBatch (file:///C:/Users/POS/speypos-system/speypos-local/src/services/outbox.worker.js:38:7)\n    at async tick (file:///C:/Users/POS/speypos-system/speypos-local/src/services/outbox.worker.js:73:5)","errorStatus":null,"errorSyscall":null,"errorType":null,"eventId":"3b685b77-fe49-41d3-9060-429769f7fac6","eventType":"cloud.flush","level":"warn","message":"Outbox event dispatch failed","timestamp":"2026-07-25T06:57:58.889Z"}
{"baseUrl":"https://speypos-cloud-api.ryong.net","businessDate":"2026-07-25","level":"info","message":"Cloud sync starting.","orderCount":20,"shiftId":"56ef50c8-9581-4ead-9ea4-2c02d6e15628","storeId":"1","timestamp":"2026-07-25T06:59:03.972Z"}
{"error":"Validation failed","errorAddress":null,"errorCause":null,"errorCode":"invalid_event_batch","errorErrno":null,"errorName":"Error","errorPort":null,"errorRequestId":"c1742718-9228-42df-8fb3-8026e92f4bd7","errorStack":"Error: Validation failed\n    at postJson (file:///C:/Users/POS/speypos-system/speypos-local/src/services/cloudIngest.service.js:119:25)\n    at process.processTicksAndRejections (node:internal/process/task_queues:95:5)\n    at async uploadOrdersBatch (file:///C:/Users/POS/speypos-system/speypos-local/src/services/cloudIngest.service.js:170:60)\n    at async dispatchCloudFlush (file:///C:/Users/POS/speypos-system/speypos-local/src/services/outbox.dispatchers.js:104:20)\n    at async processBatch (file:///C:/Users/POS/speypos-system/speypos-local/src/services/outbox.worker.js:38:7)\n    at async tick (file:///C:/Users/POS/speypos-system/speypos-local/src/services/outbox.worker.js:73:5)","errorStatus":422,"errorSyscall":null,"errorType":null,"level":"error","message":"Cloud sync failed.","timestamp":"2026-07-25T06:59:04.142Z"}
{"attempts":10,"error":"upload_failed","errorAddress":null,"errorCause":null,"errorCode":null,"errorErrno":null,"errorName":"Error","errorPort":null,"errorRequestId":null,"errorStack":"Error: upload_failed\n    at dispatchCloudFlush (file:///C:/Users/POS/speypos-system/speypos-local/src/services/outbox.dispatchers.js:107:13)\n    at process.processTicksAndRejections (node:internal/process/task_queues:95:5)\n    at async processBatch (file:///C:/Users/POS/speypos-system/speypos-local/src/services/outbox.worker.js:38:7)\n    at async tick (file:///C:/Users/POS/speypos-system/speypos-local/src/services/outbox.worker.js:73:5)","errorStatus":null,"errorSyscall":null,"errorType":null,"eventId":"3b685b77-fe49-41d3-9060-429769f7fac6","eventType":"cloud.flush","level":"warn","message":"Outbox event dispatch failed","timestamp":"2026-07-25T06:59:04.144Z"}
{"level":"info","message":"Starting print job for order ID: c66daafa-c33c-4cfd-9abf-b2bd2f671525.","status":"completed","timestamp":"2026-07-25T07:12:47.987Z"}
{"copies":[{"count":1,"variant":"INTERNAL"}],"engine":"canvas","level":"info","message":"Printing 1 variants for order c66daafa-c33c-4cfd-9abf-b2bd2f671525","timestamp":"2026-07-25T07:12:47.988Z"}
{"level":"info","message":"[canvas] Rendering ESC/POS buffer for variant INTERNAL, order c66daafa-c33c-4cfd-9abf-b2bd2f671525.","timestamp":"2026-07-25T07:12:47.988Z"}
{"level":"info","message":"[canvas] Sending copy 1/1 of variant INTERNAL for order c66daafa-c33c-4cfd-9abf-b2bd2f671525.","timestamp":"2026-07-25T07:12:48.000Z"}
{"bufferBytes":23340,"level":"info","message":"ESC/POS transport: preparing to send buffer to printer","printerName":"\\\\localhost\\XP80","timestamp":"2026-07-25T07:12:48.001Z"}
{"bufferBytes":23340,"level":"info","message":"ESC/POS transport: buffer sent successfully","printerName":"\\\\localhost\\XP80","timestamp":"2026-07-25T07:12:48.267Z"}
{"level":"info","message":"Print job for order c66daafa-c33c-4cfd-9abf-b2bd2f671525 completed and marked as printed.","timestamp":"2026-07-25T07:12:48.268Z"}
{"level":"info","message":"Skipping cloud mini-batch for shift 9ffd0139-5667-429a-9808-b0ade9e3c9d8; below threshold.","timestamp":"2026-07-25T07:12:48.269Z"}
{"level":"info","message":"Telegram message sent successfully.","timestamp":"2026-07-25T07:12:49.277Z"}
{"level":"info","message":"Successfully sent and marked Telegram notification for order c66daafa-c33c-4cfd-9abf-b2bd2f671525","timestamp":"2026-07-25T07:12:49.278Z"}
{"level":"info","message":"Starting print job for order ID: 79615aeb-c315-4b72-bd77-8bdd8b22f9ec.","status":"completed","timestamp":"2026-07-25T07:12:54.008Z"}
{"copies":[{"count":1,"variant":"INTERNAL"}],"engine":"canvas","level":"info","message":"Printing 1 variants for order 79615aeb-c315-4b72-bd77-8bdd8b22f9ec","timestamp":"2026-07-25T07:12:54.009Z"}
{"level":"info","message":"[canvas] Rendering ESC/POS buffer for variant INTERNAL, order 79615aeb-c315-4b72-bd77-8bdd8b22f9ec.","timestamp":"2026-07-25T07:12:54.009Z"}
{"level":"info","message":"[canvas] Sending copy 1/1 of variant INTERNAL for order 79615aeb-c315-4b72-bd77-8bdd8b22f9ec.","timestamp":"2026-07-25T07:12:54.026Z"}
{"bufferBytes":23340,"level":"info","message":"ESC/POS transport: preparing to send buffer to printer","printerName":"\\\\localhost\\XP80","timestamp":"2026-07-25T07:12:54.026Z"}
{"bufferBytes":23340,"level":"info","message":"ESC/POS transport: buffer sent successfully","printerName":"\\\\localhost\\XP80","timestamp":"2026-07-25T07:12:54.291Z"}
{"level":"info","message":"Print job for order 79615aeb-c315-4b72-bd77-8bdd8b22f9ec completed and marked as printed.","timestamp":"2026-07-25T07:12:54.291Z"}
{"level":"info","message":"Telegram message sent successfully.","timestamp":"2026-07-25T07:12:55.262Z"}
{"level":"info","message":"Successfully sent and marked Telegram notification for order 79615aeb-c315-4b72-bd77-8bdd8b22f9ec","timestamp":"2026-07-25T07:12:55.267Z"}
{"level":"info","message":"Skipping cloud mini-batch for shift 9ffd0139-5667-429a-9808-b0ade9e3c9d8; below threshold.","timestamp":"2026-07-25T07:12:55.268Z"}
{"level":"info","message":"Starting print job for order ID: ed0a6ad4-7bef-483a-bcb2-c94b04b3f966.","status":"completed","timestamp":"2026-07-25T07:31:57.206Z"}
{"copies":[{"count":1,"variant":"INTERNAL"}],"engine":"canvas","level":"info","message":"Printing 1 variants for order ed0a6ad4-7bef-483a-bcb2-c94b04b3f966","timestamp":"2026-07-25T07:31:57.207Z"}
{"level":"info","message":"[canvas] Rendering ESC/POS buffer for variant INTERNAL, order ed0a6ad4-7bef-483a-bcb2-c94b04b3f966.","timestamp":"2026-07-25T07:31:57.207Z"}
{"level":"info","message":"[canvas] Sending copy 1/1 of variant INTERNAL for order ed0a6ad4-7bef-483a-bcb2-c94b04b3f966.","timestamp":"2026-07-25T07:31:57.236Z"}
{"bufferBytes":23340,"level":"info","message":"ESC/POS transport: preparing to send buffer to printer","printerName":"\\\\localhost\\XP80","timestamp":"2026-07-25T07:31:57.237Z"}
{"bufferBytes":23340,"level":"info","message":"ESC/POS transport: buffer sent successfully","printerName":"\\\\localhost\\XP80","timestamp":"2026-07-25T07:31:57.520Z"}
{"level":"info","message":"Print job for order ed0a6ad4-7bef-483a-bcb2-c94b04b3f966 completed and marked as printed.","timestamp":"2026-07-25T07:31:57.522Z"}
{"level":"info","message":"Telegram message sent successfully.","timestamp":"2026-07-25T07:31:58.501Z"}
{"level":"info","message":"Successfully sent and marked Telegram notification for order ed0a6ad4-7bef-483a-bcb2-c94b04b3f966","timestamp":"2026-07-25T07:31:58.502Z"}
{"level":"info","message":"Skipping cloud mini-batch for shift 9ffd0139-5667-429a-9808-b0ade9e3c9d8; below threshold.","timestamp":"2026-07-25T07:31:58.504Z"}
{"level":"info","message":"Starting print job for order ID: 42f73edc-f921-40ef-85da-24342854936e.","status":"completed","timestamp":"2026-07-25T07:42:39.987Z"}
{"copies":[{"count":1,"variant":"INTERNAL"}],"engine":"canvas","level":"info","message":"Printing 1 variants for order 42f73edc-f921-40ef-85da-24342854936e","timestamp":"2026-07-25T07:42:39.988Z"}
{"level":"info","message":"[canvas] Rendering ESC/POS buffer for variant INTERNAL, order 42f73edc-f921-40ef-85da-24342854936e.","timestamp":"2026-07-25T07:42:39.992Z"}
{"level":"info","message":"[canvas] Sending copy 1/1 of variant INTERNAL for order 42f73edc-f921-40ef-85da-24342854936e.","timestamp":"2026-07-25T07:42:40.020Z"}
{"bufferBytes":23340,"level":"info","message":"ESC/POS transport: preparing to send buffer to printer","printerName":"\\\\localhost\\XP80","timestamp":"2026-07-25T07:42:40.021Z"}
{"bufferBytes":23340,"level":"info","message":"ESC/POS transport: buffer sent successfully","printerName":"\\\\localhost\\XP80","timestamp":"2026-07-25T07:42:40.302Z"}
{"level":"info","message":"Print job for order 42f73edc-f921-40ef-85da-24342854936e completed and marked as printed.","timestamp":"2026-07-25T07:42:40.304Z"}
{"level":"info","message":"Skipping cloud mini-batch for shift 9ffd0139-5667-429a-9808-b0ade9e3c9d8; below threshold.","timestamp":"2026-07-25T07:42:40.306Z"}
{"level":"info","message":"Telegram message sent successfully.","timestamp":"2026-07-25T07:42:41.294Z"}
{"level":"info","message":"Successfully sent and marked Telegram notification for order 42f73edc-f921-40ef-85da-24342854936e","timestamp":"2026-07-25T07:42:41.296Z"}
{"level":"info","message":"Starting print job for order ID: 28f66bb6-e6bb-4586-8c75-e7c7183ba77b.","status":"completed","timestamp":"2026-07-25T07:43:27.114Z"}
{"copies":[{"count":1,"variant":"INTERNAL"}],"engine":"canvas","level":"info","message":"Printing 1 variants for order 28f66bb6-e6bb-4586-8c75-e7c7183ba77b","timestamp":"2026-07-25T07:43:27.115Z"}
{"level":"info","message":"[canvas] Rendering ESC/POS buffer for variant INTERNAL, order 28f66bb6-e6bb-4586-8c75-e7c7183ba77b.","timestamp":"2026-07-25T07:43:27.115Z"}
{"level":"info","message":"[canvas] Sending copy 1/1 of variant INTERNAL for order 28f66bb6-e6bb-4586-8c75-e7c7183ba77b.","timestamp":"2026-07-25T07:43:27.149Z"}
{"bufferBytes":23340,"level":"info","message":"ESC/POS transport: preparing to send buffer to printer","printerName":"\\\\localhost\\XP80","timestamp":"2026-07-25T07:43:27.150Z"}
{"bufferBytes":23340,"level":"info","message":"ESC/POS transport: buffer sent successfully","printerName":"\\\\localhost\\XP80","timestamp":"2026-07-25T07:43:27.414Z"}
{"level":"info","message":"Print job for order 28f66bb6-e6bb-4586-8c75-e7c7183ba77b completed and marked as printed.","timestamp":"2026-07-25T07:43:27.415Z"}
{"level":"info","message":"Skipping cloud mini-batch for shift 9ffd0139-5667-429a-9808-b0ade9e3c9d8; below threshold.","timestamp":"2026-07-25T07:43:27.416Z"}
{"level":"info","message":"Telegram message sent successfully.","timestamp":"2026-07-25T07:43:28.594Z"}
{"level":"info","message":"Successfully sent and marked Telegram notification for order 28f66bb6-e6bb-4586-8c75-e7c7183ba77b","timestamp":"2026-07-25T07:43:28.595Z"}
{"level":"info","message":"Starting print job for order ID: 3b358af5-9c1c-449d-bd2a-1111ac03664e.","status":"completed","timestamp":"2026-07-25T08:02:22.563Z"}
{"copies":[{"count":1,"variant":"INTERNAL"}],"engine":"canvas","level":"info","message":"Printing 1 variants for order 3b358af5-9c1c-449d-bd2a-1111ac03664e","timestamp":"2026-07-25T08:02:22.564Z"}
{"level":"info","message":"[canvas] Rendering ESC/POS buffer for variant INTERNAL, order 3b358af5-9c1c-449d-bd2a-1111ac03664e.","timestamp":"2026-07-25T08:02:22.564Z"}
{"level":"info","message":"[canvas] Sending copy 1/1 of variant INTERNAL for order 3b358af5-9c1c-449d-bd2a-1111ac03664e.","timestamp":"2026-07-25T08:02:22.583Z"}
{"bufferBytes":23340,"level":"info","message":"ESC/POS transport: preparing to send buffer to printer","printerName":"\\\\localhost\\XP80","timestamp":"2026-07-25T08:02:22.584Z"}
{"bufferBytes":23340,"level":"info","message":"ESC/POS transport: buffer sent successfully","printerName":"\\\\localhost\\XP80","timestamp":"2026-07-25T08:02:22.862Z"}
{"level":"info","message":"Print job for order 3b358af5-9c1c-449d-bd2a-1111ac03664e completed and marked as printed.","timestamp":"2026-07-25T08:02:22.864Z"}
{"level":"info","message":"Telegram message sent successfully.","timestamp":"2026-07-25T08:02:23.881Z"}
{"level":"info","message":"Successfully sent and marked Telegram notification for order 3b358af5-9c1c-449d-bd2a-1111ac03664e","timestamp":"2026-07-25T08:02:23.882Z"}
{"level":"info","message":"Skipping cloud mini-batch for shift 9ffd0139-5667-429a-9808-b0ade9e3c9d8; below threshold.","timestamp":"2026-07-25T08:02:23.884Z"}
{"level":"info","message":"Starting print job for order ID: b41a798a-c095-4abb-abbb-39204a377dbd.","status":"completed","timestamp":"2026-07-25T08:08:36.996Z"}
{"copies":[{"count":1,"variant":"INTERNAL"}],"engine":"canvas","level":"info","message":"Printing 1 variants for order b41a798a-c095-4abb-abbb-39204a377dbd","timestamp":"2026-07-25T08:08:36.996Z"}
{"level":"info","message":"[canvas] Rendering ESC/POS buffer for variant INTERNAL, order b41a798a-c095-4abb-abbb-39204a377dbd.","timestamp":"2026-07-25T08:08:36.997Z"}
{"level":"info","message":"[canvas] Sending copy 1/1 of variant INTERNAL for order b41a798a-c095-4abb-abbb-39204a377dbd.","timestamp":"2026-07-25T08:08:37.014Z"}
{"bufferBytes":23340,"level":"info","message":"ESC/POS transport: preparing to send buffer to printer","printerName":"\\\\localhost\\XP80","timestamp":"2026-07-25T08:08:37.014Z"}
{"bufferBytes":23340,"level":"info","message":"ESC/POS transport: buffer sent successfully","printerName":"\\\\localhost\\XP80","timestamp":"2026-07-25T08:08:37.282Z"}
{"level":"info","message":"Print job for order b41a798a-c095-4abb-abbb-39204a377dbd completed and marked as printed.","timestamp":"2026-07-25T08:08:37.282Z"}
{"level":"info","message":"Telegram message sent successfully.","timestamp":"2026-07-25T08:08:39.274Z"}
{"level":"info","message":"Successfully sent and marked Telegram notification for order b41a798a-c095-4abb-abbb-39204a377dbd","timestamp":"2026-07-25T08:08:39.275Z"}
{"level":"info","message":"Skipping cloud mini-batch for shift 9ffd0139-5667-429a-9808-b0ade9e3c9d8; below threshold.","timestamp":"2026-07-25T08:08:39.277Z"}
{"level":"info","message":"Starting print job for order ID: 8ed4de03-f362-4c24-b53a-4d19a8cca4ec.","status":"completed","timestamp":"2026-07-25T09:03:24.740Z"}
{"copies":[{"count":1,"variant":"INTERNAL"}],"engine":"canvas","level":"info","message":"Printing 1 variants for order 8ed4de03-f362-4c24-b53a-4d19a8cca4ec","timestamp":"2026-07-25T09:03:24.741Z"}
{"level":"info","message":"[canvas] Rendering ESC/POS buffer for variant INTERNAL, order 8ed4de03-f362-4c24-b53a-4d19a8cca4ec.","timestamp":"2026-07-25T09:03:24.741Z"}
{"level":"info","message":"[canvas] Sending copy 1/1 of variant INTERNAL for order 8ed4de03-f362-4c24-b53a-4d19a8cca4ec.","timestamp":"2026-07-25T09:03:24.768Z"}
{"bufferBytes":23340,"level":"info","message":"ESC/POS transport: preparing to send buffer to printer","printerName":"\\\\localhost\\XP80","timestamp":"2026-07-25T09:03:24.768Z"}
{"bufferBytes":23340,"level":"info","message":"ESC/POS transport: buffer sent successfully","printerName":"\\\\localhost\\XP80","timestamp":"2026-07-25T09:03:25.043Z"}
{"level":"info","message":"Print job for order 8ed4de03-f362-4c24-b53a-4d19a8cca4ec completed and marked as printed.","timestamp":"2026-07-25T09:03:25.049Z"}
{"level":"info","message":"Telegram message sent successfully.","timestamp":"2026-07-25T09:03:26.038Z"}
{"level":"info","message":"Successfully sent and marked Telegram notification for order 8ed4de03-f362-4c24-b53a-4d19a8cca4ec","timestamp":"2026-07-25T09:03:26.039Z"}
{"level":"info","message":"Skipping cloud mini-batch for shift 9ffd0139-5667-429a-9808-b0ade9e3c9d8; below threshold.","timestamp":"2026-07-25T09:03:26.040Z"}
{"level":"info","message":"Starting print job for order ID: 7d022c50-e399-4338-9e2e-411277b84239.","status":"completed","timestamp":"2026-07-25T09:13:43.350Z"}
{"copies":[{"count":1,"variant":"INTERNAL"}],"engine":"canvas","level":"info","message":"Printing 1 variants for order 7d022c50-e399-4338-9e2e-411277b84239","timestamp":"2026-07-25T09:13:43.351Z"}
{"level":"info","message":"[canvas] Rendering ESC/POS buffer for variant INTERNAL, order 7d022c50-e399-4338-9e2e-411277b84239.","timestamp":"2026-07-25T09:13:43.352Z"}
{"level":"info","message":"[canvas] Sending copy 1/1 of variant INTERNAL for order 7d022c50-e399-4338-9e2e-411277b84239.","timestamp":"2026-07-25T09:13:43.372Z"}
{"bufferBytes":23340,"level":"info","message":"ESC/POS transport: preparing to send buffer to printer","printerName":"\\\\localhost\\XP80","timestamp":"2026-07-25T09:13:43.375Z"}
{"bufferBytes":23340,"level":"info","message":"ESC/POS transport: buffer sent successfully","printerName":"\\\\localhost\\XP80","timestamp":"2026-07-25T09:13:43.670Z"}
{"level":"info","message":"Print job for order 7d022c50-e399-4338-9e2e-411277b84239 completed and marked as printed.","timestamp":"2026-07-25T09:13:43.672Z"}
{"level":"info","message":"Skipping cloud mini-batch for shift 9ffd0139-5667-429a-9808-b0ade9e3c9d8; below threshold.","timestamp":"2026-07-25T09:13:43.676Z"}
{"level":"info","message":"Telegram message sent successfully.","timestamp":"2026-07-25T09:13:47.729Z"}
{"level":"info","message":"Successfully sent and marked Telegram notification for order 7d022c50-e399-4338-9e2e-411277b84239","timestamp":"2026-07-25T09:13:47.730Z"}
{"level":"info","message":"Starting print job for order ID: fb193b5f-d8c9-4f20-9f00-86fed12e0f26.","status":"completed","timestamp":"2026-07-25T10:24:33.072Z"}
{"copies":[{"count":1,"variant":"INTERNAL"}],"engine":"canvas","level":"info","message":"Printing 1 variants for order fb193b5f-d8c9-4f20-9f00-86fed12e0f26","timestamp":"2026-07-25T10:24:33.073Z"}
{"level":"info","message":"[canvas] Rendering ESC/POS buffer for variant INTERNAL, order fb193b5f-d8c9-4f20-9f00-86fed12e0f26.","timestamp":"2026-07-25T10:24:33.073Z"}
{"level":"info","message":"[canvas] Sending copy 1/1 of variant INTERNAL for order fb193b5f-d8c9-4f20-9f00-86fed12e0f26.","timestamp":"2026-07-25T10:24:33.088Z"}
{"bufferBytes":23340,"level":"info","message":"ESC/POS transport: preparing to send buffer to printer","printerName":"\\\\localhost\\XP80","timestamp":"2026-07-25T10:24:33.088Z"}
{"bufferBytes":23340,"level":"info","message":"ESC/POS transport: buffer sent successfully","printerName":"\\\\localhost\\XP80","timestamp":"2026-07-25T10:24:33.392Z"}
{"level":"info","message":"Print job for order fb193b5f-d8c9-4f20-9f00-86fed12e0f26 completed and marked as printed.","timestamp":"2026-07-25T10:24:33.395Z"}
{"level":"info","message":"Telegram message sent successfully.","timestamp":"2026-07-25T10:24:34.632Z"}
{"level":"info","message":"Successfully sent and marked Telegram notification for order fb193b5f-d8c9-4f20-9f00-86fed12e0f26","timestamp":"2026-07-25T10:24:34.633Z"}
{"level":"info","message":"Skipping cloud mini-batch for shift 9ffd0139-5667-429a-9808-b0ade9e3c9d8; below threshold.","timestamp":"2026-07-25T10:24:34.635Z"}
{"level":"info","message":"Starting print job for order ID: bffcc93a-5004-4183-982b-1e32deb8a5aa.","status":"completed","timestamp":"2026-07-25T10:26:10.465Z"}
{"copies":[{"count":1,"variant":"INTERNAL"}],"engine":"canvas","level":"info","message":"Printing 1 variants for order bffcc93a-5004-4183-982b-1e32deb8a5aa","timestamp":"2026-07-25T10:26:10.466Z"}
{"level":"info","message":"[canvas] Rendering ESC/POS buffer for variant INTERNAL, order bffcc93a-5004-4183-982b-1e32deb8a5aa.","timestamp":"2026-07-25T10:26:10.466Z"}
{"level":"info","message":"[canvas] Sending copy 1/1 of variant INTERNAL for order bffcc93a-5004-4183-982b-1e32deb8a5aa.","timestamp":"2026-07-25T10:26:10.489Z"}
{"bufferBytes":23340,"level":"info","message":"ESC/POS transport: preparing to send buffer to printer","printerName":"\\\\localhost\\XP80","timestamp":"2026-07-25T10:26:10.490Z"}
{"bufferBytes":23340,"level":"info","message":"ESC/POS transport: buffer sent successfully","printerName":"\\\\localhost\\XP80","timestamp":"2026-07-25T10:26:10.778Z"}
{"level":"info","message":"Print job for order bffcc93a-5004-4183-982b-1e32deb8a5aa completed and marked as printed.","timestamp":"2026-07-25T10:26:10.780Z"}
{"level":"info","message":"Telegram message sent successfully.","timestamp":"2026-07-25T10:26:11.680Z"}
{"level":"info","message":"Successfully sent and marked Telegram notification for order bffcc93a-5004-4183-982b-1e32deb8a5aa","timestamp":"2026-07-25T10:26:11.681Z"}
{"level":"info","message":"Skipping cloud mini-batch for shift 9ffd0139-5667-429a-9808-b0ade9e3c9d8; below threshold.","timestamp":"2026-07-25T10:26:11.682Z"}
{"level":"info","message":"Starting print job for order ID: 71e5459c-75b9-4804-ac63-85f0a9ff9ff5.","status":"completed","timestamp":"2026-07-25T10:34:54.203Z"}
{"copies":[{"count":1,"variant":"INTERNAL"}],"engine":"canvas","level":"info","message":"Printing 1 variants for order 71e5459c-75b9-4804-ac63-85f0a9ff9ff5","timestamp":"2026-07-25T10:34:54.204Z"}
{"level":"info","message":"[canvas] Rendering ESC/POS buffer for variant INTERNAL, order 71e5459c-75b9-4804-ac63-85f0a9ff9ff5.","timestamp":"2026-07-25T10:34:54.204Z"}
{"level":"info","message":"[canvas] Sending copy 1/1 of variant INTERNAL for order 71e5459c-75b9-4804-ac63-85f0a9ff9ff5.","timestamp":"2026-07-25T10:34:54.230Z"}
{"bufferBytes":23340,"level":"info","message":"ESC/POS transport: preparing to send buffer to printer","printerName":"\\\\localhost\\XP80","timestamp":"2026-07-25T10:34:54.230Z"}
{"bufferBytes":23340,"level":"info","message":"ESC/POS transport: buffer sent successfully","printerName":"\\\\localhost\\XP80","timestamp":"2026-07-25T10:34:54.513Z"}
{"level":"info","message":"Print job for order 71e5459c-75b9-4804-ac63-85f0a9ff9ff5 completed and marked as printed.","timestamp":"2026-07-25T10:34:54.514Z"}
{"level":"info","message":"Telegram message sent successfully.","timestamp":"2026-07-25T10:34:55.799Z"}
{"level":"info","message":"Successfully sent and marked Telegram notification for order 71e5459c-75b9-4804-ac63-85f0a9ff9ff5","timestamp":"2026-07-25T10:34:55.800Z"}
{"level":"info","message":"Skipping cloud mini-batch for shift 9ffd0139-5667-429a-9808-b0ade9e3c9d8; below threshold.","timestamp":"2026-07-25T10:34:55.802Z"}
{"level":"info","message":"Starting print job for order ID: a177b185-d187-4161-8865-91a47eff7fbe.","status":"completed","timestamp":"2026-07-25T10:56:24.088Z"}
{"copies":[{"count":1,"variant":"INTERNAL"}],"engine":"canvas","level":"info","message":"Printing 1 variants for order a177b185-d187-4161-8865-91a47eff7fbe","timestamp":"2026-07-25T10:56:24.089Z"}
{"level":"info","message":"[canvas] Rendering ESC/POS buffer for variant INTERNAL, order a177b185-d187-4161-8865-91a47eff7fbe.","timestamp":"2026-07-25T10:56:24.090Z"}
{"level":"info","message":"[canvas] Sending copy 1/1 of variant INTERNAL for order a177b185-d187-4161-8865-91a47eff7fbe.","timestamp":"2026-07-25T10:56:24.109Z"}
{"bufferBytes":23340,"level":"info","message":"ESC/POS transport: preparing to send buffer to printer","printerName":"\\\\localhost\\XP80","timestamp":"2026-07-25T10:56:24.109Z"}
{"bufferBytes":23340,"level":"info","message":"ESC/POS transport: buffer sent successfully","printerName":"\\\\localhost\\XP80","timestamp":"2026-07-25T10:56:24.388Z"}
{"level":"info","message":"Print job for order a177b185-d187-4161-8865-91a47eff7fbe completed and marked as printed.","timestamp":"2026-07-25T10:56:24.389Z"}
{"level":"info","message":"Telegram message sent successfully.","timestamp":"2026-07-25T10:56:25.389Z"}
{"level":"info","message":"Successfully sent and marked Telegram notification for order a177b185-d187-4161-8865-91a47eff7fbe","timestamp":"2026-07-25T10:56:25.390Z"}
{"level":"info","message":"Skipping cloud mini-batch for shift 9ffd0139-5667-429a-9808-b0ade9e3c9d8; below threshold.","timestamp":"2026-07-25T10:56:25.391Z"}
{"level":"info","message":"Starting print job for order ID: 0e60c69a-3989-4d5b-bdb5-ec8d22dd0637.","status":"completed","timestamp":"2026-07-25T11:14:27.756Z"}
{"copies":[{"count":1,"variant":"INTERNAL"}],"engine":"canvas","level":"info","message":"Printing 1 variants for order 0e60c69a-3989-4d5b-bdb5-ec8d22dd0637","timestamp":"2026-07-25T11:14:27.758Z"}
{"level":"info","message":"[canvas] Rendering ESC/POS buffer for variant INTERNAL, order 0e60c69a-3989-4d5b-bdb5-ec8d22dd0637.","timestamp":"2026-07-25T11:14:27.758Z"}
{"level":"info","message":"[canvas] Sending copy 1/1 of variant INTERNAL for order 0e60c69a-3989-4d5b-bdb5-ec8d22dd0637.","timestamp":"2026-07-25T11:14:27.774Z"}
{"bufferBytes":23340,"level":"info","message":"ESC/POS transport: preparing to send buffer to printer","printerName":"\\\\localhost\\XP80","timestamp":"2026-07-25T11:14:27.774Z"}
{"bufferBytes":23340,"level":"info","message":"ESC/POS transport: buffer sent successfully","printerName":"\\\\localhost\\XP80","timestamp":"2026-07-25T11:14:28.034Z"}
{"level":"info","message":"Print job for order 0e60c69a-3989-4d5b-bdb5-ec8d22dd0637 completed and marked as printed.","timestamp":"2026-07-25T11:14:28.035Z"}
{"level":"info","message":"Skipping cloud mini-batch for shift 9ffd0139-5667-429a-9808-b0ade9e3c9d8; below threshold.","timestamp":"2026-07-25T11:14:28.037Z"}
{"level":"info","message":"Telegram message sent successfully.","timestamp":"2026-07-25T11:14:29.006Z"}
{"level":"info","message":"Successfully sent and marked Telegram notification for order 0e60c69a-3989-4d5b-bdb5-ec8d22dd0637","timestamp":"2026-07-25T11:14:29.007Z"}
{"level":"info","message":"Starting print job for order ID: 1198407f-5f1c-46ba-b228-2b15995b16e1.","status":"completed","timestamp":"2026-07-25T12:21:04.173Z"}
{"copies":[{"count":1,"variant":"INTERNAL"}],"engine":"canvas","level":"info","message":"Printing 1 variants for order 1198407f-5f1c-46ba-b228-2b15995b16e1","timestamp":"2026-07-25T12:21:04.174Z"}
{"level":"info","message":"[canvas] Rendering ESC/POS buffer for variant INTERNAL, order 1198407f-5f1c-46ba-b228-2b15995b16e1.","timestamp":"2026-07-25T12:21:04.174Z"}
{"level":"info","message":"[canvas] Sending copy 1/1 of variant INTERNAL for order 1198407f-5f1c-46ba-b228-2b15995b16e1.","timestamp":"2026-07-25T12:21:04.194Z"}
{"bufferBytes":23340,"level":"info","message":"ESC/POS transport: preparing to send buffer to printer","printerName":"\\\\localhost\\XP80","timestamp":"2026-07-25T12:21:04.194Z"}
{"bufferBytes":23340,"level":"info","message":"ESC/POS transport: buffer sent successfully","printerName":"\\\\localhost\\XP80","timestamp":"2026-07-25T12:21:04.488Z"}
{"level":"info","message":"Print job for order 1198407f-5f1c-46ba-b228-2b15995b16e1 completed and marked as printed.","timestamp":"2026-07-25T12:21:04.488Z"}
{"level":"info","message":"Telegram message sent successfully.","timestamp":"2026-07-25T12:21:05.475Z"}
{"level":"info","message":"Successfully sent and marked Telegram notification for order 1198407f-5f1c-46ba-b228-2b15995b16e1","timestamp":"2026-07-25T12:21:05.476Z"}
{"level":"info","message":"Skipping cloud mini-batch for shift 9ffd0139-5667-429a-9808-b0ade9e3c9d8; below threshold.","timestamp":"2026-07-25T12:21:05.478Z"}
{"level":"info","message":"Starting print job for order ID: 643bfb1e-4bb4-4163-b870-c6cfebe28098.","status":"completed","timestamp":"2026-07-25T12:27:58.918Z"}
{"copies":[{"count":1,"variant":"INTERNAL"}],"engine":"canvas","level":"info","message":"Printing 1 variants for order 643bfb1e-4bb4-4163-b870-c6cfebe28098","timestamp":"2026-07-25T12:27:58.918Z"}
{"level":"info","message":"[canvas] Rendering ESC/POS buffer for variant INTERNAL, order 643bfb1e-4bb4-4163-b870-c6cfebe28098.","timestamp":"2026-07-25T12:27:58.919Z"}
{"level":"info","message":"[canvas] Sending copy 1/1 of variant INTERNAL for order 643bfb1e-4bb4-4163-b870-c6cfebe28098.","timestamp":"2026-07-25T12:27:58.938Z"}
{"bufferBytes":23340,"level":"info","message":"ESC/POS transport: preparing to send buffer to printer","printerName":"\\\\localhost\\XP80","timestamp":"2026-07-25T12:27:58.939Z"}
{"bufferBytes":23340,"level":"info","message":"ESC/POS transport: buffer sent successfully","printerName":"\\\\localhost\\XP80","timestamp":"2026-07-25T12:27:59.207Z"}
{"level":"info","message":"Print job for order 643bfb1e-4bb4-4163-b870-c6cfebe28098 completed and marked as printed.","timestamp":"2026-07-25T12:27:59.208Z"}
{"level":"info","message":"Telegram message sent successfully.","timestamp":"2026-07-25T12:28:00.356Z"}
{"level":"info","message":"Successfully sent and marked Telegram notification for order 643bfb1e-4bb4-4163-b870-c6cfebe28098","timestamp":"2026-07-25T12:28:00.357Z"}
{"level":"info","message":"Skipping cloud mini-batch for shift 9ffd0139-5667-429a-9808-b0ade9e3c9d8; below threshold.","timestamp":"2026-07-25T12:28:00.358Z"}
{"level":"info","message":"Starting print job for order ID: c07400a7-b924-47a0-968f-b91bfab06118.","status":"completed","timestamp":"2026-07-25T12:32:36.129Z"}
{"copies":[{"count":1,"variant":"INTERNAL"}],"engine":"canvas","level":"info","message":"Printing 1 variants for order c07400a7-b924-47a0-968f-b91bfab06118","timestamp":"2026-07-25T12:32:36.130Z"}
{"level":"info","message":"[canvas] Rendering ESC/POS buffer for variant INTERNAL, order c07400a7-b924-47a0-968f-b91bfab06118.","timestamp":"2026-07-25T12:32:36.130Z"}
{"level":"info","message":"[canvas] Sending copy 1/1 of variant INTERNAL for order c07400a7-b924-47a0-968f-b91bfab06118.","timestamp":"2026-07-25T12:32:36.151Z"}
{"bufferBytes":23340,"level":"info","message":"ESC/POS transport: preparing to send buffer to printer","printerName":"\\\\localhost\\XP80","timestamp":"2026-07-25T12:32:36.153Z"}
{"bufferBytes":23340,"level":"info","message":"ESC/POS transport: buffer sent successfully","printerName":"\\\\localhost\\XP80","timestamp":"2026-07-25T12:32:36.433Z"}
{"level":"info","message":"Print job for order c07400a7-b924-47a0-968f-b91bfab06118 completed and marked as printed.","timestamp":"2026-07-25T12:32:36.435Z"}
{"level":"info","message":"Telegram message sent successfully.","timestamp":"2026-07-25T12:32:37.457Z"}
{"level":"info","message":"Successfully sent and marked Telegram notification for order c07400a7-b924-47a0-968f-b91bfab06118","timestamp":"2026-07-25T12:32:37.458Z"}
{"level":"info","message":"Skipping cloud mini-batch for shift 9ffd0139-5667-429a-9808-b0ade9e3c9d8; below threshold.","timestamp":"2026-07-25T12:32:37.460Z"}
{"level":"info","message":"Starting print job for order ID: 735b1042-0e5a-4b6e-8565-f9a83f68fc0f.","status":"completed","timestamp":"2026-07-25T12:32:47.195Z"}
{"copies":[{"count":1,"variant":"INTERNAL"}],"engine":"canvas","level":"info","message":"Printing 1 variants for order 735b1042-0e5a-4b6e-8565-f9a83f68fc0f","timestamp":"2026-07-25T12:32:47.195Z"}
{"level":"info","message":"[canvas] Rendering ESC/POS buffer for variant INTERNAL, order 735b1042-0e5a-4b6e-8565-f9a83f68fc0f.","timestamp":"2026-07-25T12:32:47.195Z"}
{"level":"info","message":"[canvas] Sending copy 1/1 of variant INTERNAL for order 735b1042-0e5a-4b6e-8565-f9a83f68fc0f.","timestamp":"2026-07-25T12:32:47.214Z"}
{"bufferBytes":27660,"level":"info","message":"ESC/POS transport: preparing to send buffer to printer","printerName":"\\\\localhost\\XP80","timestamp":"2026-07-25T12:32:47.215Z"}
{"bufferBytes":27660,"level":"info","message":"ESC/POS transport: buffer sent successfully","printerName":"\\\\localhost\\XP80","timestamp":"2026-07-25T12:32:47.483Z"}
{"level":"info","message":"Print job for order 735b1042-0e5a-4b6e-8565-f9a83f68fc0f completed and marked as printed.","timestamp":"2026-07-25T12:32:47.483Z"}
{"level":"info","message":"Telegram message sent successfully.","timestamp":"2026-07-25T12:32:48.410Z"}
{"level":"info","message":"Successfully sent and marked Telegram notification for order 735b1042-0e5a-4b6e-8565-f9a83f68fc0f","timestamp":"2026-07-25T12:32:48.411Z"}
{"level":"info","message":"Skipping cloud mini-batch for shift 9ffd0139-5667-429a-9808-b0ade9e3c9d8; below threshold.","timestamp":"2026-07-25T12:32:48.412Z"}
{"baseUrl":"https://speypos-cloud-api.ryong.net","businessDate":"2026-07-25","level":"info","message":"Cloud sync starting.","orderCount":18,"shiftId":"9ffd0139-5667-429a-9808-b0ade9e3c9d8","storeId":"1","timestamp":"2026-07-25T12:33:10.373Z"}
{"error":"Validation failed","errorAddress":null,"errorCause":null,"errorCode":"invalid_event_batch","errorErrno":null,"errorName":"Error","errorPort":null,"errorRequestId":"1b53d7bd-84ac-4fc8-85a4-a9800b90176a","errorStack":"Error: Validation failed\n    at postJson (file:///C:/Users/POS/speypos-system/speypos-local/src/services/cloudIngest.service.js:119:25)\n    at process.processTicksAndRejections (node:internal/process/task_queues:95:5)\n    at async uploadOrdersBatch (file:///C:/Users/POS/speypos-system/speypos-local/src/services/cloudIngest.service.js:170:60)\n    at async dispatchCloudFlush (file:///C:/Users/POS/speypos-system/speypos-local/src/services/outbox.dispatchers.js:104:20)\n    at async processBatch (file:///C:/Users/POS/speypos-system/speypos-local/src/services/outbox.worker.js:38:7)\n    at async tick (file:///C:/Users/POS/speypos-system/speypos-local/src/services/outbox.worker.js:73:5)","errorStatus":422,"errorSyscall":null,"errorType":null,"level":"error","message":"Cloud sync failed.","timestamp":"2026-07-25T12:33:10.621Z"}
{"attempts":1,"error":"upload_failed","errorAddress":null,"errorCause":null,"errorCode":null,"errorErrno":null,"errorName":"Error","errorPort":null,"errorRequestId":null,"errorStack":"Error: upload_failed\n    at dispatchCloudFlush (file:///C:/Users/POS/speypos-system/speypos-local/src/services/outbox.dispatchers.js:107:13)\n    at process.processTicksAndRejections (node:internal/process/task_queues:95:5)\n    at async processBatch (file:///C:/Users/POS/speypos-system/speypos-local/src/services/outbox.worker.js:38:7)\n    at async tick (file:///C:/Users/POS/speypos-system/speypos-local/src/services/outbox.worker.js:73:5)","errorStatus":null,"errorSyscall":null,"errorType":null,"eventId":"53f6a635-89a1-4531-b820-a946d2b7ba39","eventType":"cloud.flush","level":"warn","message":"Outbox event dispatch failed","timestamp":"2026-07-25T12:33:10.624Z"}
{"level":"info","message":"Fetching day close review data for date: 2026-07-25","timestamp":"2026-07-25T12:33:10.780Z"}
{"level":"info","message":"Day close report process started for date: 2026-07-25","timestamp":"2026-07-25T12:33:11.488Z"}
{"date":"2026-07-25","level":"info","message":"Day close report generated successfully.","timestamp":"2026-07-25T12:33:11.497Z","totalRevenue":470500}
{"level":"info","message":"Attempting to send day close report to Telegram...","timestamp":"2026-07-25T12:33:11.497Z"}
{"level":"info","message":"Telegram message sent successfully.","timestamp":"2026-07-25T12:33:11.539Z"}
{"level":"info","message":"Successfully sent and marked Telegram notification for shift 9ffd0139-5667-429a-9808-b0ade9e3c9d8","timestamp":"2026-07-25T12:33:11.541Z"}
{"baseUrl":"https://speypos-cloud-api.ryong.net","businessDate":"2026-07-25","level":"info","message":"Cloud sync starting.","orderCount":18,"shiftId":"9ffd0139-5667-429a-9808-b0ade9e3c9d8","storeId":"1","timestamp":"2026-07-25T12:33:12.390Z"}
{"level":"info","message":"Telegram message sent successfully.","timestamp":"2026-07-25T12:33:12.392Z"}
{"level":"info","message":"Telegram day close report sent successfully or was skipped due to settings.","timestamp":"2026-07-25T12:33:12.393Z"}
{"error":"Validation failed","errorAddress":null,"errorCause":null,"errorCode":"invalid_event_batch","errorErrno":null,"errorName":"Error","errorPort":null,"errorRequestId":"b363e703-8210-4a52-925e-19e9f619464f","errorStack":"Error: Validation failed\n    at postJson (file:///C:/Users/POS/speypos-system/speypos-local/src/services/cloudIngest.service.js:119:25)\n    at process.processTicksAndRejections (node:internal/process/task_queues:95:5)\n    at async uploadOrdersBatch (file:///C:/Users/POS/speypos-system/speypos-local/src/services/cloudIngest.service.js:170:60)\n    at async dispatchCloudFlush (file:///C:/Users/POS/speypos-system/speypos-local/src/services/outbox.dispatchers.js:104:20)\n    at async processBatch (file:///C:/Users/POS/speypos-system/speypos-local/src/services/outbox.worker.js:38:7)\n    at async tick (file:///C:/Users/POS/speypos-system/speypos-local/src/services/outbox.worker.js:73:5)","errorStatus":422,"errorSyscall":null,"errorType":null,"level":"error","message":"Cloud sync failed.","timestamp":"2026-07-25T12:33:12.456Z"}
{"attempts":2,"error":"upload_failed","errorAddress":null,"errorCause":null,"errorCode":null,"errorErrno":null,"errorName":"Error","errorPort":null,"errorRequestId":null,"errorStack":"Error: upload_failed\n    at dispatchCloudFlush (file:///C:/Users/POS/speypos-system/speypos-local/src/services/outbox.dispatchers.js:107:13)\n    at process.processTicksAndRejections (node:internal/process/task_queues:95:5)\n    at async processBatch (file:///C:/Users/POS/speypos-system/speypos-local/src/services/outbox.worker.js:38:7)\n    at async tick (file:///C:/Users/POS/speypos-system/speypos-local/src/services/outbox.worker.js:73:5)","errorStatus":null,"errorSyscall":null,"errorType":null,"eventId":"53f6a635-89a1-4531-b820-a946d2b7ba39","eventType":"cloud.flush","level":"warn","message":"Outbox event dispatch failed","timestamp":"2026-07-25T12:33:12.458Z"}
{"level":"info","message":"Fetching day close review data for date: 2026-07-25","timestamp":"2026-07-25T12:33:13.248Z"}
{"level":"info","message":"Day close report process started for date: 2026-07-25","timestamp":"2026-07-25T12:33:13.950Z"}
{"date":"2026-07-25","level":"info","message":"Day close report generated successfully.","timestamp":"2026-07-25T12:33:13.959Z","totalRevenue":470500}
{"level":"info","message":"Attempting to send day close report to Telegram...","timestamp":"2026-07-25T12:33:13.959Z"}
{"level":"info","message":"Telegram message sent successfully.","timestamp":"2026-07-25T12:33:14.469Z"}
{"level":"info","message":"Telegram day close report sent successfully or was skipped due to settings.","timestamp":"2026-07-25T12:33:14.470Z"}
{"baseUrl":"https://speypos-cloud-api.ryong.net","businessDate":"2026-07-25","level":"info","message":"Cloud sync starting.","orderCount":18,"shiftId":"9ffd0139-5667-429a-9808-b0ade9e3c9d8","storeId":"1","timestamp":"2026-07-25T12:33:15.406Z"}
{"error":"Validation failed","errorAddress":null,"errorCause":null,"errorCode":"invalid_event_batch","errorErrno":null,"errorName":"Error","errorPort":null,"errorRequestId":"5deb8bc7-19e3-40da-9f97-0a0edbc3b46d","errorStack":"Error: Validation failed\n    at postJson (file:///C:/Users/POS/speypos-system/speypos-local/src/services/cloudIngest.service.js:119:25)\n    at process.processTicksAndRejections (node:internal/process/task_queues:95:5)\n    at async uploadOrdersBatch (file:///C:/Users/POS/speypos-system/speypos-local/src/services/cloudIngest.service.js:170:60)\n    at async dispatchCloudFlush (file:///C:/Users/POS/speypos-system/speypos-local/src/services/outbox.dispatchers.js:104:20)\n    at async processBatch (file:///C:/Users/POS/speypos-system/speypos-local/src/services/outbox.worker.js:38:7)\n    at async tick (file:///C:/Users/POS/speypos-system/speypos-local/src/services/outbox.worker.js:73:5)","errorStatus":422,"errorSyscall":null,"errorType":null,"level":"error","message":"Cloud sync failed.","timestamp":"2026-07-25T12:33:15.463Z"}
{"attempts":3,"error":"upload_failed","errorAddress":null,"errorCause":null,"errorCode":null,"errorErrno":null,"errorName":"Error","errorPort":null,"errorRequestId":null,"errorStack":"Error: upload_failed\n    at dispatchCloudFlush (file:///C:/Users/POS/speypos-system/speypos-local/src/services/outbox.dispatchers.js:107:13)\n    at process.processTicksAndRejections (node:internal/process/task_queues:95:5)\n    at async processBatch (file:///C:/Users/POS/speypos-system/speypos-local/src/services/outbox.worker.js:38:7)\n    at async tick (file:///C:/Users/POS/speypos-system/speypos-local/src/services/outbox.worker.js:73:5)","errorStatus":null,"errorSyscall":null,"errorType":null,"eventId":"53f6a635-89a1-4531-b820-a946d2b7ba39","eventType":"cloud.flush","level":"warn","message":"Outbox event dispatch failed","timestamp":"2026-07-25T12:33:15.464Z"}
